id,suhu,kelembapan,cahaya,hujan,created_at,servo_jemuran,servo_pintu,led,status_jemuran,status_pintu
1,26.1,70.9,1012,0,"2025-11-12 07:12:40",0,0,0,TERTUTUP,TERTUTUP
2,26,71,1248,0,"2025-11-12 07:12:57",0,0,0,TERTUTUP,TERTUTUP
3,26,71.3,1454,0,"2025-11-12 07:13:05",0,0,0,TERTUTUP,TERTUTUP
4,26,71,844,0,"2025-11-12 07:13:10",0,0,0,TERTUTUP,TERTUTUP
5,26,70.9,855,0,"2025-11-12 07:13:20",0,0,0,TERTUTUP,TERTUTUP
6,26,70.8,1129,0,"2025-11-12 07:13:31",0,0,0,TERTUTUP,TERTUTUP
7,26,70.5,847,0,"2025-11-12 07:13:37",0,0,0,TERTUTUP,TERTUTUP
8,26,70.5,870,0,"2025-11-12 07:13:42",0,0,0,TERTUTUP,TERTUTUP
9,26,70.5,859,0,"2025-11-12 07:13:49",0,0,0,TERTUTUP,TERTUTUP
10,26,70.5,1880,0,"2025-11-12 07:13:54",0,0,0,TERTUTUP,TERTUTUP
11,26,70.6,992,0,"2025-11-12 07:13:58",0,0,0,TERTUTUP,TERTUTUP
12,26,70.5,963,0,"2025-11-12 07:14:12",0,0,0,TERTUTUP,TERTUTUP
13,26,70.6,989,0,"2025-11-12 07:14:24",0,0,0,TERTUTUP,TERTUTUP
14,26,70.5,911,0,"2025-11-12 07:14:29",0,0,0,TERTUTUP,TERTUTUP
15,26,70.5,933,0,"2025-11-12 07:14:34",0,0,0,TERTUTUP,TERTUTUP
16,26,70.6,923,0,"2025-11-12 07:14:39",0,0,0,TERTUTUP,TERTUTUP
17,26,70.4,937,0,"2025-11-12 07:14:45",0,0,0,TERTUTUP,TERTUTUP
18,26,70.4,925,0,"2025-11-12 07:14:49",0,0,0,TERTUTUP,TERTUTUP
19,26,70.4,933,0,"2025-11-12 07:14:53",0,0,0,TERTUTUP,TERTUTUP
20,26,70.3,932,0,"2025-11-12 07:14:57",0,0,0,TERTUTUP,TERTUTUP
21,26,70.2,896,0,"2025-11-12 07:15:02",0,0,0,TERTUTUP,TERTUTUP
22,26,71.3,904,0,"2025-11-12 07:15:13",0,0,0,TERTUTUP,TERTUTUP
23,26,70.7,912,0,"2025-11-12 07:15:16",0,0,0,TERTUTUP,TERTUTUP
24,26,70.4,920,0,"2025-11-12 07:15:23",0,0,0,TERTUTUP,TERTUTUP
25,26,70.2,893,0,"2025-11-12 07:15:28",0,0,0,TERTUTUP,TERTUTUP
26,26,70.8,1006,0,"2025-11-12 07:15:41",0,0,0,TERTUTUP,TERTUTUP
27,26,70.5,865,0,"2025-11-12 07:15:53",0,0,0,TERTUTUP,TERTUTUP
28,26,70.9,945,0,"2025-11-12 07:15:56",0,0,0,TERTUTUP,TERTUTUP
29,26,70.8,928,0,"2025-11-12 07:16:02",0,0,0,TERTUTUP,TERTUTUP
30,26,70.5,917,0,"2025-11-12 07:16:06",0,0,0,TERTUTUP,TERTUTUP
31,26,70.3,944,0,"2025-11-12 07:16:10",0,0,0,TERTUTUP,TERTUTUP
32,26,70.3,926,0,"2025-11-12 07:16:14",0,0,0,TERTUTUP,TERTUTUP
33,26.1,70.3,885,0,"2025-11-12 07:16:19",0,0,0,TERTUTUP,TERTUTUP
34,26.1,70.2,899,0,"2025-11-12 07:16:30",0,0,0,TERTUTUP,TERTUTUP
35,26.1,70.1,887,0,"2025-11-12 07:16:33",0,0,0,TERTUTUP,TERTUTUP
36,26.1,70,915,0,"2025-11-12 07:16:38",0,0,0,TERTUTUP,TERTUTUP
37,26.1,73,942,0,"2025-11-12 07:16:42",0,0,0,TERTUTUP,TERTUTUP
38,26.1,71.3,840,0,"2025-11-12 07:16:46",0,0,0,TERTUTUP,TERTUTUP
39,26.1,71,805,0,"2025-11-12 07:16:50",0,0,0,TERTUTUP,TERTUTUP
40,26.1,71.4,997,0,"2025-11-12 07:16:54",0,0,0,TERTUTUP,TERTUTUP
41,26.1,70.7,886,0,"2025-11-12 07:17:07",0,0,0,TERTUTUP,TERTUTUP
42,26.1,70.2,978,0,"2025-11-12 07:17:12",0,0,0,TERTUTUP,TERTUTUP
43,26.1,70.1,961,0,"2025-11-12 07:17:15",0,0,0,TERTUTUP,TERTUTUP
44,26.1,70.1,980,0,"2025-11-12 07:17:23",0,0,0,TERTUTUP,TERTUTUP
45,26.1,70,972,0,"2025-11-12 07:17:27",0,0,0,TERTUTUP,TERTUTUP
46,26.1,70,969,0,"2025-11-12 07:17:31",0,0,0,TERTUTUP,TERTUTUP
47,26.1,70,971,0,"2025-11-12 07:17:36",0,0,0,TERTUTUP,TERTUTUP
48,26.1,70,934,0,"2025-11-12 07:17:40",0,0,0,TERTUTUP,TERTUTUP
49,26.1,70,910,0,"2025-11-12 07:17:48",0,0,0,TERTUTUP,TERTUTUP
50,26.1,69.9,916,0,"2025-11-12 07:17:53",0,0,0,TERTUTUP,TERTUTUP
51,26.1,69.9,780,0,"2025-11-12 07:18:15",0,0,0,TERTUTUP,TERTUTUP
52,26.1,69.8,799,0,"2025-11-12 07:18:19",0,0,0,TERTUTUP,TERTUTUP
53,26.1,69.9,888,0,"2025-11-12 07:18:27",0,0,0,TERTUTUP,TERTUTUP
54,26.1,69.9,883,0,"2025-11-12 07:18:35",0,0,0,TERTUTUP,TERTUTUP
55,26.1,69.8,890,0,"2025-11-12 07:18:42",0,0,0,TERTUTUP,TERTUTUP
56,26.1,69.7,887,0,"2025-11-12 07:18:47",0,0,0,TERTUTUP,TERTUTUP
57,26.1,69.8,884,0,"2025-11-12 07:18:55",0,0,0,TERTUTUP,TERTUTUP
58,26.8,77.1,975,4095,"2025-11-21 11:01:23",0,0,0,TERBUKA,TERTUTUP
59,26.8,77,984,4095,"2025-11-21 11:01:27",0,0,0,TERBUKA,TERTUTUP
60,26.8,77.3,978,4095,"2025-11-21 11:01:31",0,0,0,TERBUKA,TERTUTUP
61,26.9,77.2,974,4095,"2025-11-21 11:01:35",0,0,0,TERBUKA,TERTUTUP
62,26.9,77.5,972,4095,"2025-11-21 11:01:39",0,0,0,TERBUKA,TERTUTUP
63,26.9,77.1,964,4095,"2025-11-21 11:01:46",0,0,0,TERBUKA,TERTUTUP
64,26.9,76.7,996,4095,"2025-11-21 11:01:50",0,0,0,TERBUKA,TERTUTUP
65,26.9,76.7,977,4095,"2025-11-21 11:01:52",0,90,0,TERBUKA,TERBUKA
66,26.9,76.3,990,4095,"2025-11-21 11:01:54",0,90,0,TERBUKA,TERBUKA
67,26.9,76.7,987,4095,"2025-11-21 11:01:58",0,0,0,TERBUKA,TERTUTUP
68,26.9,76.7,970,4095,"2025-11-21 11:02:02",0,0,0,TERBUKA,TERTUTUP
69,26.9,76.5,992,4095,"2025-11-21 11:02:06",0,0,0,TERBUKA,TERTUTUP
70,26.9,76.6,1003,4095,"2025-11-21 11:02:10",0,0,0,TERBUKA,TERTUTUP
71,26.9,76.7,979,2427,"2025-11-21 11:02:16",0,0,0,TERBUKA,TERTUTUP
72,26.9,80.7,1002,3292,"2025-11-21 11:02:23",0,0,0,TERBUKA,TERTUTUP
73,26.9,77.5,993,3387,"2025-11-21 11:02:27",0,0,0,TERBUKA,TERTUTUP
74,26.9,77.1,984,2065,"2025-11-21 11:02:31",0,0,0,TERBUKA,TERTUTUP
75,26.9,76.7,982,2081,"2025-11-21 11:02:38",0,0,0,TERBUKA,TERTUTUP
76,26.9,77.8,942,970,"2025-11-21 11:03:08",180,0,0,TERTUTUP,TERTUTUP
77,27,77.3,941,1067,"2025-11-21 11:03:12",180,0,0,TERTUTUP,TERTUTUP
78,27,77.1,959,1098,"2025-11-21 11:03:17",180,0,0,TERTUTUP,TERTUTUP
79,27,76.7,941,1122,"2025-11-21 11:03:21",180,0,0,TERTUTUP,TERTUTUP
80,27,76.9,972,1145,"2025-11-21 11:03:26",180,0,0,TERTUTUP,TERTUTUP
81,27,76.9,919,1179,"2025-11-21 11:03:29",180,90,0,TERTUTUP,TERBUKA
82,27,76.4,952,1182,"2025-11-21 11:03:30",180,90,0,TERTUTUP,TERBUKA
83,27,76.7,949,1247,"2025-11-21 11:03:33",180,0,0,TERTUTUP,TERTUTUP
84,27,76.6,955,1203,"2025-11-21 11:03:40",180,0,0,TERTUTUP,TERTUTUP
85,27,76.4,939,1197,"2025-11-21 11:03:44",180,0,0,TERTUTUP,TERTUTUP
86,27,76.4,944,1166,"2025-11-21 11:03:48",180,0,0,TERTUTUP,TERTUTUP
87,27,76.4,941,1138,"2025-11-21 11:04:00",180,0,0,TERTUTUP,TERTUTUP
88,27,76.5,921,1227,"2025-11-21 11:04:04",180,0,0,TERTUTUP,TERTUTUP
89,27,76.5,929,1317,"2025-11-21 11:04:08",180,0,0,TERTUTUP,TERTUTUP
90,27,76.4,934,1311,"2025-11-21 11:04:12",180,0,0,TERTUTUP,TERTUTUP
91,27,76.4,938,1362,"2025-11-21 11:04:16",180,0,0,TERTUTUP,TERTUTUP
92,27,76.5,943,1315,"2025-11-21 11:04:20",180,0,0,TERTUTUP,TERTUTUP
93,27,76.6,930,1360,"2025-11-21 11:04:25",180,0,0,TERTUTUP,TERTUTUP
94,26.9,76.6,919,1328,"2025-11-21 11:04:29",180,0,0,TERTUTUP,TERTUTUP
95,27,76.7,929,1348,"2025-11-21 11:04:33",180,0,0,TERTUTUP,TERTUTUP
96,27,76.6,923,1369,"2025-11-21 11:04:36",180,0,0,TERTUTUP,TERTUTUP
97,27,76.8,923,1347,"2025-11-21 11:04:41",180,0,0,TERTUTUP,TERTUTUP
98,27,76.5,915,1376,"2025-11-21 11:04:45",180,0,0,TERTUTUP,TERTUTUP
99,27,76.7,927,1411,"2025-11-21 11:04:48",180,0,0,TERTUTUP,TERTUTUP
100,27,76.6,912,1398,"2025-11-21 11:04:52",180,0,0,TERTUTUP,TERTUTUP
101,27,76.4,897,1362,"2025-11-21 11:04:56",180,0,0,TERTUTUP,TERTUTUP
102,27,76.2,887,1425,"2025-11-21 11:05:00",180,0,0,TERTUTUP,TERTUTUP
103,27,76.3,900,1456,"2025-11-21 11:05:04",180,0,0,TERTUTUP,TERTUTUP
104,27,76.5,873,1392,"2025-11-21 11:05:08",180,0,0,TERTUTUP,TERTUTUP
105,27,76.5,873,1419,"2025-11-21 11:05:11",180,0,0,TERTUTUP,TERTUTUP
106,27,76.4,844,1378,"2025-11-21 11:05:16",180,0,0,TERTUTUP,TERTUTUP
107,27,76.4,842,1414,"2025-11-21 11:05:20",180,0,0,TERTUTUP,TERTUTUP
108,27,76.5,835,1454,"2025-11-21 11:05:25",180,0,0,TERTUTUP,TERTUTUP
109,27,76.1,819,1411,"2025-11-21 11:05:29",180,0,0,TERTUTUP,TERTUTUP
110,27,76.3,800,1407,"2025-11-21 11:05:33",180,0,0,TERTUTUP,TERTUTUP
111,27,76.6,821,1424,"2025-11-21 11:05:37",180,0,0,TERTUTUP,TERTUTUP
112,27,76.5,811,1441,"2025-11-21 11:05:41",180,0,0,TERTUTUP,TERTUTUP
113,27,76.5,811,1408,"2025-11-21 11:05:45",180,0,0,TERTUTUP,TERTUTUP
114,27,76.4,810,1446,"2025-11-21 11:05:50",180,0,0,TERTUTUP,TERTUTUP
115,27,76,830,1434,"2025-11-21 11:05:54",180,0,0,TERTUTUP,TERTUTUP
116,27,76.1,807,1419,"2025-11-21 11:06:03",180,0,0,TERTUTUP,TERTUTUP
117,27,76.3,768,1467,"2025-11-21 11:06:07",180,0,0,TERTUTUP,TERTUTUP
118,27,76.4,778,1465,"2025-11-21 11:06:11",180,0,0,TERTUTUP,TERTUTUP
119,27,76.4,819,1456,"2025-11-21 11:06:16",180,0,0,TERTUTUP,TERTUTUP
120,27,76.4,796,1486,"2025-11-21 11:06:19",180,0,0,TERTUTUP,TERTUTUP
121,27,76.4,801,1492,"2025-11-21 11:06:24",180,0,0,TERTUTUP,TERTUTUP
122,26.9,76.2,777,1447,"2025-11-21 11:06:29",180,0,0,TERTUTUP,TERTUTUP
123,26.9,76.2,789,1469,"2025-11-21 11:06:33",180,0,0,TERTUTUP,TERTUTUP
124,26.9,76.3,784,1506,"2025-11-21 11:06:38",180,0,0,TERTUTUP,TERTUTUP
125,27,76.5,786,1513,"2025-11-21 11:06:43",180,0,0,TERTUTUP,TERTUTUP
126,27,76.4,758,1494,"2025-11-21 11:06:46",180,0,0,TERTUTUP,TERTUTUP
127,26.9,76.4,752,1520,"2025-11-21 11:06:52",180,0,0,TERTUTUP,TERTUTUP
128,27,76.3,754,1535,"2025-11-21 11:07:04",180,0,0,TERTUTUP,TERTUTUP
129,26.9,76.7,768,1557,"2025-11-21 11:07:16",180,0,0,TERTUTUP,TERTUTUP
130,26.9,76.5,762,1535,"2025-11-21 11:07:25",180,0,0,TERTUTUP,TERTUTUP
131,26.9,76.2,746,1563,"2025-11-21 11:07:32",180,0,0,TERTUTUP,TERTUTUP
132,26.9,76.7,758,1573,"2025-11-21 11:07:35",180,0,0,TERTUTUP,TERTUTUP
133,26.9,76.6,763,1584,"2025-11-21 11:07:40",180,0,0,TERTUTUP,TERTUTUP
134,26.9,76.7,741,1597,"2025-11-21 11:07:49",180,0,0,TERTUTUP,TERTUTUP
135,26.9,76.4,804,1829,"2025-11-21 11:09:11",180,0,0,TERTUTUP,TERTUTUP
136,26.9,76.5,2155,1908,"2025-11-21 11:09:16",180,0,1,TERTUTUP,TERTUTUP
137,26.9,76.3,824,1935,"2025-11-21 11:09:21",180,0,0,TERTUTUP,TERTUTUP
138,26.9,76.3,826,1985,"2025-11-21 11:09:27",180,0,0,TERTUTUP,TERTUTUP
139,26.9,76,833,2003,"2025-11-21 11:09:32",0,0,0,TERBUKA,TERTUTUP
140,26.9,76.2,821,2090,"2025-11-21 11:09:37",0,0,0,TERBUKA,TERTUTUP
141,26.9,76.4,843,2026,"2025-11-21 11:09:43",0,0,0,TERBUKA,TERTUTUP
142,26.9,76.1,853,2096,"2025-11-21 11:09:49",0,0,0,TERBUKA,TERTUTUP
143,26.9,76.3,845,1200,"2025-11-21 11:09:53",180,0,0,TERTUTUP,TERTUTUP
144,26.9,76.4,839,1354,"2025-11-21 11:09:59",180,0,0,TERTUTUP,TERTUTUP
145,26.9,76.5,850,1334,"2025-11-21 11:10:05",180,0,0,TERTUTUP,TERTUTUP
146,26.9,76.4,828,905,"2025-11-21 11:10:10",180,0,0,TERTUTUP,TERTUTUP
147,27,76.1,835,1071,"2025-11-21 11:10:16",180,0,0,TERTUTUP,TERTUTUP
148,27,76.4,832,1475,"2025-11-21 11:10:38",180,0,0,TERTUTUP,TERTUTUP
149,27,76.3,817,4095,"2025-11-21 11:10:48",0,0,0,TERBUKA,TERTUTUP
150,27,75.8,822,4095,"2025-11-21 11:10:56",0,0,0,TERBUKA,TERTUTUP
151,27,75.4,812,4095,"2025-11-21 11:11:02",0,0,0,TERBUKA,TERTUTUP
152,27,75.7,2292,4095,"2025-11-21 11:11:07",0,0,1,TERBUKA,TERTUTUP
153,27,75.9,801,4095,"2025-11-21 11:11:12",0,0,0,TERBUKA,TERTUTUP
154,27,75.5,797,4095,"2025-11-21 11:11:17",0,0,0,TERBUKA,TERTUTUP
155,27,75.6,827,4095,"2025-11-21 11:11:20",0,90,0,TERBUKA,TERBUKA
156,27,75.7,846,4095,"2025-11-21 11:11:24",0,90,0,TERBUKA,TERBUKA
157,27,75.9,858,608,"2025-11-21 11:11:29",180,0,0,TERTUTUP,TERTUTUP
158,27,75.7,846,709,"2025-11-21 11:11:37",180,0,0,TERTUTUP,TERTUTUP
159,27,76.1,844,1085,"2025-11-21 11:11:41",180,0,0,TERTUTUP,TERTUTUP
160,27,76.4,848,1191,"2025-11-21 11:11:47",180,0,0,TERTUTUP,TERTUTUP
161,27,76.3,2326,1211,"2025-11-21 11:12:03",180,0,1,TERTUTUP,TERTUTUP
162,27,76.5,2397,1235,"2025-11-21 11:12:08",180,0,1,TERTUTUP,TERTUTUP
163,27,76.3,846,1290,"2025-11-21 11:12:18",180,0,0,TERTUTUP,TERTUTUP
164,27,76.1,855,1297,"2025-11-21 11:12:25",180,0,0,TERTUTUP,TERTUTUP
165,27,76.3,873,1357,"2025-11-21 11:12:30",180,0,0,TERTUTUP,TERTUTUP
166,27,76.3,862,1377,"2025-11-21 11:12:37",180,90,0,TERTUTUP,TERBUKA
167,27,76.3,862,1377,"2025-11-21 11:12:39",180,0,0,TERTUTUP,TERTUTUP
168,27,76,853,1398,"2025-11-21 11:12:49",180,0,0,TERTUTUP,TERTUTUP
169,27,76.3,809,1498,"2025-11-21 11:12:58",180,0,0,TERTUTUP,TERTUTUP
170,27,76.1,850,1453,"2025-11-21 11:13:04",180,0,0,TERTUTUP,TERTUTUP
171,27,76.1,852,1461,"2025-11-21 11:13:15",180,0,0,TERTUTUP,TERTUTUP
172,27,75.4,740,1505,"2025-11-21 11:13:30",180,0,0,TERTUTUP,TERTUTUP
173,27.1,75.1,764,1591,"2025-11-21 11:13:43",180,0,0,TERTUTUP,TERTUTUP
174,27.1,75.6,635,1535,"2025-11-21 11:13:49",180,0,0,TERTUTUP,TERTUTUP
175,27.1,75.6,636,1574,"2025-11-21 11:13:58",180,0,0,TERTUTUP,TERTUTUP
176,27,75.6,627,1680,"2025-11-21 11:14:03",180,0,0,TERTUTUP,TERTUTUP
177,27.1,75.7,601,1723,"2025-11-21 11:14:15",180,0,0,TERTUTUP,TERTUTUP
178,27,75.5,626,1864,"2025-11-21 11:14:24",180,0,0,TERTUTUP,TERTUTUP
179,27,75.5,618,1936,"2025-11-21 11:14:41",180,0,0,TERTUTUP,TERTUTUP
180,27,75.4,620,1899,"2025-11-21 11:14:41",180,0,0,TERTUTUP,TERTUTUP
181,27,76.2,623,2400,"2025-11-21 11:15:05",0,0,0,TERBUKA,TERTUTUP
182,27,76,722,2620,"2025-11-21 11:15:25",0,0,0,TERBUKA,TERTUTUP
183,27,76.4,708,2624,"2025-11-21 11:15:33",0,0,0,TERBUKA,TERTUTUP
184,27,76.4,702,2768,"2025-11-21 11:15:41",0,0,0,TERBUKA,TERTUTUP
185,27,76.7,729,2869,"2025-11-21 11:15:45",0,0,0,TERBUKA,TERTUTUP
186,27,76.4,719,2883,"2025-11-21 11:15:50",0,0,0,TERBUKA,TERTUTUP
187,27,76.3,719,2934,"2025-11-21 11:15:56",0,0,0,TERBUKA,TERTUTUP
188,27.1,76.1,717,3088,"2025-11-21 11:16:05",0,0,0,TERBUKA,TERTUTUP
189,27.1,90.3,702,3117,"2025-11-21 11:16:11",0,0,0,TERBUKA,TERTUTUP
190,27.2,100,719,3248,"2025-11-21 11:16:18",0,0,0,TERBUKA,TERTUTUP
191,27.4,95.9,719,3248,"2025-11-21 11:16:24",0,0,0,TERBUKA,TERTUTUP
192,27.5,83.8,702,3287,"2025-11-21 11:16:29",0,0,0,TERBUKA,TERTUTUP
193,27.5,80,712,3402,"2025-11-21 11:16:34",0,0,0,TERBUKA,TERTUTUP
194,27.6,78.4,2101,3437,"2025-11-21 11:16:40",0,0,1,TERBUKA,TERTUTUP
195,27.6,77.5,674,3550,"2025-11-21 11:16:49",0,0,0,TERBUKA,TERTUTUP
196,27.6,77.3,719,3623,"2025-11-21 11:16:50",0,90,0,TERBUKA,TERBUKA
197,27.7,78,707,3599,"2025-11-21 11:16:56",0,90,0,TERBUKA,TERBUKA
198,27.6,75.9,719,3929,"2025-11-21 11:17:00",0,0,0,TERBUKA,TERTUTUP
199,27.6,76.2,722,3963,"2025-11-21 11:17:04",0,0,0,TERBUKA,TERTUTUP
200,27.6,75.7,715,4047,"2025-11-21 11:17:09",0,0,0,TERBUKA,TERTUTUP
201,27.7,75.9,704,3921,"2025-11-21 11:17:13",0,0,0,TERBUKA,TERTUTUP
202,27.7,76,717,4048,"2025-11-21 11:17:18",0,0,0,TERBUKA,TERTUTUP
203,27.6,75.9,717,4095,"2025-11-21 11:17:25",0,0,0,TERBUKA,TERTUTUP
204,27.6,75.9,725,4095,"2025-11-21 11:17:29",0,0,0,TERBUKA,TERTUTUP
205,27.6,75.5,707,4095,"2025-11-21 11:17:34",0,0,0,TERBUKA,TERTUTUP
206,27.6,75.4,732,4095,"2025-11-21 11:17:42",0,0,0,TERBUKA,TERTUTUP
207,27.6,75.4,727,4095,"2025-11-21 11:17:46",0,0,0,TERBUKA,TERTUTUP
208,27.6,75.4,742,4095,"2025-11-21 11:17:50",0,0,0,TERBUKA,TERTUTUP
209,27.6,75.3,759,4095,"2025-11-21 11:17:55",0,0,0,TERBUKA,TERTUTUP
210,27.6,75.5,764,4095,"2025-11-21 11:18:00",0,0,0,TERBUKA,TERTUTUP
211,27.5,75.1,2082,4095,"2025-11-21 11:18:04",0,0,1,TERBUKA,TERTUTUP
212,27.5,74.8,733,4095,"2025-11-21 11:18:09",0,0,0,TERBUKA,TERTUTUP
213,27.5,75.4,747,4095,"2025-11-21 11:18:17",0,0,0,TERBUKA,TERTUTUP
214,27.5,75.3,762,4095,"2025-11-21 11:18:22",0,0,0,TERBUKA,TERTUTUP
215,27.5,75.5,793,4095,"2025-11-21 11:18:26",0,0,0,TERBUKA,TERTUTUP
216,27.5,75.5,820,4095,"2025-11-21 11:18:31",0,0,0,TERBUKA,TERTUTUP
217,27.4,75.3,801,4095,"2025-11-21 11:18:36",0,0,0,TERBUKA,TERTUTUP
218,27.4,75.1,796,4095,"2025-11-21 11:18:43",0,0,0,TERBUKA,TERTUTUP
219,27.4,75.4,802,4095,"2025-11-21 11:18:48",0,0,0,TERBUKA,TERTUTUP
220,27.2,76.8,851,4095,"2025-11-21 11:20:42",0,0,0,TERBUKA,TERTUTUP
221,27.2,77.1,872,4095,"2025-11-21 11:20:43",0,0,0,TERBUKA,TERTUTUP
222,27.3,77.1,856,4095,"2025-11-21 11:20:48",0,0,0,TERBUKA,TERTUTUP
223,27.3,77.3,872,4095,"2025-11-21 11:20:52",0,0,0,TERBUKA,TERTUTUP
224,27.3,77.4,866,4095,"2025-11-21 11:20:57",0,0,0,TERBUKA,TERTUTUP
225,27.3,77.4,881,4095,"2025-11-21 11:21:04",0,0,0,TERBUKA,TERTUTUP
226,27.3,77.2,875,4095,"2025-11-21 11:21:08",0,0,0,TERBUKA,TERTUTUP
227,27.3,76.8,882,4095,"2025-11-21 11:21:12",0,0,0,TERBUKA,TERTUTUP
228,27.3,76.9,855,4095,"2025-11-21 11:21:20",0,0,0,TERBUKA,TERTUTUP
229,27.3,77.1,784,4095,"2025-11-21 11:21:26",0,0,0,TERBUKA,TERTUTUP
230,27.3,77.1,792,4095,"2025-11-21 11:21:32",0,0,0,TERBUKA,TERTUTUP
231,27.3,76.7,777,4095,"2025-11-21 11:21:37",0,0,0,TERBUKA,TERTUTUP
232,27.3,76.2,768,4095,"2025-11-21 11:21:45",0,0,0,TERBUKA,TERTUTUP
233,27.2,76.1,2192,4095,"2025-11-21 11:21:48",0,0,1,TERBUKA,TERTUTUP
234,27.2,76.3,811,4095,"2025-11-21 11:21:53",0,0,0,TERBUKA,TERTUTUP
235,27.2,76.6,770,4095,"2025-11-21 11:22:02",0,0,0,TERBUKA,TERTUTUP
236,27.2,76.9,780,4095,"2025-11-21 11:22:09",0,0,0,TERBUKA,TERTUTUP
237,27.2,77.7,778,4095,"2025-11-21 11:22:23",0,0,0,TERBUKA,TERTUTUP
238,27.3,77.7,782,4095,"2025-11-21 11:22:29",0,0,0,TERBUKA,TERTUTUP
239,27.3,77.9,789,4095,"2025-11-21 11:22:36",0,0,0,TERBUKA,TERTUTUP
240,27.3,78.1,780,4095,"2025-11-21 11:22:43",0,0,0,TERBUKA,TERTUTUP
241,27.3,78.2,799,4095,"2025-11-21 11:22:48",0,0,0,TERBUKA,TERTUTUP
242,27.3,78,791,4095,"2025-11-21 11:22:53",0,0,0,TERBUKA,TERTUTUP
243,27.3,78.2,791,4095,"2025-11-21 11:22:58",0,0,0,TERBUKA,TERTUTUP
244,27.3,78.3,774,4095,"2025-11-21 11:23:06",0,0,0,TERBUKA,TERTUTUP
245,27.3,78.3,821,4095,"2025-11-21 11:23:12",0,90,0,TERBUKA,TERBUKA
246,27.2,79.1,816,4095,"2025-11-21 11:24:08",0,0,0,TERBUKA,TERTUTUP
247,27.2,79.3,843,4095,"2025-11-21 11:24:12",0,0,0,TERBUKA,TERTUTUP
248,27.2,79,766,4095,"2025-11-21 11:24:16",0,0,0,TERBUKA,TERTUTUP
249,27.2,78.8,841,4095,"2025-11-21 11:24:23",0,0,0,TERBUKA,TERTUTUP
250,27.2,78.6,2210,4095,"2025-11-21 11:24:38",0,0,1,TERBUKA,TERTUTUP
251,27.2,78.8,810,4095,"2025-11-21 11:24:46",0,0,0,TERBUKA,TERTUTUP
252,27.2,79.1,778,4095,"2025-11-21 11:24:54",0,0,0,TERBUKA,TERTUTUP
253,27.2,79.3,816,4095,"2025-11-21 11:25:06",0,0,0,TERBUKA,TERTUTUP
254,27.2,79.5,893,4095,"2025-11-21 11:25:23",0,0,0,TERBUKA,TERTUTUP
255,27.2,80,861,4095,"2025-11-21 11:25:31",0,0,0,TERBUKA,TERTUTUP
256,27.2,80,937,4095,"2025-11-21 11:25:37",0,0,0,TERBUKA,TERTUTUP
257,27.2,80.1,956,4095,"2025-11-21 11:26:01",0,0,0,TERBUKA,TERTUTUP
258,27.2,79.8,936,4095,"2025-11-21 11:26:11",0,0,0,TERBUKA,TERTUTUP
259,27.2,80.3,952,4095,"2025-11-21 11:26:16",0,0,0,TERBUKA,TERTUTUP
260,27.2,80.1,999,4095,"2025-11-21 11:26:22",0,0,0,TERBUKA,TERTUTUP
261,27.3,79.5,2821,4095,"2025-11-21 11:26:27",0,0,1,TERBUKA,TERTUTUP
262,27.3,79.5,894,4095,"2025-11-21 11:26:31",0,0,0,TERBUKA,TERTUTUP
263,27.3,79.3,928,4095,"2025-11-21 11:26:35",0,90,0,TERBUKA,TERBUKA
264,27.3,79.3,928,4095,"2025-11-21 11:26:37",0,90,0,TERBUKA,TERBUKA
265,27.3,79.1,941,4095,"2025-11-21 11:26:46",0,0,0,TERBUKA,TERTUTUP
266,27.3,80,901,4095,"2025-11-21 11:26:51",0,0,0,TERBUKA,TERTUTUP
267,27.3,80.1,924,4095,"2025-11-21 11:26:55",0,0,0,TERBUKA,TERTUTUP
268,27.3,79.9,948,4095,"2025-11-21 11:26:59",0,0,0,TERBUKA,TERTUTUP
269,27.3,80,948,4095,"2025-11-21 11:27:04",0,0,0,TERBUKA,TERTUTUP
270,27.3,79.3,982,4095,"2025-11-21 11:27:08",0,0,0,TERBUKA,TERTUTUP
271,27.4,79.5,937,4095,"2025-11-21 11:27:16",0,0,0,TERBUKA,TERTUTUP
272,27.4,79.5,965,4095,"2025-11-21 11:27:21",0,0,0,TERBUKA,TERTUTUP
273,27.4,79.6,917,4095,"2025-11-21 11:27:25",0,0,0,TERBUKA,TERTUTUP
274,27.4,79.7,928,4095,"2025-11-21 11:27:29",0,0,0,TERBUKA,TERTUTUP
275,27.4,79.8,946,4095,"2025-11-21 11:27:35",0,0,0,TERBUKA,TERTUTUP
276,27.4,79.4,955,4095,"2025-11-21 11:27:39",0,0,0,TERBUKA,TERTUTUP
277,27.4,79.4,941,4095,"2025-11-21 11:27:44",0,0,0,TERBUKA,TERTUTUP
278,27.4,79.5,959,4095,"2025-11-21 11:27:50",0,0,0,TERBUKA,TERTUTUP
279,27.4,79.7,938,4095,"2025-11-21 11:27:59",0,0,0,TERBUKA,TERTUTUP
280,27.4,79.8,962,4095,"2025-11-21 11:28:06",0,0,0,TERBUKA,TERTUTUP
281,27.4,79.6,950,4095,"2025-11-21 11:28:13",0,0,0,TERBUKA,TERTUTUP
282,27.4,79.5,934,4095,"2025-11-21 11:28:22",0,0,0,TERBUKA,TERTUTUP
283,27.4,79.3,971,4095,"2025-11-21 11:28:26",0,0,0,TERBUKA,TERTUTUP
284,27.4,79.4,929,4095,"2025-11-21 11:28:31",0,0,0,TERBUKA,TERTUTUP
285,27.4,79.3,963,4095,"2025-11-21 11:28:35",0,0,0,TERBUKA,TERTUTUP
286,27.4,79.4,913,4095,"2025-11-21 11:28:40",0,0,0,TERBUKA,TERTUTUP
287,27.4,79.3,848,4095,"2025-11-21 11:28:45",0,0,0,TERBUKA,TERTUTUP
288,27.4,79.4,964,4095,"2025-11-21 11:28:50",0,0,0,TERBUKA,TERTUTUP
289,27.4,79.3,932,4095,"2025-11-21 11:28:59",0,0,0,TERBUKA,TERTUTUP
290,27.4,79.1,943,4095,"2025-11-21 11:29:05",0,0,0,TERBUKA,TERTUTUP
291,27.4,78.3,936,4095,"2025-11-21 11:29:09",0,0,0,TERBUKA,TERTUTUP
292,27.4,78.6,915,4095,"2025-11-21 11:29:13",0,0,0,TERBUKA,TERTUTUP
293,27.4,78.7,925,4095,"2025-11-21 11:29:20",0,0,0,TERBUKA,TERTUTUP
294,27.4,78.7,911,4095,"2025-11-21 11:29:24",0,0,0,TERBUKA,TERTUTUP
295,27.4,78.7,918,4095,"2025-11-21 11:29:30",0,0,0,TERBUKA,TERTUTUP
296,27.4,78.6,939,4095,"2025-11-21 11:29:35",0,0,0,TERBUKA,TERTUTUP
297,27.4,78.8,930,4095,"2025-11-21 11:29:39",0,0,0,TERBUKA,TERTUTUP
298,27.3,78.5,920,4095,"2025-11-21 11:29:44",0,0,0,TERBUKA,TERTUTUP
299,27.4,78.9,945,4095,"2025-11-21 11:29:49",0,0,0,TERBUKA,TERTUTUP
300,27.3,79.1,944,4095,"2025-11-21 11:30:58",0,90,0,TERBUKA,TERBUKA
301,27.3,79.1,944,4095,"2025-11-21 11:31:01",0,0,0,TERBUKA,TERTUTUP
302,27.2,79.7,929,4095,"2025-11-21 11:31:02",0,90,0,TERBUKA,TERBUKA
303,27.3,80.1,905,4095,"2025-11-21 11:31:06",0,90,0,TERBUKA,TERBUKA
304,27.3,80.5,2546,4095,"2025-11-21 11:31:12",0,0,1,TERBUKA,TERTUTUP
305,27.3,80,1309,4095,"2025-11-21 11:31:18",0,0,0,TERBUKA,TERTUTUP
306,27.3,79.9,2562,4095,"2025-11-21 11:31:27",0,0,1,TERBUKA,TERTUTUP
307,27.3,79.3,776,4095,"2025-11-21 11:31:32",0,0,0,TERBUKA,TERTUTUP
308,27.3,79.2,785,4095,"2025-11-21 11:31:36",0,0,0,TERBUKA,TERTUTUP
309,27.3,79.6,790,4095,"2025-11-21 11:31:43",0,0,0,TERBUKA,TERTUTUP
310,27.3,79.5,777,4095,"2025-11-21 11:31:48",0,0,0,TERBUKA,TERTUTUP
311,27.3,79.6,804,4095,"2025-11-21 11:31:52",0,0,0,TERBUKA,TERTUTUP
312,27.3,80.1,804,4095,"2025-11-21 11:31:59",0,0,0,TERBUKA,TERTUTUP
313,27.4,80.2,810,4095,"2025-11-21 11:32:03",0,0,0,TERBUKA,TERTUTUP
314,27.4,79.6,805,4095,"2025-11-21 11:32:06",0,0,0,TERBUKA,TERTUTUP
315,27.4,79.3,887,4095,"2025-11-21 11:32:22",0,0,0,TERBUKA,TERTUTUP
316,27.3,79.5,887,4095,"2025-11-21 11:32:30",0,0,0,TERBUKA,TERTUTUP
317,27.4,79.9,901,4095,"2025-11-21 11:32:41",0,0,0,TERBUKA,TERTUTUP
318,27.4,80,881,4095,"2025-11-21 11:32:44",0,0,0,TERBUKA,TERTUTUP
319,27.4,79.6,2643,4095,"2025-11-21 11:33:16",0,0,1,TERBUKA,TERTUTUP
320,27.4,79.2,900,4095,"2025-11-21 11:33:22",0,0,0,TERBUKA,TERTUTUP
321,27.4,79.1,960,4095,"2025-11-21 11:33:24",0,90,0,TERBUKA,TERBUKA
322,27.4,79.1,931,4095,"2025-11-21 11:33:28",0,90,0,TERBUKA,TERBUKA
323,27.6,99.7,896,4095,"2025-11-21 11:33:45",0,0,0,TERBUKA,TERTUTUP
324,27.9,98.5,873,4095,"2025-11-21 11:33:53",0,0,0,TERBUKA,TERTUTUP
325,28.1,84.4,867,4095,"2025-11-21 11:33:58",0,0,0,TERBUKA,TERTUTUP
326,28.2,81.4,875,4095,"2025-11-21 11:34:03",0,0,0,TERBUKA,TERTUTUP
327,28.2,79.9,903,4095,"2025-11-21 11:34:10",0,0,0,TERBUKA,TERTUTUP
328,28.3,79.1,887,4095,"2025-11-21 11:34:15",0,0,0,TERBUKA,TERTUTUP
329,28.3,78.7,869,4095,"2025-11-21 11:34:23",0,0,0,TERBUKA,TERTUTUP
330,28.3,78.3,896,4095,"2025-11-21 11:34:29",0,0,0,TERBUKA,TERTUTUP
331,28.3,78.4,987,4095,"2025-11-21 11:34:36",0,0,0,TERBUKA,TERTUTUP
332,28.2,79,1092,4095,"2025-11-21 11:34:51",0,90,0,TERBUKA,TERBUKA
333,28.2,79,1092,4095,"2025-11-21 11:34:52",0,90,0,TERBUKA,TERBUKA
334,28.2,79.8,1086,4095,"2025-11-21 11:34:59",0,0,0,TERBUKA,TERTUTUP
335,28.2,80.4,2553,4095,"2025-11-21 11:35:04",0,0,1,TERBUKA,TERTUTUP
336,28.2,80.3,1007,4095,"2025-11-21 11:35:10",0,0,0,TERBUKA,TERTUTUP
337,28.2,80,993,4095,"2025-11-21 11:35:15",0,0,0,TERBUKA,TERTUTUP
338,28.2,79,1019,4095,"2025-11-21 11:35:19",0,0,0,TERBUKA,TERTUTUP
339,28.3,78.7,948,4095,"2025-11-21 11:35:22",0,0,0,TERBUKA,TERTUTUP
340,28.1,78.9,940,4095,"2025-11-21 11:35:24",0,0,0,TERBUKA,TERTUTUP
341,28.1,78.9,1039,4095,"2025-11-21 11:35:31",0,0,0,TERBUKA,TERTUTUP
342,28.1,79.2,1035,4095,"2025-11-21 11:35:35",0,0,0,TERBUKA,TERTUTUP
343,28.1,79,1028,4095,"2025-11-21 11:35:45",0,0,0,TERBUKA,TERTUTUP
344,28,79.1,992,4095,"2025-11-21 11:35:53",0,0,0,TERBUKA,TERTUTUP
345,28,79.3,971,4095,"2025-11-21 11:36:01",0,0,0,TERBUKA,TERTUTUP
346,28,79.5,996,4095,"2025-11-21 11:36:06",0,0,0,TERBUKA,TERTUTUP
347,28,78.9,1004,4095,"2025-11-21 11:36:10",0,0,0,TERBUKA,TERTUTUP
348,28,79.1,991,4095,"2025-11-21 11:36:17",0,0,0,TERBUKA,TERTUTUP
349,27.9,78.9,970,4095,"2025-11-21 11:36:22",0,0,0,TERBUKA,TERTUTUP
350,27.9,79.4,949,4095,"2025-11-21 11:36:27",0,0,0,TERBUKA,TERTUTUP
351,28,79.6,962,4095,"2025-11-21 11:36:32",0,0,0,TERBUKA,TERTUTUP
352,27.9,79.6,936,4095,"2025-11-21 11:36:36",0,0,0,TERBUKA,TERTUTUP
353,27.9,79.5,917,4095,"2025-11-21 11:36:40",0,0,0,TERBUKA,TERTUTUP
354,27.9,79.6,908,4095,"2025-11-21 11:36:45",0,0,0,TERBUKA,TERTUTUP
355,27.9,79.3,840,4095,"2025-11-21 11:36:49",0,0,0,TERBUKA,TERTUTUP
356,27.9,79.4,893,4095,"2025-11-21 11:36:57",0,0,0,TERBUKA,TERTUTUP
357,27.8,79.3,942,4095,"2025-11-21 11:37:01",0,0,0,TERBUKA,TERTUTUP
358,27.9,79.3,906,4095,"2025-11-21 11:37:05",0,0,0,TERBUKA,TERTUTUP
359,27.8,79.2,954,4095,"2025-11-21 11:37:11",0,0,0,TERBUKA,TERTUTUP
360,27.8,79.2,887,4095,"2025-11-21 11:37:25",0,0,0,TERBUKA,TERTUTUP
361,27.8,79.2,932,4095,"2025-11-21 11:37:30",0,0,0,TERBUKA,TERTUTUP
362,27.8,79.7,914,4095,"2025-11-21 11:37:34",0,90,0,TERBUKA,TERBUKA
363,27.8,79.7,914,4095,"2025-11-21 11:37:37",0,90,0,TERBUKA,TERBUKA
364,27.8,79.8,959,4095,"2025-11-21 11:37:41",0,0,0,TERBUKA,TERTUTUP
365,27.8,80,915,4095,"2025-11-21 11:37:46",0,0,0,TERBUKA,TERTUTUP
366,27.8,80.1,931,4095,"2025-11-21 11:37:50",0,0,0,TERBUKA,TERTUTUP
367,27.8,80.2,946,4095,"2025-11-21 11:37:53",0,90,0,TERBUKA,TERBUKA
368,27.8,80.2,946,4095,"2025-11-21 11:37:54",0,90,0,TERBUKA,TERBUKA
369,27.8,80.4,911,4095,"2025-11-21 11:37:57",0,90,0,TERBUKA,TERBUKA
370,27.8,80.4,911,4095,"2025-11-21 11:37:58",0,90,0,TERBUKA,TERBUKA
371,27.8,80.4,1064,4095,"2025-11-21 11:38:18",0,0,0,TERBUKA,TERTUTUP
372,28.8,100,3855,4095,"2025-11-22 17:25:24",0,0,1,TERBUKA,TERTUTUP
373,28.9,100,3864,4095,"2025-11-22 17:25:28",0,0,1,TERBUKA,TERTUTUP
374,28.9,100,3868,4095,"2025-11-22 17:25:31",0,0,1,TERBUKA,TERTUTUP
375,28.9,100,3866,4095,"2025-11-22 17:25:34",0,0,1,TERBUKA,TERTUTUP
376,28.9,100,3901,4095,"2025-11-22 17:25:38",0,0,1,TERBUKA,TERTUTUP
377,28.9,100,3880,4095,"2025-11-22 17:25:41",0,0,1,TERBUKA,TERTUTUP
378,28.9,100,3863,4095,"2025-11-22 17:25:44",0,0,1,TERBUKA,TERTUTUP
379,28.9,100,3797,4095,"2025-11-22 17:25:48",0,0,1,TERBUKA,TERTUTUP
380,28.9,100,3852,4095,"2025-11-22 17:25:51",0,0,1,TERBUKA,TERTUTUP
381,28.9,100,3883,4095,"2025-11-22 17:25:54",0,0,1,TERBUKA,TERTUTUP
382,28.9,100,3849,4095,"2025-11-22 17:25:58",0,0,1,TERBUKA,TERTUTUP
383,28.9,100,3941,4095,"2025-11-22 17:26:01",0,0,1,TERBUKA,TERTUTUP
384,28.9,100,3742,4095,"2025-11-22 17:26:05",0,0,1,TERBUKA,TERTUTUP
385,28.9,100,3775,4095,"2025-11-22 17:26:08",0,0,1,TERBUKA,TERTUTUP
386,29,100,3802,4095,"2025-11-22 17:26:11",0,0,1,TERBUKA,TERTUTUP
387,29.2,100,3827,4095,"2025-11-22 17:26:14",0,0,1,TERBUKA,TERTUTUP
388,29.3,100,3849,4095,"2025-11-22 17:26:18",0,0,1,TERBUKA,TERTUTUP
389,29.4,100,3836,4095,"2025-11-22 17:26:21",0,0,1,TERBUKA,TERTUTUP
390,29.5,100,3856,4095,"2025-11-22 17:26:24",0,0,1,TERBUKA,TERTUTUP
391,29.6,100,3863,4095,"2025-11-22 17:26:27",0,0,1,TERBUKA,TERTUTUP
392,29.6,100,3774,4095,"2025-11-22 17:26:31",0,0,1,TERBUKA,TERTUTUP
393,29.7,100,3865,4095,"2025-11-22 17:26:34",0,0,1,TERBUKA,TERTUTUP
394,29.7,100,3814,4095,"2025-11-22 17:26:37",0,0,1,TERBUKA,TERTUTUP
395,29.7,100,3855,4095,"2025-11-22 17:26:41",0,0,1,TERBUKA,TERTUTUP
396,29.7,100,3782,4095,"2025-11-22 17:26:44",0,0,1,TERBUKA,TERTUTUP
397,29.7,100,3809,4095,"2025-11-22 17:26:48",0,0,1,TERBUKA,TERTUTUP
398,29.7,100,3777,4095,"2025-11-22 17:26:52",0,0,1,TERBUKA,TERTUTUP
399,29.7,100,3795,4095,"2025-11-22 17:26:55",0,0,1,TERBUKA,TERTUTUP
400,29.7,100,3791,4095,"2025-11-22 17:26:58",0,0,1,TERBUKA,TERTUTUP
401,29.7,100,3819,4095,"2025-11-22 17:27:02",0,0,1,TERBUKA,TERTUTUP
402,29.6,100,3791,4095,"2025-11-22 17:27:05",0,0,1,TERBUKA,TERTUTUP
403,29.6,100,3795,4095,"2025-11-22 17:27:08",0,0,1,TERBUKA,TERTUTUP
404,29.6,100,3802,4095,"2025-11-22 17:27:12",0,0,1,TERBUKA,TERTUTUP
405,29.6,100,3828,4095,"2025-11-22 17:27:15",0,0,1,TERBUKA,TERTUTUP
406,29.5,100,3774,4095,"2025-11-22 17:27:19",0,0,1,TERBUKA,TERTUTUP
407,29.5,100,3764,4095,"2025-11-22 17:27:22",0,0,1,TERBUKA,TERTUTUP
408,29.5,100,3764,4095,"2025-11-22 17:27:25",0,0,1,TERBUKA,TERTUTUP
409,29.5,100,3822,4095,"2025-11-22 17:27:29",0,0,1,TERBUKA,TERTUTUP
410,29.4,100,3806,4095,"2025-11-22 17:27:32",0,0,1,TERBUKA,TERTUTUP
411,29.4,100,3797,4095,"2025-11-22 17:27:35",0,0,1,TERBUKA,TERTUTUP
412,29.4,100,3796,4095,"2025-11-22 17:27:38",0,0,1,TERBUKA,TERTUTUP
413,29.4,100,3796,4095,"2025-11-22 17:27:42",0,0,1,TERBUKA,TERTUTUP
414,29.4,100,3794,4095,"2025-11-22 17:27:45",0,0,1,TERBUKA,TERTUTUP
415,29.3,100,3815,4095,"2025-11-22 17:27:49",0,0,1,TERBUKA,TERTUTUP
416,29.3,100,3794,4095,"2025-11-22 17:27:52",0,0,1,TERBUKA,TERTUTUP
417,29.3,100,3825,4095,"2025-11-22 17:27:55",0,0,1,TERBUKA,TERTUTUP
418,29.3,100,3814,4095,"2025-11-22 17:27:58",0,0,1,TERBUKA,TERTUTUP
419,29.3,100,3803,4095,"2025-11-22 17:28:02",0,0,1,TERBUKA,TERTUTUP
420,29.3,100,3801,4095,"2025-11-22 17:28:05",0,0,1,TERBUKA,TERTUTUP
421,29.3,100,3742,4095,"2025-11-22 17:28:08",0,0,1,TERBUKA,TERTUTUP
422,29.2,100,3806,4095,"2025-11-22 17:28:12",0,0,1,TERBUKA,TERTUTUP
423,29.2,100,3839,4095,"2025-11-22 17:28:15",0,0,1,TERBUKA,TERTUTUP
424,29.2,100,3805,4095,"2025-11-22 17:28:18",0,0,1,TERBUKA,TERTUTUP
425,29.2,100,3813,4095,"2025-11-22 17:28:21",0,0,1,TERBUKA,TERTUTUP
426,29.2,100,3806,4095,"2025-11-22 17:28:25",0,0,1,TERBUKA,TERTUTUP
427,29.1,100,3823,4095,"2025-11-22 17:28:28",0,0,1,TERBUKA,TERTUTUP
428,29.1,100,3781,4095,"2025-11-22 17:28:31",0,0,1,TERBUKA,TERTUTUP
429,29.1,100,3811,4095,"2025-11-22 17:28:35",0,0,1,TERBUKA,TERTUTUP
430,29.1,100,3820,4095,"2025-11-22 17:28:38",0,0,1,TERBUKA,TERTUTUP
431,29.1,100,3813,4095,"2025-11-22 17:28:41",0,0,1,TERBUKA,TERTUTUP
432,29.1,100,3789,4095,"2025-11-22 17:28:45",0,0,1,TERBUKA,TERTUTUP
433,29.1,100,3830,4095,"2025-11-22 17:28:48",0,0,1,TERBUKA,TERTUTUP
434,29.1,100,3804,4095,"2025-11-22 17:28:51",0,0,1,TERBUKA,TERTUTUP
435,29,100,3809,4095,"2025-11-22 17:28:54",0,0,1,TERBUKA,TERTUTUP
436,29,100,3737,4095,"2025-11-22 17:28:58",0,0,1,TERBUKA,TERTUTUP
437,29,100,3803,4095,"2025-11-22 17:29:01",0,0,1,TERBUKA,TERTUTUP
438,29,100,3808,4095,"2025-11-22 17:29:04",0,0,1,TERBUKA,TERTUTUP
439,29,100,3833,4095,"2025-11-22 17:29:08",0,0,1,TERBUKA,TERTUTUP
440,29,100,3791,4095,"2025-11-22 17:29:11",0,0,1,TERBUKA,TERTUTUP
441,29,100,4089,4095,"2025-11-22 17:29:14",0,0,1,TERBUKA,TERTUTUP
442,29,100,4095,4095,"2025-11-22 17:29:16",0,90,1,TERBUKA,TERBUKA
443,29,100,3844,4095,"2025-11-22 17:29:18",0,90,1,TERBUKA,TERBUKA
444,29,100,3856,4095,"2025-11-22 17:29:21",0,0,1,TERBUKA,TERTUTUP
445,29,100,3815,4095,"2025-11-22 17:29:24",0,0,1,TERBUKA,TERTUTUP
446,29,100,3828,4095,"2025-11-22 17:29:27",0,0,1,TERBUKA,TERTUTUP
447,29,100,3805,4095,"2025-11-22 17:29:31",0,0,1,TERBUKA,TERTUTUP
448,29,100,3822,4095,"2025-11-22 17:29:34",0,0,1,TERBUKA,TERTUTUP
449,29,100,3799,4095,"2025-11-22 17:29:37",0,0,1,TERBUKA,TERTUTUP
450,29,100,3820,4095,"2025-11-22 17:29:41",0,0,1,TERBUKA,TERTUTUP
451,29,100,3812,4095,"2025-11-22 17:29:44",0,0,1,TERBUKA,TERTUTUP
452,29,100,3834,4095,"2025-11-22 17:29:47",0,0,1,TERBUKA,TERTUTUP
453,29,100,3761,4095,"2025-11-22 17:29:50",0,0,1,TERBUKA,TERTUTUP
454,29,100,3786,4095,"2025-11-22 17:29:54",0,0,1,TERBUKA,TERTUTUP
455,29,100,3814,4095,"2025-11-22 17:29:57",0,0,1,TERBUKA,TERTUTUP
456,29,100,3848,4095,"2025-11-22 17:30:00",0,0,1,TERBUKA,TERTUTUP
457,29,100,3529,4095,"2025-11-22 17:30:02",0,90,1,TERBUKA,TERBUKA
458,28.9,100,3578,4095,"2025-11-22 17:30:04",0,90,1,TERBUKA,TERBUKA
459,29,100,3591,4095,"2025-11-22 17:30:07",0,0,1,TERBUKA,TERTUTUP
460,29,100,3581,4095,"2025-11-22 17:30:10",0,0,1,TERBUKA,TERTUTUP
461,29,100,3526,4095,"2025-11-22 17:30:12",0,90,1,TERBUKA,TERBUKA
462,29,100,3521,4095,"2025-11-22 17:30:13",0,90,1,TERBUKA,TERBUKA
463,29,100,3550,4095,"2025-11-22 17:30:17",0,0,1,TERBUKA,TERTUTUP
464,29,100,3554,4095,"2025-11-22 17:30:20",0,0,1,TERBUKA,TERTUTUP
465,29,100,3581,4095,"2025-11-22 17:30:23",0,0,1,TERBUKA,TERTUTUP
466,29,100,3552,4095,"2025-11-22 17:30:26",0,0,1,TERBUKA,TERTUTUP
467,29,100,3554,4095,"2025-11-22 17:30:30",0,0,1,TERBUKA,TERTUTUP
468,29,100,3526,4095,"2025-11-22 17:30:33",0,0,1,TERBUKA,TERTUTUP
469,29,100,3584,4095,"2025-11-22 17:30:36",0,0,1,TERBUKA,TERTUTUP
470,29,100,3534,4095,"2025-11-22 17:30:40",0,0,1,TERBUKA,TERTUTUP
471,29,100,3565,4095,"2025-11-22 17:30:43",0,0,1,TERBUKA,TERTUTUP
472,29,100,3546,4095,"2025-11-22 17:30:46",0,0,1,TERBUKA,TERTUTUP
473,29,100,3567,4095,"2025-11-22 17:30:50",0,0,1,TERBUKA,TERTUTUP
474,29,100,3566,4095,"2025-11-22 17:30:53",0,0,1,TERBUKA,TERTUTUP
475,29,100,3563,4095,"2025-11-22 17:30:56",0,0,1,TERBUKA,TERTUTUP
476,29,100,3574,4095,"2025-11-22 17:31:00",0,0,1,TERBUKA,TERTUTUP
477,29,100,3573,4095,"2025-11-22 17:31:03",0,0,1,TERBUKA,TERTUTUP
478,29,100,3597,4095,"2025-11-22 17:31:06",0,0,1,TERBUKA,TERTUTUP
479,29,100,3570,4095,"2025-11-22 17:31:10",0,0,1,TERBUKA,TERTUTUP
480,29,100,3590,4095,"2025-11-22 17:31:13",0,0,1,TERBUKA,TERTUTUP
481,29,100,3586,4095,"2025-11-22 17:31:16",0,0,1,TERBUKA,TERTUTUP
482,29,100,3585,4095,"2025-11-22 17:31:19",0,0,1,TERBUKA,TERTUTUP
483,29,100,3580,4095,"2025-11-22 17:31:23",0,0,1,TERBUKA,TERTUTUP
484,29,100,3575,4095,"2025-11-22 17:31:26",0,0,1,TERBUKA,TERTUTUP
485,29,100,3572,4095,"2025-11-22 17:31:29",0,0,1,TERBUKA,TERTUTUP
486,29,100,3568,4095,"2025-11-22 17:31:33",0,0,1,TERBUKA,TERTUTUP
487,29,100,3588,4095,"2025-11-22 17:31:36",0,0,1,TERBUKA,TERTUTUP
488,29,100,3586,4095,"2025-11-22 17:31:39",0,0,1,TERBUKA,TERTUTUP
489,29,100,3556,4095,"2025-11-22 17:31:42",0,0,1,TERBUKA,TERTUTUP
490,29,100,3599,4095,"2025-11-22 17:31:46",0,0,1,TERBUKA,TERTUTUP
491,29,100,3529,4095,"2025-11-22 17:31:49",0,0,1,TERBUKA,TERTUTUP
492,29,100,3582,4095,"2025-11-22 17:31:52",0,0,1,TERBUKA,TERTUTUP
493,29,100,3528,4095,"2025-11-22 17:31:56",0,0,1,TERBUKA,TERTUTUP
494,28.9,100,3588,4095,"2025-11-22 17:31:59",0,0,1,TERBUKA,TERTUTUP
495,28.9,100,3547,4095,"2025-11-22 17:32:02",0,0,1,TERBUKA,TERTUTUP
496,28.9,100,3581,4095,"2025-11-22 17:32:05",0,0,1,TERBUKA,TERTUTUP
497,28.9,100,3520,4095,"2025-11-22 17:32:09",0,0,1,TERBUKA,TERTUTUP
498,28.9,100,3576,4095,"2025-11-22 17:32:12",0,0,1,TERBUKA,TERTUTUP
499,29,100,3609,4095,"2025-11-22 17:32:15",0,0,1,TERBUKA,TERTUTUP
500,28.9,100,3597,4095,"2025-11-22 17:32:18",0,0,1,TERBUKA,TERTUTUP
501,28.9,100,3574,4095,"2025-11-22 17:32:22",0,0,1,TERBUKA,TERTUTUP
502,28.9,100,3608,4095,"2025-11-22 17:32:25",0,0,1,TERBUKA,TERTUTUP
503,28.9,100,3572,4095,"2025-11-22 17:32:28",0,0,1,TERBUKA,TERTUTUP
504,28.9,100,3962,4095,"2025-11-22 17:32:31",0,90,1,TERBUKA,TERBUKA
505,28.9,100,3606,4095,"2025-11-22 17:32:32",0,90,1,TERBUKA,TERBUKA
506,29,100,3678,4095,"2025-11-22 17:32:35",0,90,1,TERBUKA,TERBUKA
507,29,100,3678,4095,"2025-11-22 17:32:35",0,90,1,TERBUKA,TERBUKA
508,29,100,3712,4095,"2025-11-22 17:32:38",0,0,1,TERBUKA,TERTUTUP
509,29,100,3776,4095,"2025-11-22 17:32:39",0,90,1,TERBUKA,TERBUKA
510,29,100,3753,4095,"2025-11-22 17:32:41",0,90,1,TERBUKA,TERBUKA
511,29,100,3803,4095,"2025-11-22 17:32:44",0,90,1,TERBUKA,TERBUKA
512,29,100,3781,4095,"2025-11-22 17:32:45",0,90,1,TERBUKA,TERBUKA
513,29,100,3763,4095,"2025-11-22 17:32:48",0,0,1,TERBUKA,TERTUTUP
514,29.1,100,3797,4095,"2025-11-22 17:32:51",0,0,1,TERBUKA,TERTUTUP
515,29.1,100,3756,4095,"2025-11-22 17:32:54",0,0,1,TERBUKA,TERTUTUP
516,29.1,100,4025,4095,"2025-11-22 17:32:58",0,0,1,TERBUKA,TERTUTUP
517,29.2,100,3784,4095,"2025-11-22 17:33:01",0,0,1,TERBUKA,TERTUTUP
518,29.1,100,3764,4095,"2025-11-22 17:33:05",0,0,1,TERBUKA,TERTUTUP
519,29.2,100,3761,4095,"2025-11-22 17:33:09",0,0,1,TERBUKA,TERTUTUP
520,29.2,100,3773,4095,"2025-11-22 17:33:12",0,0,1,TERBUKA,TERTUTUP
521,29.2,100,3770,4095,"2025-11-22 17:33:16",0,0,1,TERBUKA,TERTUTUP
522,29.2,100,3772,4095,"2025-11-22 17:33:19",0,0,1,TERBUKA,TERTUTUP
523,29.2,100,3750,4095,"2025-11-22 17:33:22",0,0,1,TERBUKA,TERTUTUP
524,29.2,100,3706,4095,"2025-11-22 17:33:26",0,0,1,TERBUKA,TERTUTUP
525,29.2,100,3767,4095,"2025-11-22 17:33:29",0,0,1,TERBUKA,TERTUTUP
526,29.1,100,3760,4095,"2025-11-22 17:33:32",0,0,1,TERBUKA,TERTUTUP
527,29.1,100,3762,4095,"2025-11-22 17:33:36",0,0,1,TERBUKA,TERTUTUP
528,29.1,100,3727,4095,"2025-11-22 17:33:39",0,0,1,TERBUKA,TERTUTUP
529,29.1,100,3747,4095,"2025-11-22 17:33:42",0,0,1,TERBUKA,TERTUTUP
530,29.1,100,3765,4095,"2025-11-22 17:33:46",0,0,1,TERBUKA,TERTUTUP
531,29.1,100,3803,4095,"2025-11-22 17:33:49",0,0,1,TERBUKA,TERTUTUP
532,29.1,100,3778,4095,"2025-11-22 17:33:52",0,0,1,TERBUKA,TERTUTUP
533,29.1,100,3721,4095,"2025-11-22 17:33:56",0,0,1,TERBUKA,TERTUTUP
534,29.1,100,3764,4095,"2025-11-22 17:34:00",0,0,1,TERBUKA,TERTUTUP
535,29.1,100,3775,4095,"2025-11-22 17:34:03",0,0,1,TERBUKA,TERTUTUP
536,29.1,100,3787,4095,"2025-11-22 17:34:06",0,0,1,TERBUKA,TERTUTUP
537,29.1,100,3775,4095,"2025-11-22 17:34:09",0,0,1,TERBUKA,TERTUTUP
538,29.1,100,3783,4095,"2025-11-22 17:34:13",0,0,1,TERBUKA,TERTUTUP
539,29.1,100,3770,4095,"2025-11-22 17:34:16",0,0,1,TERBUKA,TERTUTUP
540,29.1,100,3807,4095,"2025-11-22 17:34:19",0,0,1,TERBUKA,TERTUTUP
541,29.1,100,3734,4095,"2025-11-22 17:34:23",0,0,1,TERBUKA,TERTUTUP
542,29,100,3809,4095,"2025-11-22 17:34:26",0,0,1,TERBUKA,TERTUTUP
543,29,100,3771,4095,"2025-11-22 17:34:29",0,0,1,TERBUKA,TERTUTUP
544,29,100,3829,4095,"2025-11-22 17:34:32",0,0,1,TERBUKA,TERTUTUP
545,29,100,3777,4095,"2025-11-22 17:34:36",0,0,1,TERBUKA,TERTUTUP
546,29,100,3786,4095,"2025-11-22 17:34:39",0,0,1,TERBUKA,TERTUTUP
547,29,100,3783,4095,"2025-11-22 17:34:42",0,0,1,TERBUKA,TERTUTUP
548,29,100,3777,4095,"2025-11-22 17:34:45",0,0,1,TERBUKA,TERTUTUP
549,29,100,3798,4095,"2025-11-22 17:34:49",0,0,1,TERBUKA,TERTUTUP
550,29,100,3819,4095,"2025-11-22 17:34:52",0,0,1,TERBUKA,TERTUTUP
551,29,100,3761,4095,"2025-11-22 17:34:55",0,0,1,TERBUKA,TERTUTUP
552,29,100,3805,4095,"2025-11-22 17:34:59",0,0,1,TERBUKA,TERTUTUP
553,29,100,3796,4095,"2025-11-22 17:35:02",0,0,1,TERBUKA,TERTUTUP
554,29,100,3789,4095,"2025-11-22 17:35:05",0,0,1,TERBUKA,TERTUTUP
555,29,100,3783,4095,"2025-11-22 17:35:08",0,0,1,TERBUKA,TERTUTUP
556,29,100,3787,4095,"2025-11-22 17:35:12",0,0,1,TERBUKA,TERTUTUP
557,29,100,3805,4095,"2025-11-22 17:35:15",0,0,1,TERBUKA,TERTUTUP
558,29,100,3775,4095,"2025-11-22 17:35:18",0,0,1,TERBUKA,TERTUTUP
559,29,100,3803,4095,"2025-11-22 17:35:21",0,0,1,TERBUKA,TERTUTUP
560,29,100,3794,4095,"2025-11-22 17:35:25",0,0,1,TERBUKA,TERTUTUP
561,29,100,3799,4095,"2025-11-22 17:35:28",0,0,1,TERBUKA,TERTUTUP
562,29,100,3783,4095,"2025-11-22 17:35:31",0,0,1,TERBUKA,TERTUTUP
563,29,100,3808,4095,"2025-11-22 17:35:35",0,0,1,TERBUKA,TERTUTUP
564,29,100,3800,4095,"2025-11-22 17:35:38",0,0,1,TERBUKA,TERTUTUP
565,29,100,3799,4095,"2025-11-22 17:35:41",0,0,1,TERBUKA,TERTUTUP
566,29,100,3810,4095,"2025-11-22 17:35:44",0,0,1,TERBUKA,TERTUTUP
567,29,100,3810,4095,"2025-11-22 17:35:48",0,0,1,TERBUKA,TERTUTUP
568,29,100,3781,4095,"2025-11-22 17:35:51",0,0,1,TERBUKA,TERTUTUP
569,29,100,3778,4095,"2025-11-22 17:35:54",0,0,1,TERBUKA,TERTUTUP
570,29,100,3811,4095,"2025-11-22 17:35:57",0,0,1,TERBUKA,TERTUTUP
571,29,100,3800,4095,"2025-11-22 17:36:01",0,0,1,TERBUKA,TERTUTUP
572,29,100,3823,4095,"2025-11-22 17:36:04",0,0,1,TERBUKA,TERTUTUP
573,29,100,3828,4095,"2025-11-22 17:36:07",0,0,1,TERBUKA,TERTUTUP
574,29,100,3792,4095,"2025-11-22 17:36:11",0,0,1,TERBUKA,TERTUTUP
575,29,100,3794,4095,"2025-11-22 17:36:14",0,0,1,TERBUKA,TERTUTUP
576,29,100,3814,4095,"2025-11-22 17:36:17",0,0,1,TERBUKA,TERTUTUP
577,29,100,3799,4095,"2025-11-22 17:36:20",0,0,1,TERBUKA,TERTUTUP
578,29,100,3782,4095,"2025-11-22 17:36:24",0,0,1,TERBUKA,TERTUTUP
579,29,100,3725,4095,"2025-11-22 17:36:27",0,0,1,TERBUKA,TERTUTUP
580,29,100,3820,4095,"2025-11-22 17:36:30",0,0,1,TERBUKA,TERTUTUP
581,29,100,3711,4095,"2025-11-22 17:36:33",0,0,1,TERBUKA,TERTUTUP
582,29,100,3793,4095,"2025-11-22 17:36:37",0,0,1,TERBUKA,TERTUTUP
583,29,100,3823,4095,"2025-11-22 17:36:40",0,0,1,TERBUKA,TERTUTUP
584,29,100,3799,4095,"2025-11-22 17:36:43",0,0,1,TERBUKA,TERTUTUP
585,29,100,3826,4095,"2025-11-22 17:36:47",0,0,1,TERBUKA,TERTUTUP
586,29,100,3802,4095,"2025-11-22 17:36:50",0,0,1,TERBUKA,TERTUTUP
587,29,100,3810,4095,"2025-11-22 17:36:53",0,0,1,TERBUKA,TERTUTUP
588,29,100,3763,4095,"2025-11-22 17:36:57",0,0,1,TERBUKA,TERTUTUP
589,29,100,3792,4095,"2025-11-22 17:37:00",0,0,1,TERBUKA,TERTUTUP
590,29,100,3820,4095,"2025-11-22 17:37:04",0,0,1,TERBUKA,TERTUTUP
591,29,100,3824,4095,"2025-11-22 17:37:07",0,0,1,TERBUKA,TERTUTUP
592,29,100,3808,4095,"2025-11-22 17:37:10",0,0,1,TERBUKA,TERTUTUP
593,29,100,3781,4095,"2025-11-22 17:37:14",0,0,1,TERBUKA,TERTUTUP
594,29,100,3805,4095,"2025-11-22 17:37:17",0,0,1,TERBUKA,TERTUTUP
595,29,100,3810,4095,"2025-11-22 17:37:20",0,0,1,TERBUKA,TERTUTUP
596,29,100,3816,4095,"2025-11-22 17:37:24",0,0,1,TERBUKA,TERTUTUP
597,29,100,3813,4095,"2025-11-22 17:37:27",0,0,1,TERBUKA,TERTUTUP
598,29,100,3834,4095,"2025-11-22 17:37:30",0,0,1,TERBUKA,TERTUTUP
599,29,100,3787,4095,"2025-11-22 17:37:33",0,0,1,TERBUKA,TERTUTUP
600,29,100,3821,4095,"2025-11-22 17:37:37",0,0,1,TERBUKA,TERTUTUP
601,29,100,3782,4095,"2025-11-22 17:37:40",0,0,1,TERBUKA,TERTUTUP
602,29,100,3749,4095,"2025-11-22 17:37:43",0,0,1,TERBUKA,TERTUTUP
603,29,100,3787,4095,"2025-11-22 17:37:46",0,0,1,TERBUKA,TERTUTUP
604,29,100,3821,4095,"2025-11-22 17:37:50",0,0,1,TERBUKA,TERTUTUP
605,29,100,3834,4095,"2025-11-22 17:37:53",0,0,1,TERBUKA,TERTUTUP
606,29,100,3797,4095,"2025-11-22 17:37:56",0,0,1,TERBUKA,TERTUTUP
607,29,100,3815,4095,"2025-11-22 17:38:00",0,0,1,TERBUKA,TERTUTUP
608,29,100,3824,4095,"2025-11-22 17:38:03",0,0,1,TERBUKA,TERTUTUP
609,29,100,3791,4095,"2025-11-22 17:38:06",0,0,1,TERBUKA,TERTUTUP
610,29,100,3826,4095,"2025-11-22 17:38:09",0,0,1,TERBUKA,TERTUTUP
611,29,100,3832,4095,"2025-11-22 17:38:13",0,0,1,TERBUKA,TERTUTUP
612,29,100,3775,4095,"2025-11-22 17:38:16",0,0,1,TERBUKA,TERTUTUP
613,29,100,3828,4095,"2025-11-22 17:38:19",0,0,1,TERBUKA,TERTUTUP
614,29,100,3789,4095,"2025-11-22 17:38:22",0,0,1,TERBUKA,TERTUTUP
615,29,100,3796,4095,"2025-11-22 17:38:26",0,0,1,TERBUKA,TERTUTUP
616,29,100,3809,4095,"2025-11-22 17:38:29",0,0,1,TERBUKA,TERTUTUP
617,29,100,3778,4095,"2025-11-22 17:38:32",0,0,1,TERBUKA,TERTUTUP
618,29,100,3816,4095,"2025-11-22 17:38:36",0,0,1,TERBUKA,TERTUTUP
619,29,100,3783,4095,"2025-11-22 17:38:39",0,0,1,TERBUKA,TERTUTUP
620,29,100,3800,4095,"2025-11-22 17:38:42",0,0,1,TERBUKA,TERTUTUP
621,29,100,3824,4095,"2025-11-22 17:38:45",0,0,1,TERBUKA,TERTUTUP
622,29,100,3818,4095,"2025-11-22 17:38:49",0,0,1,TERBUKA,TERTUTUP
623,29,100,3812,4095,"2025-11-22 17:38:52",0,0,1,TERBUKA,TERTUTUP
624,29,100,3747,4095,"2025-11-22 17:38:55",0,0,1,TERBUKA,TERTUTUP
625,29,100,3826,4095,"2025-11-22 17:38:59",0,0,1,TERBUKA,TERTUTUP
626,29,100,3789,4095,"2025-11-22 17:39:02",0,0,1,TERBUKA,TERTUTUP
627,29,100,3813,4095,"2025-11-22 17:39:05",0,0,1,TERBUKA,TERTUTUP
628,29,100,3826,4095,"2025-11-22 17:39:08",0,0,1,TERBUKA,TERTUTUP
629,29,100,3844,4095,"2025-11-22 17:39:12",0,0,1,TERBUKA,TERTUTUP
630,29,100,3833,4095,"2025-11-22 17:39:15",0,0,1,TERBUKA,TERTUTUP
631,29,100,3845,4095,"2025-11-22 17:39:18",0,0,1,TERBUKA,TERTUTUP
632,29,100,3815,4095,"2025-11-22 17:39:21",0,0,1,TERBUKA,TERTUTUP
633,29,100,3802,4095,"2025-11-22 17:39:25",0,0,1,TERBUKA,TERTUTUP
634,29,100,3823,4095,"2025-11-22 17:39:28",0,0,1,TERBUKA,TERTUTUP
635,29,100,3761,4095,"2025-11-22 17:39:31",0,0,1,TERBUKA,TERTUTUP
636,29,100,3764,4095,"2025-11-22 17:39:35",0,0,1,TERBUKA,TERTUTUP
637,29,100,3796,4095,"2025-11-22 17:39:38",0,0,1,TERBUKA,TERTUTUP
638,29,100,3817,4095,"2025-11-22 17:39:41",0,0,1,TERBUKA,TERTUTUP
639,29,100,3853,4095,"2025-11-22 17:39:45",0,0,1,TERBUKA,TERTUTUP
640,29,100,3857,4095,"2025-11-22 17:39:48",0,0,1,TERBUKA,TERTUTUP
641,29,100,3763,4095,"2025-11-22 17:39:51",0,0,1,TERBUKA,TERTUTUP
642,29,100,3804,4095,"2025-11-22 17:39:55",0,0,1,TERBUKA,TERTUTUP
643,29,100,3821,4095,"2025-11-22 17:39:58",0,0,1,TERBUKA,TERTUTUP
644,29,100,3821,4095,"2025-11-22 17:40:01",0,0,1,TERBUKA,TERTUTUP
645,29,100,3815,4095,"2025-11-22 17:40:05",0,0,1,TERBUKA,TERTUTUP
646,29,100,3798,4095,"2025-11-22 17:40:08",0,0,1,TERBUKA,TERTUTUP
647,29,100,3787,4095,"2025-11-22 17:40:12",0,0,1,TERBUKA,TERTUTUP
648,29,100,3749,4095,"2025-11-22 17:40:15",0,0,1,TERBUKA,TERTUTUP
649,29,100,3803,4095,"2025-11-22 17:40:19",0,0,1,TERBUKA,TERTUTUP
650,29,100,3757,4095,"2025-11-22 17:40:22",0,0,1,TERBUKA,TERTUTUP
651,29,100,3812,4095,"2025-11-22 17:40:25",0,0,1,TERBUKA,TERTUTUP
652,29,100,3819,4095,"2025-11-22 17:40:29",0,0,1,TERBUKA,TERTUTUP
653,29,100,3768,4095,"2025-11-22 17:40:32",0,0,1,TERBUKA,TERTUTUP
654,29,100,3796,4095,"2025-11-22 17:40:35",0,0,1,TERBUKA,TERTUTUP
655,29,100,3842,4095,"2025-11-22 17:40:39",0,0,1,TERBUKA,TERTUTUP
656,29,100,3794,4095,"2025-11-22 17:40:42",0,0,1,TERBUKA,TERTUTUP
657,29,100,3796,4095,"2025-11-22 17:40:45",0,0,1,TERBUKA,TERTUTUP
658,29,100,3812,4095,"2025-11-22 17:40:48",0,0,1,TERBUKA,TERTUTUP
659,29,100,3821,4095,"2025-11-22 17:40:52",0,0,1,TERBUKA,TERTUTUP
660,29,100,3785,4095,"2025-11-22 17:40:55",0,0,1,TERBUKA,TERTUTUP
661,29,100,3734,4095,"2025-11-22 17:40:58",0,0,1,TERBUKA,TERTUTUP
662,29,100,3831,4095,"2025-11-22 17:41:02",0,0,1,TERBUKA,TERTUTUP
663,29,100,3769,4095,"2025-11-22 17:41:05",0,0,1,TERBUKA,TERTUTUP
664,29,100,3822,4095,"2025-11-22 17:41:08",0,0,1,TERBUKA,TERTUTUP
665,29,100,3791,4095,"2025-11-22 17:41:12",0,0,1,TERBUKA,TERTUTUP
666,29,100,3799,4095,"2025-11-22 17:41:15",0,0,1,TERBUKA,TERTUTUP
667,29,100,3804,4095,"2025-11-22 17:41:18",0,0,1,TERBUKA,TERTUTUP
668,29,100,3816,4095,"2025-11-22 17:41:22",0,0,1,TERBUKA,TERTUTUP
669,29,100,3829,4095,"2025-11-22 17:41:25",0,0,1,TERBUKA,TERTUTUP
670,29,100,3803,4095,"2025-11-22 17:41:28",0,0,1,TERBUKA,TERTUTUP
671,29,100,3819,4095,"2025-11-22 17:41:32",0,0,1,TERBUKA,TERTUTUP
672,29,100,3852,4095,"2025-11-22 17:41:35",0,0,1,TERBUKA,TERTUTUP
673,29,100,3800,4095,"2025-11-22 17:41:38",0,0,1,TERBUKA,TERTUTUP
674,29,100,3801,4095,"2025-11-22 17:41:42",0,0,1,TERBUKA,TERTUTUP
675,29,100,3792,4095,"2025-11-22 17:41:45",0,0,1,TERBUKA,TERTUTUP
676,29,100,3817,4095,"2025-11-22 17:41:48",0,0,1,TERBUKA,TERTUTUP
677,29,100,3796,4095,"2025-11-22 17:41:54",0,0,1,TERBUKA,TERTUTUP
678,29,100,3831,4095,"2025-11-22 17:41:58",0,0,1,TERBUKA,TERTUTUP
679,29,100,3834,4095,"2025-11-22 17:42:01",0,0,1,TERBUKA,TERTUTUP
680,29,100,3764,4095,"2025-11-22 17:42:04",0,0,1,TERBUKA,TERTUTUP
681,29,100,3856,4095,"2025-11-22 17:42:08",0,0,1,TERBUKA,TERTUTUP
682,29,100,3792,4095,"2025-11-22 17:42:11",0,0,1,TERBUKA,TERTUTUP
683,29,100,3825,4095,"2025-11-22 17:42:14",0,0,1,TERBUKA,TERTUTUP
684,29,100,3834,4095,"2025-11-22 17:42:17",0,0,1,TERBUKA,TERTUTUP
685,29,100,3847,4095,"2025-11-22 17:42:24",0,0,1,TERBUKA,TERTUTUP
686,29,100,3821,4095,"2025-11-22 17:42:27",0,0,1,TERBUKA,TERTUTUP
687,29,100,3767,4095,"2025-11-22 17:42:30",0,0,1,TERBUKA,TERTUTUP
688,29,100,3789,4095,"2025-11-22 17:42:34",0,0,1,TERBUKA,TERTUTUP
689,29,100,3827,4095,"2025-11-22 17:42:40",0,0,1,TERBUKA,TERTUTUP
690,29,100,3835,4095,"2025-11-22 17:42:43",0,0,1,TERBUKA,TERTUTUP
691,29,100,3833,4095,"2025-11-22 17:42:55",0,0,1,TERBUKA,TERTUTUP
692,29,100,3812,4095,"2025-11-22 17:42:55",0,0,1,TERBUKA,TERTUTUP
693,29,100,3731,4095,"2025-11-22 17:42:58",0,0,1,TERBUKA,TERTUTUP
694,29,100,3859,4095,"2025-11-22 17:43:02",0,0,1,TERBUKA,TERTUTUP
695,29,100,3823,4095,"2025-11-22 17:43:06",0,0,1,TERBUKA,TERTUTUP
696,29,100,3843,4095,"2025-11-22 17:43:09",0,0,1,TERBUKA,TERTUTUP
697,29,100,3808,4095,"2025-11-22 17:43:13",0,0,1,TERBUKA,TERTUTUP
698,29,100,3833,4095,"2025-11-22 17:43:16",0,0,1,TERBUKA,TERTUTUP
699,29,100,3811,4095,"2025-11-22 17:43:19",0,0,1,TERBUKA,TERTUTUP
700,29,100,3857,4095,"2025-11-22 17:43:22",0,0,1,TERBUKA,TERTUTUP
701,29,100,3830,4095,"2025-11-22 17:43:26",0,0,1,TERBUKA,TERTUTUP
702,29,100,3858,4095,"2025-11-22 17:43:29",0,0,1,TERBUKA,TERTUTUP
703,29,100,3802,4095,"2025-11-22 17:43:32",0,0,1,TERBUKA,TERTUTUP
704,29,100,3842,4095,"2025-11-22 17:43:36",0,0,1,TERBUKA,TERTUTUP
705,29,100,3830,4095,"2025-11-22 17:43:39",0,0,1,TERBUKA,TERTUTUP
706,29,100,3843,4095,"2025-11-22 17:43:42",0,0,1,TERBUKA,TERTUTUP
707,29,100,3819,4095,"2025-11-22 17:43:45",0,0,1,TERBUKA,TERTUTUP
708,29,100,3777,4095,"2025-11-22 17:43:57",0,0,1,TERBUKA,TERTUTUP
709,29,100,3837,4095,"2025-11-22 17:43:58",0,0,1,TERBUKA,TERTUTUP
710,29,100,3833,4095,"2025-11-22 17:44:00",0,0,1,TERBUKA,TERTUTUP
711,29,100,3875,4095,"2025-11-22 17:44:04",0,0,1,TERBUKA,TERTUTUP
712,29,100,3816,4095,"2025-11-22 17:44:07",0,0,1,TERBUKA,TERTUTUP
713,29,100,3840,4095,"2025-11-22 17:44:10",0,0,1,TERBUKA,TERTUTUP
714,29,100,3822,4095,"2025-11-22 17:44:13",0,0,1,TERBUKA,TERTUTUP
715,29,100,3831,4095,"2025-11-22 17:44:17",0,0,1,TERBUKA,TERTUTUP
716,29,100,3853,4095,"2025-11-22 17:44:20",0,0,1,TERBUKA,TERTUTUP
717,29,100,3754,4095,"2025-11-22 17:44:23",0,0,1,TERBUKA,TERTUTUP
718,29,100,3737,4095,"2025-11-22 17:44:27",0,0,1,TERBUKA,TERTUTUP
719,29,100,3833,4095,"2025-11-22 17:44:30",0,0,1,TERBUKA,TERTUTUP
720,29,100,3823,4095,"2025-11-22 17:44:33",0,0,1,TERBUKA,TERTUTUP
721,29,100,3831,4095,"2025-11-22 17:44:37",0,0,1,TERBUKA,TERTUTUP
722,29,100,3823,4095,"2025-11-22 17:44:40",0,0,1,TERBUKA,TERTUTUP
723,29,100,3843,4095,"2025-11-22 17:44:44",0,0,1,TERBUKA,TERTUTUP
724,29,100,3861,4095,"2025-11-22 17:44:47",0,0,1,TERBUKA,TERTUTUP
725,29,100,3859,4095,"2025-11-22 17:44:50",0,0,1,TERBUKA,TERTUTUP
726,29,100,3820,4095,"2025-11-22 17:44:54",0,0,1,TERBUKA,TERTUTUP
727,29,100,3841,4095,"2025-11-22 17:44:57",0,0,1,TERBUKA,TERTUTUP
728,29,100,4095,4095,"2025-11-22 17:45:02",0,90,1,TERBUKA,TERBUKA
729,29,100,4095,4095,"2025-11-22 17:45:02",0,90,1,TERBUKA,TERBUKA
730,29,100,3834,4095,"2025-11-22 17:45:05",0,0,1,TERBUKA,TERTUTUP
731,29,100,3838,4095,"2025-11-22 17:45:09",0,0,1,TERBUKA,TERTUTUP
732,29,100,3820,4095,"2025-11-22 17:45:12",0,0,1,TERBUKA,TERTUTUP
733,29,100,3825,4095,"2025-11-22 17:45:15",0,0,1,TERBUKA,TERTUTUP
734,29,100,3829,4095,"2025-11-22 17:45:19",0,0,1,TERBUKA,TERTUTUP
735,29,100,3866,4095,"2025-11-22 17:45:22",0,0,1,TERBUKA,TERTUTUP
736,29,100,3818,4095,"2025-11-22 17:45:25",0,0,1,TERBUKA,TERTUTUP
737,29,100,3829,4095,"2025-11-22 17:45:28",0,0,1,TERBUKA,TERTUTUP
738,29,100,3753,4095,"2025-11-22 17:45:32",0,0,1,TERBUKA,TERTUTUP
739,29,100,3854,4095,"2025-11-22 17:45:35",0,0,1,TERBUKA,TERTUTUP
740,29,100,3822,4095,"2025-11-22 17:45:39",0,0,1,TERBUKA,TERTUTUP
741,29,100,3851,4095,"2025-11-22 17:45:42",0,0,1,TERBUKA,TERTUTUP
742,29,100,3760,4095,"2025-11-22 17:45:46",0,0,1,TERBUKA,TERTUTUP
743,29,100,3849,4095,"2025-11-22 17:45:49",0,0,1,TERBUKA,TERTUTUP
744,29,100,3786,4095,"2025-11-22 17:45:52",0,0,1,TERBUKA,TERTUTUP
745,29,100,3843,4095,"2025-11-22 17:45:55",0,0,1,TERBUKA,TERTUTUP
746,29,100,3817,4095,"2025-11-22 17:45:59",0,0,1,TERBUKA,TERTUTUP
747,29,100,3775,4095,"2025-11-22 17:46:02",0,0,1,TERBUKA,TERTUTUP
748,29,100,3825,4095,"2025-11-22 17:46:05",0,0,1,TERBUKA,TERTUTUP
749,29,100,3850,4095,"2025-11-22 17:46:09",0,0,1,TERBUKA,TERTUTUP
750,29,100,3839,4095,"2025-11-22 17:46:12",0,0,1,TERBUKA,TERTUTUP
751,29,100,3818,4095,"2025-11-22 17:46:15",0,0,1,TERBUKA,TERTUTUP
752,29,100,3830,4095,"2025-11-22 17:46:18",0,0,1,TERBUKA,TERTUTUP
753,29,100,3840,4095,"2025-11-22 17:46:22",0,0,1,TERBUKA,TERTUTUP
754,29,100,3846,4095,"2025-11-22 17:46:25",0,0,1,TERBUKA,TERTUTUP
755,29,100,3811,4095,"2025-11-22 17:46:28",0,0,1,TERBUKA,TERTUTUP
756,29,100,3836,4095,"2025-11-22 17:46:31",0,0,1,TERBUKA,TERTUTUP
757,29,100,3822,4095,"2025-11-22 17:46:35",0,0,1,TERBUKA,TERTUTUP
758,29,100,3837,4095,"2025-11-22 17:46:38",0,0,1,TERBUKA,TERTUTUP
759,29,100,3825,4095,"2025-11-22 17:46:41",0,0,1,TERBUKA,TERTUTUP
760,29,100,3817,4095,"2025-11-22 17:46:45",0,0,1,TERBUKA,TERTUTUP
761,29,100,3816,4095,"2025-11-22 17:46:48",0,0,1,TERBUKA,TERTUTUP
762,29,100,3814,4095,"2025-11-22 17:46:51",0,0,1,TERBUKA,TERTUTUP
763,29,100,3826,4095,"2025-11-22 17:46:54",0,0,1,TERBUKA,TERTUTUP
764,29,100,3815,4095,"2025-11-22 17:46:58",0,0,1,TERBUKA,TERTUTUP
765,29,100,3835,4095,"2025-11-22 17:47:01",0,0,1,TERBUKA,TERTUTUP
766,29,100,3814,4095,"2025-11-22 17:47:04",0,0,1,TERBUKA,TERTUTUP
767,29,100,3847,4095,"2025-11-22 17:47:08",0,0,1,TERBUKA,TERTUTUP
768,29,100,3838,4095,"2025-11-22 17:47:11",0,0,1,TERBUKA,TERTUTUP
769,29,100,3851,4095,"2025-11-22 17:47:14",0,0,1,TERBUKA,TERTUTUP
770,29,100,3738,4095,"2025-11-22 17:47:17",0,0,1,TERBUKA,TERTUTUP
771,29,100,3853,4095,"2025-11-22 17:47:21",0,0,1,TERBUKA,TERTUTUP
772,29,100,3872,4095,"2025-11-22 17:47:24",0,0,1,TERBUKA,TERTUTUP
773,29,100,3817,4095,"2025-11-22 17:47:27",0,0,1,TERBUKA,TERTUTUP
774,29,100,3833,4095,"2025-11-22 17:47:31",0,0,1,TERBUKA,TERTUTUP
775,29,100,3855,4095,"2025-11-22 17:47:34",0,0,1,TERBUKA,TERTUTUP
776,29,100,3847,4095,"2025-11-22 17:47:37",0,0,1,TERBUKA,TERTUTUP
777,29,100,3832,4095,"2025-11-22 17:47:41",0,0,1,TERBUKA,TERTUTUP
778,29,100,3848,4095,"2025-11-22 17:47:44",0,0,1,TERBUKA,TERTUTUP
779,29,100,3853,4095,"2025-11-22 17:47:47",0,0,1,TERBUKA,TERTUTUP
780,29,100,3801,4095,"2025-11-22 17:47:50",0,0,1,TERBUKA,TERTUTUP
781,29,100,3844,4095,"2025-11-22 17:47:54",0,0,1,TERBUKA,TERTUTUP
782,29,100,3823,4095,"2025-11-22 17:47:57",0,0,1,TERBUKA,TERTUTUP
783,29,100,3762,4095,"2025-11-22 17:48:00",0,0,1,TERBUKA,TERTUTUP
784,29,100,3786,4095,"2025-11-22 17:48:04",0,0,1,TERBUKA,TERTUTUP
785,29,100,3720,4095,"2025-11-22 17:48:07",0,0,1,TERBUKA,TERTUTUP
786,29,100,3802,4095,"2025-11-22 17:48:10",0,0,1,TERBUKA,TERTUTUP
787,29,100,3816,4095,"2025-11-22 17:48:13",0,0,1,TERBUKA,TERTUTUP
788,29,100,3810,4095,"2025-11-22 17:48:17",0,0,1,TERBUKA,TERTUTUP
789,29,100,3807,4095,"2025-11-22 17:48:20",0,0,1,TERBUKA,TERTUTUP
790,29,100,3808,4095,"2025-11-22 17:48:23",0,0,1,TERBUKA,TERTUTUP
791,29,100,3832,4095,"2025-11-22 17:48:27",0,0,1,TERBUKA,TERTUTUP
792,29,100,3811,4095,"2025-11-22 17:48:30",0,0,1,TERBUKA,TERTUTUP
793,29,100,3789,4095,"2025-11-22 17:48:33",0,0,1,TERBUKA,TERTUTUP
794,29,100,3802,4095,"2025-11-22 17:48:36",0,0,1,TERBUKA,TERTUTUP
795,28.9,100,3802,4095,"2025-11-22 17:48:40",0,0,1,TERBUKA,TERTUTUP
796,28.9,100,3816,4095,"2025-11-22 17:48:43",0,0,1,TERBUKA,TERTUTUP
797,28.9,100,3813,4095,"2025-11-22 17:48:47",0,0,1,TERBUKA,TERTUTUP
798,28.9,100,3806,4095,"2025-11-22 17:48:50",0,0,1,TERBUKA,TERTUTUP
799,28.9,100,3809,4095,"2025-11-22 17:48:53",0,0,1,TERBUKA,TERTUTUP
800,28.9,100,3808,4095,"2025-11-22 17:48:57",0,0,1,TERBUKA,TERTUTUP
801,28.9,100,3813,4095,"2025-11-22 17:49:00",0,0,1,TERBUKA,TERTUTUP
802,28.9,100,3808,4095,"2025-11-22 17:49:03",0,0,1,TERBUKA,TERTUTUP
803,28.9,100,3817,4095,"2025-11-22 17:49:06",0,0,1,TERBUKA,TERTUTUP
804,28.9,100,3837,4095,"2025-11-22 17:49:10",0,0,1,TERBUKA,TERTUTUP
805,28.9,100,3849,4095,"2025-11-22 17:49:13",0,0,1,TERBUKA,TERTUTUP
806,28.9,100,3823,4095,"2025-11-22 17:49:16",0,0,1,TERBUKA,TERTUTUP
807,28.9,100,3802,4095,"2025-11-22 17:49:20",0,0,1,TERBUKA,TERTUTUP
808,28.9,100,3825,4095,"2025-11-22 17:49:23",0,0,1,TERBUKA,TERTUTUP
809,28.9,100,3839,4095,"2025-11-22 17:49:26",0,0,1,TERBUKA,TERTUTUP
810,28.9,100,3831,4095,"2025-11-22 17:49:30",0,0,1,TERBUKA,TERTUTUP
811,28.9,100,3816,4095,"2025-11-22 17:49:33",0,0,1,TERBUKA,TERTUTUP
812,28.9,100,3864,4095,"2025-11-22 17:49:36",0,0,1,TERBUKA,TERTUTUP
813,28.9,100,3820,4095,"2025-11-22 17:49:40",0,0,1,TERBUKA,TERTUTUP
814,28.9,100,3834,4095,"2025-11-22 17:49:43",0,0,1,TERBUKA,TERTUTUP
815,28.9,100,3840,4095,"2025-11-22 17:49:46",0,0,1,TERBUKA,TERTUTUP
816,28.9,100,3809,4095,"2025-11-22 17:49:49",0,0,1,TERBUKA,TERTUTUP
817,28.9,100,3838,4095,"2025-11-22 17:49:53",0,0,1,TERBUKA,TERTUTUP
818,28.9,100,3846,4095,"2025-11-22 17:49:56",0,0,1,TERBUKA,TERTUTUP
819,28.9,100,3822,4095,"2025-11-22 17:50:00",0,0,1,TERBUKA,TERTUTUP
820,28.9,100,3823,4095,"2025-11-22 17:50:03",0,0,1,TERBUKA,TERTUTUP
821,28.9,100,3792,4095,"2025-11-22 17:50:06",0,0,1,TERBUKA,TERTUTUP
822,28.9,100,3803,4095,"2025-11-22 17:50:10",0,0,1,TERBUKA,TERTUTUP
823,28.9,100,3815,4095,"2025-11-22 17:50:13",0,0,1,TERBUKA,TERTUTUP
824,28.9,100,3833,4095,"2025-11-22 17:50:16",0,0,1,TERBUKA,TERTUTUP
825,28.8,100,3799,4095,"2025-11-22 17:50:19",0,0,1,TERBUKA,TERTUTUP
826,28.8,100,3797,4095,"2025-11-22 17:50:23",0,0,1,TERBUKA,TERTUTUP
827,28.9,100,3827,4095,"2025-11-22 17:50:26",0,0,1,TERBUKA,TERTUTUP
828,28.8,100,3828,4095,"2025-11-22 17:50:29",0,0,1,TERBUKA,TERTUTUP
829,28.9,100,3819,4095,"2025-11-22 17:50:33",0,0,1,TERBUKA,TERTUTUP
830,28.8,100,3803,4095,"2025-11-22 17:50:36",0,0,1,TERBUKA,TERTUTUP
831,28.8,100,3841,4095,"2025-11-22 17:50:40",0,0,1,TERBUKA,TERTUTUP
832,28.8,100,3823,4095,"2025-11-22 17:50:44",0,0,1,TERBUKA,TERTUTUP
833,28.8,100,3818,4095,"2025-11-22 17:50:47",0,0,1,TERBUKA,TERTUTUP
834,28.8,100,3823,4095,"2025-11-22 17:50:51",0,0,1,TERBUKA,TERTUTUP
835,28.8,100,3827,4095,"2025-11-22 17:50:54",0,0,1,TERBUKA,TERTUTUP
836,28.8,100,3793,4095,"2025-11-22 17:50:58",0,0,1,TERBUKA,TERTUTUP
837,28.8,100,3793,4095,"2025-11-22 17:51:01",0,0,1,TERBUKA,TERTUTUP
838,28.8,100,3822,4095,"2025-11-22 17:51:04",0,0,1,TERBUKA,TERTUTUP
839,28.8,100,3818,4095,"2025-11-22 17:51:07",0,0,1,TERBUKA,TERTUTUP
840,28.8,100,3817,4095,"2025-11-22 17:51:11",0,0,1,TERBUKA,TERTUTUP
841,28.8,100,3847,4095,"2025-11-22 17:51:25",0,0,1,TERBUKA,TERTUTUP
842,28.8,100,3836,4095,"2025-11-22 17:51:29",0,0,1,TERBUKA,TERTUTUP
843,28.8,100,3834,4095,"2025-11-22 17:51:32",0,0,1,TERBUKA,TERTUTUP
844,28.8,100,3836,4095,"2025-11-22 17:51:35",0,0,1,TERBUKA,TERTUTUP
845,28.8,100,3825,4095,"2025-11-22 17:51:35",0,0,1,TERBUKA,TERTUTUP
846,28.8,100,3825,4095,"2025-11-22 17:51:39",0,0,1,TERBUKA,TERTUTUP
847,28.8,100,3853,4095,"2025-11-22 17:51:42",0,0,1,TERBUKA,TERTUTUP
848,28.8,100,3754,4095,"2025-11-22 17:51:45",0,0,1,TERBUKA,TERTUTUP
849,28.8,100,3817,4095,"2025-11-22 17:51:48",0,0,1,TERBUKA,TERTUTUP
850,28.8,100,3848,4095,"2025-11-22 17:51:52",0,0,1,TERBUKA,TERTUTUP
851,28.8,100,3842,4095,"2025-11-22 17:51:55",0,0,1,TERBUKA,TERTUTUP
852,28.8,100,3854,4095,"2025-11-22 17:51:58",0,0,1,TERBUKA,TERTUTUP
853,28.8,100,3828,4095,"2025-11-22 17:52:02",0,0,1,TERBUKA,TERTUTUP
854,28.8,100,3825,4095,"2025-11-22 17:52:05",0,0,1,TERBUKA,TERTUTUP
855,28.8,100,3824,4095,"2025-11-22 17:52:08",0,0,1,TERBUKA,TERTUTUP
856,28.8,100,3842,4095,"2025-11-22 17:52:11",0,0,1,TERBUKA,TERTUTUP
857,28.8,100,3810,4095,"2025-11-22 17:52:15",0,0,1,TERBUKA,TERTUTUP
858,28.8,100,3792,4095,"2025-11-22 17:52:18",0,0,1,TERBUKA,TERTUTUP
859,28.8,100,3814,4095,"2025-11-22 17:52:21",0,0,1,TERBUKA,TERTUTUP
860,28.8,100,3820,4095,"2025-11-22 17:52:24",0,0,1,TERBUKA,TERTUTUP
861,28.8,100,3836,4095,"2025-11-22 17:52:28",0,0,1,TERBUKA,TERTUTUP
862,28.9,100,3827,4095,"2025-11-22 17:52:31",0,0,1,TERBUKA,TERTUTUP
863,28.8,100,3815,4095,"2025-11-22 17:52:34",0,0,1,TERBUKA,TERTUTUP
864,28.8,100,3763,4095,"2025-11-22 17:52:37",0,0,1,TERBUKA,TERTUTUP
865,28.8,100,3859,4095,"2025-11-22 17:52:41",0,0,1,TERBUKA,TERTUTUP
866,28.8,100,3812,4095,"2025-11-22 17:52:44",0,0,1,TERBUKA,TERTUTUP
867,28.8,100,3802,4095,"2025-11-22 17:52:47",0,0,1,TERBUKA,TERTUTUP
868,28.8,100,3827,4095,"2025-11-22 17:52:51",0,0,1,TERBUKA,TERTUTUP
869,28.8,100,3841,4095,"2025-11-22 17:52:54",0,0,1,TERBUKA,TERTUTUP
870,28.8,100,3832,4095,"2025-11-22 17:52:57",0,0,1,TERBUKA,TERTUTUP
871,28.8,100,3841,4095,"2025-11-22 17:53:00",0,0,1,TERBUKA,TERTUTUP
872,28.8,100,3810,4095,"2025-11-22 17:53:04",0,0,1,TERBUKA,TERTUTUP
873,28.8,100,3825,4095,"2025-11-22 17:53:07",0,0,1,TERBUKA,TERTUTUP
874,28.8,100,3799,4095,"2025-11-22 17:53:10",0,0,1,TERBUKA,TERTUTUP
875,28.8,100,3825,4095,"2025-11-22 17:53:14",0,0,1,TERBUKA,TERTUTUP
876,28.8,100,3833,4095,"2025-11-22 17:53:17",0,0,1,TERBUKA,TERTUTUP
877,28.8,100,3807,4095,"2025-11-22 17:53:20",0,0,1,TERBUKA,TERTUTUP
878,28.8,100,3823,4095,"2025-11-22 17:53:23",0,0,1,TERBUKA,TERTUTUP
879,28.8,100,3817,4095,"2025-11-22 17:53:27",0,0,1,TERBUKA,TERTUTUP
880,28.8,100,3830,4095,"2025-11-22 17:53:30",0,0,1,TERBUKA,TERTUTUP
881,28.8,100,3842,4095,"2025-11-22 17:53:36",0,0,1,TERBUKA,TERTUTUP
882,28.8,100,3830,4095,"2025-11-22 17:53:42",0,0,1,TERBUKA,TERTUTUP
883,28.8,100,3807,4095,"2025-11-22 17:53:46",0,0,1,TERBUKA,TERTUTUP
884,28.8,100,3828,4095,"2025-11-22 17:53:58",0,0,1,TERBUKA,TERTUTUP
885,28.8,100,3840,4095,"2025-11-22 17:54:01",0,0,1,TERBUKA,TERTUTUP
886,28.8,100,3826,4095,"2025-11-22 17:54:04",0,0,1,TERBUKA,TERTUTUP
887,28.8,100,3820,4095,"2025-11-22 17:54:08",0,0,1,TERBUKA,TERTUTUP
888,28.8,100,3834,4095,"2025-11-22 17:54:11",0,0,1,TERBUKA,TERTUTUP
889,28.8,100,3814,4095,"2025-11-22 17:54:14",0,0,1,TERBUKA,TERTUTUP
890,28.8,100,3817,4095,"2025-11-22 17:54:17",0,0,1,TERBUKA,TERTUTUP
891,28.8,100,3819,4095,"2025-11-22 17:54:21",0,0,1,TERBUKA,TERTUTUP
892,28.8,100,3868,4095,"2025-11-22 17:54:24",0,0,1,TERBUKA,TERTUTUP
893,28.8,100,4069,4095,"2025-11-22 17:54:27",0,0,1,TERBUKA,TERTUTUP
894,28.8,100,4070,4095,"2025-11-22 17:54:31",0,0,1,TERBUKA,TERTUTUP
895,28.8,100,4073,4095,"2025-11-22 17:54:34",0,0,1,TERBUKA,TERTUTUP
896,28.8,100,4095,4095,"2025-11-22 17:54:37",0,90,1,TERBUKA,TERBUKA
897,28.8,100,4095,4095,"2025-11-22 17:54:37",0,90,1,TERBUKA,TERBUKA
898,28.8,100,4095,4095,"2025-11-22 17:54:43",0,0,1,TERBUKA,TERTUTUP
899,28.8,100,4095,4095,"2025-11-22 17:54:47",0,0,1,TERBUKA,TERTUTUP
900,28.8,100,4090,4095,"2025-11-22 17:54:50",0,0,1,TERBUKA,TERTUTUP
901,28.8,100,4095,4095,"2025-11-22 17:54:53",0,0,1,TERBUKA,TERTUTUP
902,28.8,100,4095,4095,"2025-11-22 17:54:56",0,0,1,TERBUKA,TERTUTUP
903,28.8,100,4088,4095,"2025-11-22 17:55:00",0,0,1,TERBUKA,TERTUTUP
904,28.8,100,3892,4095,"2025-11-22 17:55:03",0,0,1,TERBUKA,TERTUTUP
905,28.8,100,3829,4095,"2025-11-22 17:55:06",0,0,1,TERBUKA,TERTUTUP
906,28.8,100,3827,4095,"2025-11-22 17:55:10",0,0,1,TERBUKA,TERTUTUP
907,28.8,100,3810,4095,"2025-11-22 17:55:13",0,0,1,TERBUKA,TERTUTUP
908,28.8,100,3830,4095,"2025-11-22 17:55:16",0,0,1,TERBUKA,TERTUTUP
909,28.8,100,3856,4095,"2025-11-22 17:55:19",0,0,1,TERBUKA,TERTUTUP
910,28.8,100,3816,4095,"2025-11-22 17:55:25",0,0,1,TERBUKA,TERTUTUP
911,28.8,100,3727,4095,"2025-11-22 17:55:29",0,0,1,TERBUKA,TERTUTUP
912,28.8,100,3807,4095,"2025-11-22 17:55:32",0,0,1,TERBUKA,TERTUTUP
913,28.8,100,3807,4095,"2025-11-22 17:55:35",0,0,1,TERBUKA,TERTUTUP
914,28.8,100,3799,4095,"2025-11-22 17:55:38",0,0,1,TERBUKA,TERTUTUP
915,28.8,100,3797,4095,"2025-11-22 17:55:42",0,0,1,TERBUKA,TERTUTUP
916,28.8,100,3834,4095,"2025-11-22 17:55:45",0,0,1,TERBUKA,TERTUTUP
917,28.8,100,3837,4095,"2025-11-22 17:55:48",0,0,1,TERBUKA,TERTUTUP
918,28.8,100,3838,4095,"2025-11-22 17:55:52",0,0,1,TERBUKA,TERTUTUP
919,28.8,100,3811,4095,"2025-11-22 17:55:55",0,0,1,TERBUKA,TERTUTUP
920,28.8,100,3753,4095,"2025-11-22 17:55:58",0,0,1,TERBUKA,TERTUTUP
921,28.8,100,3840,4095,"2025-11-22 17:56:02",0,0,1,TERBUKA,TERTUTUP
922,28.8,100,3751,4095,"2025-11-22 17:56:05",0,0,1,TERBUKA,TERTUTUP
923,28.8,100,3869,4095,"2025-11-22 17:56:08",0,0,1,TERBUKA,TERTUTUP
924,28.8,100,3835,4095,"2025-11-22 17:56:12",0,0,1,TERBUKA,TERTUTUP
925,28.8,100,3814,4095,"2025-11-22 17:56:15",0,0,1,TERBUKA,TERTUTUP
926,28.8,100,3805,4095,"2025-11-22 17:56:18",0,0,1,TERBUKA,TERTUTUP
927,28.8,100,3814,4095,"2025-11-22 17:56:21",0,0,1,TERBUKA,TERTUTUP
928,28.8,100,3817,4095,"2025-11-22 17:56:25",0,0,1,TERBUKA,TERTUTUP
929,28.8,100,3813,4095,"2025-11-22 17:56:28",0,0,1,TERBUKA,TERTUTUP
930,28.8,100,3912,4095,"2025-11-22 17:56:34",0,0,1,TERBUKA,TERTUTUP
931,28.8,100,735,4095,"2025-11-22 17:56:37",0,0,0,TERBUKA,TERTUTUP
932,28.8,100,3770,4095,"2025-11-22 17:56:40",0,0,1,TERBUKA,TERTUTUP
933,28.8,100,203,4095,"2025-11-22 17:56:44",0,0,0,TERBUKA,TERTUTUP
934,28.8,100,3836,4095,"2025-11-22 17:56:47",0,0,1,TERBUKA,TERTUTUP
935,28.8,100,3830,4095,"2025-11-22 17:56:50",0,0,1,TERBUKA,TERTUTUP
936,28.8,100,3836,4095,"2025-11-22 17:56:54",0,0,1,TERBUKA,TERTUTUP
937,28.8,100,3171,4095,"2025-11-22 17:56:57",0,0,1,TERBUKA,TERTUTUP
938,28.8,100,3069,4095,"2025-11-22 17:57:00",0,0,1,TERBUKA,TERTUTUP
939,28.8,100,3894,4095,"2025-11-22 17:57:03",0,0,1,TERBUKA,TERTUTUP
940,28.8,100,3901,4095,"2025-11-22 17:57:07",0,0,1,TERBUKA,TERTUTUP
941,28.7,100,3859,4095,"2025-11-22 17:58:08",0,0,1,TERBUKA,TERTUTUP
942,28.7,100,3859,4095,"2025-11-22 17:58:11",0,0,1,TERBUKA,TERTUTUP
943,28.7,100,3866,4095,"2025-11-22 17:58:14",0,0,1,TERBUKA,TERTUTUP
944,28.7,100,3833,4095,"2025-11-22 17:58:37",0,0,1,TERBUKA,TERTUTUP
945,28.7,100,3890,4095,"2025-11-22 17:59:05",0,0,1,TERBUKA,TERTUTUP
946,28.7,100,3865,4095,"2025-11-22 17:59:08",0,0,1,TERBUKA,TERTUTUP
947,28.7,100,3817,4095,"2025-11-22 17:59:12",0,0,1,TERBUKA,TERTUTUP
948,28.7,100,3767,4095,"2025-11-22 17:59:15",0,0,1,TERBUKA,TERTUTUP
949,28.7,100,3762,4095,"2025-11-22 17:59:18",0,0,1,TERBUKA,TERTUTUP
950,28.7,100,3812,4095,"2025-11-22 17:59:22",0,0,1,TERBUKA,TERTUTUP
951,28.7,100,4095,4095,"2025-11-22 17:59:25",0,90,1,TERBUKA,TERBUKA
952,28.7,100,4095,4095,"2025-11-22 17:59:25",0,90,1,TERBUKA,TERBUKA
953,28.7,100,3723,4095,"2025-11-22 17:59:28",0,0,1,TERBUKA,TERTUTUP
954,28.7,100,3621,4095,"2025-11-22 17:59:30",0,90,1,TERBUKA,TERBUKA
955,28.7,100,3632,4095,"2025-11-22 17:59:31",0,90,1,TERBUKA,TERBUKA
956,28.7,100,3585,4095,"2025-11-22 17:59:35",0,0,1,TERBUKA,TERTUTUP
957,28.7,100,3585,4095,"2025-11-22 17:59:38",0,0,1,TERBUKA,TERTUTUP
958,28.7,100,3595,4095,"2025-11-22 17:59:44",0,0,1,TERBUKA,TERTUTUP
959,28.7,100,3602,4095,"2025-11-22 17:59:47",0,0,1,TERBUKA,TERTUTUP
960,28.7,100,3635,4095,"2025-11-22 17:59:50",0,0,1,TERBUKA,TERTUTUP
961,28.7,100,3602,4095,"2025-11-22 17:59:54",0,0,1,TERBUKA,TERTUTUP
962,28.7,100,3587,4095,"2025-11-22 17:59:57",0,0,1,TERBUKA,TERTUTUP
963,28.7,100,3625,4095,"2025-11-22 18:00:00",0,0,1,TERBUKA,TERTUTUP
964,28.7,100,3571,4095,"2025-11-22 18:00:04",0,0,1,TERBUKA,TERTUTUP
965,28.7,100,3620,4095,"2025-11-22 18:00:07",0,0,1,TERBUKA,TERTUTUP
966,28.7,100,3613,4095,"2025-11-22 18:00:10",0,0,1,TERBUKA,TERTUTUP
967,28.8,100,3601,4095,"2025-11-22 18:00:13",0,0,1,TERBUKA,TERTUTUP
968,28.8,100,3558,4095,"2025-11-22 18:00:17",0,0,1,TERBUKA,TERTUTUP
969,28.8,100,3598,4095,"2025-11-22 18:00:20",0,0,1,TERBUKA,TERTUTUP
970,28.8,100,3603,4095,"2025-11-22 18:00:23",0,0,1,TERBUKA,TERTUTUP
971,28.8,100,3629,4095,"2025-11-22 18:00:27",0,0,1,TERBUKA,TERTUTUP
972,28.8,100,3606,4095,"2025-11-22 18:00:30",0,0,1,TERBUKA,TERTUTUP
973,28.8,100,3635,4095,"2025-11-22 18:00:33",0,0,1,TERBUKA,TERTUTUP
974,28.8,100,3632,4095,"2025-11-22 18:00:36",0,0,1,TERBUKA,TERTUTUP
975,28.8,100,3610,4095,"2025-11-22 18:00:40",0,0,1,TERBUKA,TERTUTUP
976,28.8,100,3606,4095,"2025-11-22 18:00:43",0,0,1,TERBUKA,TERTUTUP
977,28.8,100,3622,4095,"2025-11-22 18:00:46",0,0,1,TERBUKA,TERTUTUP
978,28.8,100,3629,4095,"2025-11-22 18:00:49",0,0,1,TERBUKA,TERTUTUP
979,28.8,100,3615,4095,"2025-11-22 18:00:53",0,0,1,TERBUKA,TERTUTUP
980,28.8,100,3620,4095,"2025-11-22 18:00:56",0,0,1,TERBUKA,TERTUTUP
981,28.8,100,3612,4095,"2025-11-22 18:00:59",0,0,1,TERBUKA,TERTUTUP
982,28.8,100,3608,4095,"2025-11-22 18:01:03",0,0,1,TERBUKA,TERTUTUP
983,28.8,100,3622,4095,"2025-11-22 18:01:06",0,0,1,TERBUKA,TERTUTUP
984,28.8,100,3527,4095,"2025-11-22 18:01:09",0,0,1,TERBUKA,TERTUTUP
985,28.8,100,3575,4095,"2025-11-22 18:01:12",0,0,1,TERBUKA,TERTUTUP
986,28.8,100,3621,4095,"2025-11-22 18:01:16",0,0,1,TERBUKA,TERTUTUP
987,28.8,100,3624,4095,"2025-11-22 18:01:19",0,0,1,TERBUKA,TERTUTUP
988,28.8,100,3597,4095,"2025-11-22 18:01:22",0,0,1,TERBUKA,TERTUTUP
989,28.8,100,3644,4095,"2025-11-22 18:01:25",0,0,1,TERBUKA,TERTUTUP
990,28.8,100,3591,4095,"2025-11-22 18:01:29",0,0,1,TERBUKA,TERTUTUP
991,28.8,100,3585,4095,"2025-11-22 18:01:32",0,0,1,TERBUKA,TERTUTUP
992,28.8,100,3609,4095,"2025-11-22 18:01:35",0,0,1,TERBUKA,TERTUTUP
993,28.8,100,3599,4095,"2025-11-22 18:01:39",0,0,1,TERBUKA,TERTUTUP
994,28.8,100,3629,4095,"2025-11-22 18:01:42",0,0,1,TERBUKA,TERTUTUP
995,28.8,100,3606,4095,"2025-11-22 18:01:45",0,0,1,TERBUKA,TERTUTUP
996,28.8,100,3583,4095,"2025-11-22 18:01:48",0,0,1,TERBUKA,TERTUTUP
997,28.8,100,3580,4095,"2025-11-22 18:01:52",0,0,1,TERBUKA,TERTUTUP
998,28.8,100,3584,4095,"2025-11-22 18:01:55",0,0,1,TERBUKA,TERTUTUP
999,28.8,100,3596,4095,"2025-11-22 18:01:58",0,0,1,TERBUKA,TERTUTUP
1000,28.8,100,3604,4095,"2025-11-22 18:02:01",0,0,1,TERBUKA,TERTUTUP
1001,28.8,100,3624,4095,"2025-11-22 18:02:05",0,0,1,TERBUKA,TERTUTUP
1002,28.8,100,3603,4095,"2025-11-22 18:02:08",0,0,1,TERBUKA,TERTUTUP
1003,28.8,100,3609,4095,"2025-11-22 18:02:11",0,0,1,TERBUKA,TERTUTUP
1004,28.8,100,3602,4095,"2025-11-22 18:02:15",0,0,1,TERBUKA,TERTUTUP
1005,28.8,100,3599,4095,"2025-11-22 18:02:18",0,0,1,TERBUKA,TERTUTUP
1006,28.8,100,3587,4095,"2025-11-22 18:02:21",0,0,1,TERBUKA,TERTUTUP
1007,28.8,100,3562,4095,"2025-11-22 18:02:25",0,0,1,TERBUKA,TERTUTUP
1008,28.8,100,3586,4095,"2025-11-22 18:02:28",0,0,1,TERBUKA,TERTUTUP
1009,28.8,100,3593,4095,"2025-11-22 18:02:31",0,0,1,TERBUKA,TERTUTUP
1010,28.8,100,3595,4095,"2025-11-22 18:02:35",0,0,1,TERBUKA,TERTUTUP
1011,28.8,100,3597,4095,"2025-11-22 18:02:38",0,0,1,TERBUKA,TERTUTUP
1012,28.8,100,3598,4095,"2025-11-22 18:02:41",0,0,1,TERBUKA,TERTUTUP
1013,28.8,100,3589,4095,"2025-11-22 18:02:44",0,0,1,TERBUKA,TERTUTUP
1014,28.8,100,3586,4095,"2025-11-22 18:02:48",0,0,1,TERBUKA,TERTUTUP
1015,28.8,100,3592,4095,"2025-11-22 18:02:51",0,0,1,TERBUKA,TERTUTUP
1016,28.8,100,3561,4095,"2025-11-22 18:02:54",0,0,1,TERBUKA,TERTUTUP
1017,28.8,100,3594,4095,"2025-11-22 18:02:58",0,0,1,TERBUKA,TERTUTUP
1018,28.9,100,3626,4095,"2025-11-22 18:03:01",0,0,1,TERBUKA,TERTUTUP
1019,28.8,100,3598,4095,"2025-11-22 18:03:04",0,0,1,TERBUKA,TERTUTUP
1020,28.9,100,3587,4095,"2025-11-22 18:03:07",0,0,1,TERBUKA,TERTUTUP
1021,28.9,100,3586,4095,"2025-11-22 18:03:11",0,0,1,TERBUKA,TERTUTUP
1022,28.9,100,3588,4095,"2025-11-22 18:03:14",0,0,1,TERBUKA,TERTUTUP
1023,28.9,100,3604,4095,"2025-11-22 18:03:17",0,0,1,TERBUKA,TERTUTUP
1024,28.9,100,3600,4095,"2025-11-22 18:03:21",0,0,1,TERBUKA,TERTUTUP
1025,28.9,100,3589,4095,"2025-11-22 18:03:24",0,0,1,TERBUKA,TERTUTUP
1026,28.9,100,3648,4095,"2025-11-22 18:03:27",0,0,1,TERBUKA,TERTUTUP
1027,28.9,100,3650,4095,"2025-11-22 18:03:30",0,0,1,TERBUKA,TERTUTUP
1028,28.9,100,3648,4095,"2025-11-22 18:03:34",0,0,1,TERBUKA,TERTUTUP
1029,28.9,100,3641,4095,"2025-11-22 18:03:37",0,0,1,TERBUKA,TERTUTUP
1030,28.9,100,3631,4095,"2025-11-22 18:03:40",0,0,1,TERBUKA,TERTUTUP
1031,28.9,100,3622,4095,"2025-11-22 18:03:44",0,0,1,TERBUKA,TERTUTUP
1032,28.9,100,3648,4095,"2025-11-22 18:03:47",0,0,1,TERBUKA,TERTUTUP
1033,28.9,100,3674,4095,"2025-11-22 18:03:50",0,0,1,TERBUKA,TERTUTUP
1034,28.9,100,3633,4095,"2025-11-22 18:03:53",0,0,1,TERBUKA,TERTUTUP
1035,28.9,100,3622,4095,"2025-11-22 18:03:57",0,0,1,TERBUKA,TERTUTUP
1036,28.9,100,3631,4095,"2025-11-22 18:04:00",0,0,1,TERBUKA,TERTUTUP
1037,28.9,100,3587,4095,"2025-11-22 18:04:03",0,0,1,TERBUKA,TERTUTUP
1038,28.9,100,3632,4095,"2025-11-22 18:04:06",0,0,1,TERBUKA,TERTUTUP
1039,28.9,100,3609,4095,"2025-11-22 18:04:10",0,0,1,TERBUKA,TERTUTUP
1040,28.9,100,3588,4095,"2025-11-22 18:04:13",0,0,1,TERBUKA,TERTUTUP
1041,28.9,100,3588,4095,"2025-11-22 18:04:16",0,0,1,TERBUKA,TERTUTUP
1042,28.9,100,3608,4095,"2025-11-22 18:04:20",0,0,1,TERBUKA,TERTUTUP
1043,28.9,100,3544,4095,"2025-11-22 18:04:23",0,0,1,TERBUKA,TERTUTUP
1044,28.9,100,3625,4095,"2025-11-22 18:04:26",0,0,1,TERBUKA,TERTUTUP
1045,28.9,100,3613,4095,"2025-11-22 18:04:29",0,0,1,TERBUKA,TERTUTUP
1046,28.9,100,3614,4095,"2025-11-22 18:04:33",0,0,1,TERBUKA,TERTUTUP
1047,28.9,100,3626,4095,"2025-11-22 18:04:36",0,0,1,TERBUKA,TERTUTUP
1048,28.9,100,3611,4095,"2025-11-22 18:04:39",0,0,1,TERBUKA,TERTUTUP
1049,28.9,100,3607,4095,"2025-11-22 18:04:43",0,0,1,TERBUKA,TERTUTUP
1050,28.9,100,3616,4095,"2025-11-22 18:04:46",0,0,1,TERBUKA,TERTUTUP
1051,28.9,100,3628,4095,"2025-11-22 18:04:49",0,0,1,TERBUKA,TERTUTUP
1052,28.9,100,3625,4095,"2025-11-22 18:04:52",0,0,1,TERBUKA,TERTUTUP
1053,28.9,100,3659,4095,"2025-11-22 18:04:56",0,0,1,TERBUKA,TERTUTUP
1054,28.9,100,3650,4095,"2025-11-22 18:04:59",0,0,1,TERBUKA,TERTUTUP
1055,28.9,100,3624,4095,"2025-11-22 18:05:02",0,0,1,TERBUKA,TERTUTUP
1056,28.9,100,3609,4095,"2025-11-22 18:05:05",0,0,1,TERBUKA,TERTUTUP
1057,28.9,100,3629,4095,"2025-11-22 18:05:09",0,0,1,TERBUKA,TERTUTUP
1058,28.9,100,3612,4095,"2025-11-22 18:05:12",0,0,1,TERBUKA,TERTUTUP
1059,28.9,100,3606,4095,"2025-11-22 18:05:15",0,0,1,TERBUKA,TERTUTUP
1060,28.9,100,3628,4095,"2025-11-22 18:05:19",0,0,1,TERBUKA,TERTUTUP
1061,28.9,100,3615,4095,"2025-11-22 18:05:22",0,0,1,TERBUKA,TERTUTUP
1062,28.9,100,3598,4095,"2025-11-22 18:05:25",0,0,1,TERBUKA,TERTUTUP
1063,28.9,100,3652,4095,"2025-11-22 18:05:28",0,0,1,TERBUKA,TERTUTUP
1064,28.9,100,3613,4095,"2025-11-22 18:05:32",0,0,1,TERBUKA,TERTUTUP
1065,28.9,100,3630,4095,"2025-11-22 18:05:35",0,0,1,TERBUKA,TERTUTUP
1066,28.9,100,3639,4095,"2025-11-22 18:05:38",0,0,1,TERBUKA,TERTUTUP
1067,28.9,100,3608,4095,"2025-11-22 18:05:41",0,0,1,TERBUKA,TERTUTUP
1068,28.9,100,3611,4095,"2025-11-22 18:05:45",0,0,1,TERBUKA,TERTUTUP
1069,28.9,100,3623,4095,"2025-11-22 18:05:48",0,0,1,TERBUKA,TERTUTUP
1070,28.9,100,3551,4095,"2025-11-22 18:05:51",0,0,1,TERBUKA,TERTUTUP
1071,28.9,100,3611,4095,"2025-11-22 18:05:55",0,0,1,TERBUKA,TERTUTUP
1072,28.9,100,3634,4095,"2025-11-22 18:05:58",0,0,1,TERBUKA,TERTUTUP
1073,28.9,100,3638,4095,"2025-11-22 18:06:01",0,0,1,TERBUKA,TERTUTUP
1074,28.9,100,3659,4095,"2025-11-22 18:06:04",0,0,1,TERBUKA,TERTUTUP
1075,28.9,100,3648,4095,"2025-11-22 18:06:08",0,0,1,TERBUKA,TERTUTUP
1076,28.9,100,3676,4095,"2025-11-22 18:06:11",0,0,1,TERBUKA,TERTUTUP
1077,28.9,100,3666,4095,"2025-11-22 18:06:14",0,0,1,TERBUKA,TERTUTUP
1078,28.9,100,3662,4095,"2025-11-22 18:06:17",0,0,1,TERBUKA,TERTUTUP
1079,28.9,100,3653,4095,"2025-11-22 18:06:21",0,0,1,TERBUKA,TERTUTUP
1080,28.9,100,3650,4095,"2025-11-22 18:06:24",0,0,1,TERBUKA,TERTUTUP
1081,28.9,100,3638,4095,"2025-11-22 18:06:27",0,0,1,TERBUKA,TERTUTUP
1082,28.9,100,3651,4095,"2025-11-22 18:06:34",0,0,1,TERBUKA,TERTUTUP
1083,28.9,100,3706,4095,"2025-11-22 18:06:39",0,0,1,TERBUKA,TERTUTUP
1084,28.9,100,3649,4095,"2025-11-22 18:06:43",0,0,1,TERBUKA,TERTUTUP
1085,28.9,100,3708,4095,"2025-11-22 18:06:46",0,0,1,TERBUKA,TERTUTUP
1086,28.9,100,3644,4095,"2025-11-22 18:06:50",0,0,1,TERBUKA,TERTUTUP
1087,28.9,100,3659,4095,"2025-11-22 18:06:53",0,0,1,TERBUKA,TERTUTUP
1088,28.9,100,3604,4095,"2025-11-22 18:06:56",0,0,1,TERBUKA,TERTUTUP
1089,28.9,100,3662,4095,"2025-11-22 18:06:59",0,0,1,TERBUKA,TERTUTUP
1090,28.9,100,3625,4095,"2025-11-22 18:07:14",0,0,1,TERBUKA,TERTUTUP
1091,28.9,100,3595,4095,"2025-11-22 18:07:17",0,0,1,TERBUKA,TERTUTUP
1092,28.9,100,3603,4095,"2025-11-22 18:07:20",0,0,1,TERBUKA,TERTUTUP
1093,28.9,100,3667,4095,"2025-11-22 18:07:20",0,0,1,TERBUKA,TERTUTUP
1094,28.9,100,3618,4095,"2025-11-22 18:07:24",0,0,1,TERBUKA,TERTUTUP
1095,28.9,100,3618,4095,"2025-11-22 18:07:30",0,0,1,TERBUKA,TERTUTUP
1096,28.9,100,3637,4095,"2025-11-22 18:07:33",0,0,1,TERBUKA,TERTUTUP
1097,28.9,100,3612,4095,"2025-11-22 18:07:37",0,0,1,TERBUKA,TERTUTUP
1098,28.9,100,3622,4095,"2025-11-22 18:07:40",0,0,1,TERBUKA,TERTUTUP
1099,28.9,100,3625,4095,"2025-11-22 18:07:52",0,0,1,TERBUKA,TERTUTUP
1100,28.9,100,3624,4095,"2025-11-22 18:07:54",0,0,1,TERBUKA,TERTUTUP
1101,28.9,100,3613,4095,"2025-11-22 18:07:58",0,0,1,TERBUKA,TERTUTUP
1102,28.9,100,3626,4095,"2025-11-22 18:08:01",0,0,1,TERBUKA,TERTUTUP
1103,28.9,100,3635,4095,"2025-11-22 18:08:04",0,0,1,TERBUKA,TERTUTUP
1104,28.9,100,3622,4095,"2025-11-22 18:08:07",0,0,1,TERBUKA,TERTUTUP
1105,28.9,100,3607,4095,"2025-11-22 18:08:11",0,0,1,TERBUKA,TERTUTUP
1106,28.9,100,3626,4095,"2025-11-22 18:08:14",0,0,1,TERBUKA,TERTUTUP
1107,28.9,100,3632,4095,"2025-11-22 18:08:17",0,0,1,TERBUKA,TERTUTUP
1108,28.9,100,3620,4095,"2025-11-22 18:08:21",0,0,1,TERBUKA,TERTUTUP
1109,28.9,100,3636,4095,"2025-11-22 18:08:24",0,0,1,TERBUKA,TERTUTUP
1110,28.9,100,3617,4095,"2025-11-22 18:08:28",0,0,1,TERBUKA,TERTUTUP
1111,28.9,100,3610,4095,"2025-11-22 18:08:31",0,0,1,TERBUKA,TERTUTUP
1112,28.9,100,3565,4095,"2025-11-22 18:08:35",0,0,1,TERBUKA,TERTUTUP
1113,28.9,100,3604,4095,"2025-11-22 18:08:38",0,0,1,TERBUKA,TERTUTUP
1114,28.9,100,3595,4095,"2025-11-22 18:08:41",0,0,1,TERBUKA,TERTUTUP
1115,28.9,100,3598,4095,"2025-11-22 18:08:44",0,0,1,TERBUKA,TERTUTUP
1116,28.9,100,3588,4095,"2025-11-22 18:08:48",0,0,1,TERBUKA,TERTUTUP
1117,28.9,100,3617,4095,"2025-11-22 18:08:51",0,0,1,TERBUKA,TERTUTUP
1118,28.8,100,3588,4095,"2025-11-22 18:08:54",0,0,1,TERBUKA,TERTUTUP
1119,28.9,100,3625,4095,"2025-11-22 18:08:58",0,0,1,TERBUKA,TERTUTUP
1120,28.9,100,3597,4095,"2025-11-22 18:09:01",0,0,1,TERBUKA,TERTUTUP
1121,28.8,100,3607,4095,"2025-11-22 18:09:04",0,0,1,TERBUKA,TERTUTUP
1122,28.9,100,3606,4095,"2025-11-22 18:09:08",0,0,1,TERBUKA,TERTUTUP
1123,28.8,100,3603,4095,"2025-11-22 18:09:11",0,0,1,TERBUKA,TERTUTUP
1124,28.8,99.9,3603,4095,"2025-11-22 18:09:14",0,0,1,TERBUKA,TERTUTUP
1125,28.8,99.6,3566,4095,"2025-11-22 18:09:18",0,0,1,TERBUKA,TERTUTUP
1126,28.8,99.9,3595,4095,"2025-11-22 18:09:24",0,0,1,TERBUKA,TERTUTUP
1127,28.8,99.9,3634,4095,"2025-11-22 18:09:27",0,0,1,TERBUKA,TERTUTUP
1128,28.8,99.9,3615,4095,"2025-11-22 18:09:30",0,0,1,TERBUKA,TERTUTUP
1129,28.8,100,3619,4095,"2025-11-22 18:09:33",0,0,1,TERBUKA,TERTUTUP
1130,28.8,99.8,3623,4095,"2025-11-22 18:09:37",0,0,1,TERBUKA,TERTUTUP
1131,28.8,99.5,3624,4095,"2025-11-22 18:09:40",0,0,1,TERBUKA,TERTUTUP
1132,28.8,99.7,3607,4095,"2025-11-22 18:09:43",0,0,1,TERBUKA,TERTUTUP
1133,28.8,99.8,3840,4095,"2025-11-22 18:09:46",0,0,1,TERBUKA,TERTUTUP
1134,28.8,99.8,4069,4095,"2025-11-22 18:09:48",0,90,1,TERBUKA,TERBUKA
1135,28.8,100,3593,4095,"2025-11-22 18:09:50",0,90,1,TERBUKA,TERBUKA
1136,28.8,100,3596,4095,"2025-11-22 18:09:53",0,0,1,TERBUKA,TERTUTUP
1137,28.8,100,3622,4095,"2025-11-22 18:09:56",0,0,1,TERBUKA,TERTUTUP
1138,28.8,100,3603,4095,"2025-11-22 18:10:00",0,0,1,TERBUKA,TERTUTUP
1139,28.8,100,3621,4095,"2025-11-22 18:10:03",0,0,1,TERBUKA,TERTUTUP
1140,28.8,100,3599,4095,"2025-11-22 18:10:06",0,0,1,TERBUKA,TERTUTUP
1141,28.7,100,3574,4095,"2025-11-22 18:10:09",0,0,1,TERBUKA,TERTUTUP
1142,28.8,100,3614,4095,"2025-11-22 18:10:13",0,0,1,TERBUKA,TERTUTUP
1143,28.7,100,3590,4095,"2025-11-22 18:10:16",0,0,1,TERBUKA,TERTUTUP
1144,28.7,100,3796,4095,"2025-11-22 18:10:19",0,0,1,TERBUKA,TERTUTUP
1145,28.7,100,3605,4095,"2025-11-22 18:10:26",0,0,1,TERBUKA,TERTUTUP
1146,28.7,100,3558,4095,"2025-11-22 18:10:29",0,0,1,TERBUKA,TERTUTUP
1147,28.7,100,3589,4095,"2025-11-22 18:10:32",0,0,1,TERBUKA,TERTUTUP
1148,28.7,100,3614,4095,"2025-11-22 18:10:35",0,0,1,TERBUKA,TERTUTUP
1149,28.7,100,3610,4095,"2025-11-22 18:10:39",0,0,1,TERBUKA,TERTUTUP
1150,28.7,100,3847,4095,"2025-11-22 18:10:42",0,0,1,TERBUKA,TERTUTUP
1151,28.7,100,3632,4095,"2025-11-22 18:10:48",0,0,1,TERBUKA,TERTUTUP
1152,28.7,100,3621,4095,"2025-11-22 18:10:54",0,0,1,TERBUKA,TERTUTUP
1153,28.7,100,3627,4095,"2025-11-22 18:10:57",0,0,1,TERBUKA,TERTUTUP
1154,28.6,100,3622,4095,"2025-11-22 18:11:01",0,0,1,TERBUKA,TERTUTUP
1155,28.6,100,3640,4095,"2025-11-22 18:11:04",0,0,1,TERBUKA,TERTUTUP
1156,28.7,100,3629,4095,"2025-11-22 18:11:07",0,0,1,TERBUKA,TERTUTUP
1157,28.7,100,3656,4095,"2025-11-22 18:11:10",0,0,1,TERBUKA,TERTUTUP
1158,28.6,100,3603,4095,"2025-11-22 18:11:14",0,0,1,TERBUKA,TERTUTUP
1159,28.7,100,3964,4095,"2025-11-22 18:11:17",0,0,1,TERBUKA,TERTUTUP
1160,28.7,100,4073,4095,"2025-11-22 18:11:18",0,90,1,TERBUKA,TERBUKA
1161,28.7,100,3649,4095,"2025-11-22 18:11:20",0,90,1,TERBUKA,TERBUKA
1162,28.6,100,4075,4095,"2025-11-22 18:11:23",0,90,1,TERBUKA,TERBUKA
1163,28.6,100,3960,4095,"2025-11-22 18:11:24",0,90,1,TERBUKA,TERBUKA
1164,28.6,100,3590,4095,"2025-11-22 18:11:27",0,0,1,TERBUKA,TERTUTUP
1165,28.6,100,3616,4095,"2025-11-22 18:11:30",0,0,1,TERBUKA,TERTUTUP
1166,28.6,100,3577,4095,"2025-11-22 18:11:33",0,0,1,TERBUKA,TERTUTUP
1167,28.6,100,3653,4095,"2025-11-22 18:11:37",0,0,1,TERBUKA,TERTUTUP
1168,28.6,100,3572,4095,"2025-11-22 18:11:40",0,0,1,TERBUKA,TERTUTUP
1169,28.6,100,3649,4095,"2025-11-22 18:11:43",0,0,1,TERBUKA,TERTUTUP
1170,28.7,100,3638,4095,"2025-11-22 18:11:47",0,0,1,TERBUKA,TERTUTUP
1171,28.6,100,3637,4095,"2025-11-22 18:11:50",0,0,1,TERBUKA,TERTUTUP
1172,28.6,100,3591,4095,"2025-11-22 18:11:53",0,0,1,TERBUKA,TERTUTUP
1173,28.6,100,3786,4095,"2025-11-22 18:11:56",0,0,1,TERBUKA,TERTUTUP
1174,28.6,100,3973,4095,"2025-11-22 18:12:00",0,0,1,TERBUKA,TERTUTUP
1175,28.6,100,3991,4095,"2025-11-22 18:12:00",0,90,1,TERBUKA,TERBUKA
1176,28.6,100,3626,4095,"2025-11-22 18:12:03",0,90,1,TERBUKA,TERBUKA
1177,28.6,100,3612,4095,"2025-11-22 18:12:06",0,0,1,TERBUKA,TERTUTUP
1178,28.6,100,3598,4095,"2025-11-22 18:12:09",0,0,1,TERBUKA,TERTUTUP
1179,28.6,100,3624,4095,"2025-11-22 18:12:13",0,0,1,TERBUKA,TERTUTUP
1180,28.7,100,3602,4095,"2025-11-22 18:12:16",0,0,1,TERBUKA,TERTUTUP
1181,28.6,100,3608,4095,"2025-11-22 18:12:19",0,0,1,TERBUKA,TERTUTUP
1182,28.7,100,3612,4095,"2025-11-22 18:12:23",0,0,1,TERBUKA,TERTUTUP
1183,28.6,100,3579,4095,"2025-11-22 18:12:26",0,0,1,TERBUKA,TERTUTUP
1184,28.6,100,3593,4095,"2025-11-22 18:12:29",0,0,1,TERBUKA,TERTUTUP
1185,28.7,100,3625,4095,"2025-11-22 18:12:32",0,0,1,TERBUKA,TERTUTUP
1186,28.7,100,3596,4095,"2025-11-22 18:12:36",0,0,1,TERBUKA,TERTUTUP
1187,28.7,100,3650,4095,"2025-11-22 18:12:39",0,0,1,TERBUKA,TERTUTUP
1188,28.7,100,3648,4095,"2025-11-22 18:12:42",0,0,1,TERBUKA,TERTUTUP
1189,28.7,100,3732,4095,"2025-11-22 18:13:06",0,0,1,TERBUKA,TERTUTUP
1190,28.6,100,3638,4095,"2025-11-22 18:13:10",0,0,1,TERBUKA,TERTUTUP
1191,28.6,100,3626,4095,"2025-11-22 18:13:13",0,0,1,TERBUKA,TERTUTUP
1192,28.6,100,3641,4095,"2025-11-22 18:13:16",0,0,1,TERBUKA,TERTUTUP
1193,28.6,100,3615,4095,"2025-11-22 18:13:20",0,0,1,TERBUKA,TERTUTUP
1194,28.6,100,3618,4095,"2025-11-22 18:13:23",0,0,1,TERBUKA,TERTUTUP
1195,28.6,100,3633,4095,"2025-11-22 18:13:27",0,0,1,TERBUKA,TERTUTUP
1196,28.6,100,3627,4095,"2025-11-22 18:13:30",0,0,1,TERBUKA,TERTUTUP
1197,28.6,100,3660,4095,"2025-11-22 18:13:33",0,0,1,TERBUKA,TERTUTUP
1198,28.6,100,3844,4095,"2025-11-22 18:13:37",0,0,1,TERBUKA,TERTUTUP
1199,28.6,100,3630,4095,"2025-11-22 18:13:40",0,0,1,TERBUKA,TERTUTUP
1200,28.6,100,3639,4095,"2025-11-22 18:13:43",0,0,1,TERBUKA,TERTUTUP
1201,28.6,100,3633,4095,"2025-11-22 18:13:47",0,0,1,TERBUKA,TERTUTUP
1202,28.6,100,3629,4095,"2025-11-22 18:13:50",0,0,1,TERBUKA,TERTUTUP
1203,28.6,100,3627,4095,"2025-11-22 18:13:53",0,0,1,TERBUKA,TERTUTUP
1204,28.6,100,3661,4095,"2025-11-22 18:13:57",0,0,1,TERBUKA,TERTUTUP
1205,28.6,100,3634,4095,"2025-11-22 18:14:00",0,0,1,TERBUKA,TERTUTUP
1206,28.7,100,3660,4095,"2025-11-22 18:14:04",0,0,1,TERBUKA,TERTUTUP
1207,28.6,100,3604,4095,"2025-11-22 18:14:07",0,0,1,TERBUKA,TERTUTUP
1208,28.6,100,3624,4095,"2025-11-22 18:14:10",0,0,1,TERBUKA,TERTUTUP
1209,28.6,100,3644,4095,"2025-11-22 18:14:14",0,0,1,TERBUKA,TERTUTUP
1210,28.6,100,4034,4095,"2025-11-22 18:14:18",0,90,1,TERBUKA,TERBUKA
1211,28.6,100,4034,4095,"2025-11-22 18:14:18",0,90,1,TERBUKA,TERBUKA
1212,28.7,100,4039,4095,"2025-11-22 18:14:21",0,0,1,TERBUKA,TERTUTUP
1213,28.6,100,4019,4095,"2025-11-22 18:14:25",0,0,1,TERBUKA,TERTUTUP
1214,28.6,100,4008,4095,"2025-11-22 18:14:28",0,0,1,TERBUKA,TERTUTUP
1215,28.7,100,3967,4095,"2025-11-22 18:14:32",0,0,1,TERBUKA,TERTUTUP
1216,28.7,100,3977,4095,"2025-11-22 18:14:35",0,0,1,TERBUKA,TERTUTUP
1217,28.7,100,3992,4095,"2025-11-22 18:14:38",0,0,1,TERBUKA,TERTUTUP
1218,28.7,100,4095,4095,"2025-11-22 18:14:41",0,90,1,TERBUKA,TERBUKA
1219,28.7,100,3952,4095,"2025-11-22 18:14:42",0,90,1,TERBUKA,TERBUKA
1220,28.7,100,4008,4095,"2025-11-22 18:14:45",0,0,1,TERBUKA,TERTUTUP
1221,28.7,100,4029,4095,"2025-11-22 18:14:48",0,0,1,TERBUKA,TERTUTUP
1222,28.7,100,4007,4095,"2025-11-22 18:14:52",0,0,1,TERBUKA,TERTUTUP
1223,28.7,100,4015,4095,"2025-11-22 18:14:55",0,0,1,TERBUKA,TERTUTUP
1224,27.9,83.4,1942,4095,"2025-11-24 08:17:06",0,0,1,TERBUKA,TERTUTUP
1225,27.9,76.3,1912,4095,"2025-11-24 08:17:14",0,0,1,TERBUKA,TERTUTUP
1226,27.9,75.5,2214,4095,"2025-11-24 08:17:22",0,0,1,TERBUKA,TERTUTUP
1227,27.9,88.1,2493,4095,"2025-11-24 08:17:27",0,0,1,TERBUKA,TERTUTUP
1228,27.9,93.6,2802,4095,"2025-11-24 08:17:31",0,0,1,TERBUKA,TERTUTUP
1229,28,98.9,2277,4095,"2025-11-24 08:17:41",0,0,1,TERBUKA,TERTUTUP
1230,28.1,100,2119,4095,"2025-11-24 08:17:50",0,0,1,TERBUKA,TERTUTUP
1231,28.2,88.7,2385,4095,"2025-11-24 08:18:06",0,0,1,TERBUKA,TERTUTUP
1232,28.3,80.7,3180,4095,"2025-11-24 08:18:13",0,0,1,TERBUKA,TERTUTUP
1233,28.3,79.5,3323,4095,"2025-11-24 08:18:17",0,0,1,TERBUKA,TERTUTUP
1234,28.3,78.6,2325,4095,"2025-11-24 08:18:25",0,0,1,TERBUKA,TERTUTUP
1235,28.3,77.3,2279,4095,"2025-11-24 08:18:30",0,0,1,TERBUKA,TERTUTUP
1236,28.3,76.9,2247,4095,"2025-11-24 08:18:41",0,0,1,TERBUKA,TERTUTUP
1237,28.2,75.9,2200,4095,"2025-11-24 08:18:49",0,0,1,TERBUKA,TERTUTUP
1238,28.2,75.5,2151,4095,"2025-11-24 08:18:55",0,0,1,TERBUKA,TERTUTUP
1239,28.2,75.6,2116,4095,"2025-11-24 08:19:05",0,0,1,TERBUKA,TERTUTUP
1240,28.2,75.7,2127,4095,"2025-11-24 08:19:11",0,0,1,TERBUKA,TERTUTUP
1241,28.2,75.8,2107,4095,"2025-11-24 08:19:16",0,0,1,TERBUKA,TERTUTUP
1242,28.1,75.9,2105,4095,"2025-11-24 08:19:21",0,0,1,TERBUKA,TERTUTUP
1243,28.1,75.9,2098,4095,"2025-11-24 08:19:31",0,0,1,TERBUKA,TERTUTUP
1244,28.1,75.7,2017,4095,"2025-11-24 08:19:36",0,0,1,TERBUKA,TERTUTUP
1245,28.1,75.4,1950,4095,"2025-11-24 08:19:43",0,0,1,TERBUKA,TERTUTUP
1246,28.1,75.3,2073,4095,"2025-11-24 08:19:48",0,0,1,TERBUKA,TERTUTUP
1247,28.1,75.1,2109,4095,"2025-11-24 08:19:53",0,0,1,TERBUKA,TERTUTUP
1248,28.1,75.2,2500,4095,"2025-11-24 08:20:16",0,0,1,TERBUKA,TERTUTUP
1249,28.1,77,2938,4095,"2025-11-24 08:20:24",0,0,1,TERBUKA,TERTUTUP
1250,28,76.5,2150,4095,"2025-11-24 08:20:37",0,0,1,TERBUKA,TERTUTUP
1251,28,76.2,2218,2134,"2025-11-24 08:20:55",0,0,1,TERBUKA,TERTUTUP
1252,28,78.5,2329,1744,"2025-11-24 08:21:05",180,0,1,TERTUTUP,TERTUTUP
1253,28,79.9,2330,1997,"2025-11-24 08:21:14",180,0,1,TERTUTUP,TERTUTUP
1254,28.1,76.6,2433,4095,"2025-11-24 08:21:34",0,0,1,TERBUKA,TERTUTUP
1255,28.2,75.8,2454,4095,"2025-11-24 08:21:49",0,0,1,TERBUKA,TERTUTUP
1256,28.1,77.1,2486,4095,"2025-11-24 08:22:07",0,0,1,TERBUKA,TERTUTUP
1257,28.2,76.4,2511,4095,"2025-11-24 08:22:11",0,0,1,TERBUKA,TERTUTUP
1258,28.1,75.8,2567,4095,"2025-11-24 08:22:16",0,0,1,TERBUKA,TERTUTUP
1259,28.1,75.6,2601,4095,"2025-11-24 08:22:29",0,0,1,TERBUKA,TERTUTUP
1260,28.1,75.2,2497,4095,"2025-11-24 08:22:36",0,0,1,TERBUKA,TERTUTUP
1261,28.1,74.9,2114,4095,"2025-11-24 08:22:46",0,0,1,TERBUKA,TERTUTUP
1262,28.1,74.7,2273,4095,"2025-11-24 08:22:57",0,0,1,TERBUKA,TERTUTUP
1263,28,75.5,2246,4095,"2025-11-24 08:23:05",0,0,1,TERBUKA,TERTUTUP
1264,28,76,2156,4095,"2025-11-24 08:23:13",0,0,1,TERBUKA,TERTUTUP
1265,28,76,2262,4095,"2025-11-24 08:23:21",0,0,1,TERBUKA,TERTUTUP
1266,28,92,2184,4095,"2025-11-24 08:23:27",0,0,1,TERBUKA,TERTUTUP
1267,28.2,79.2,2587,4095,"2025-11-24 08:23:33",0,0,1,TERBUKA,TERTUTUP
1268,28.2,75.4,2561,4095,"2025-11-24 08:23:38",0,0,1,TERBUKA,TERTUTUP
1269,28.2,75.3,2579,4095,"2025-11-24 08:23:44",0,0,1,TERBUKA,TERTUTUP
1270,28.2,75.1,2590,4095,"2025-11-24 08:23:50",0,0,1,TERBUKA,TERTUTUP
1271,28.2,75.2,2582,4095,"2025-11-24 08:23:57",0,0,1,TERBUKA,TERTUTUP
1272,28.1,74.9,2612,4095,"2025-11-24 08:24:15",0,0,1,TERBUKA,TERTUTUP
1273,28,75.5,2573,4095,"2025-11-24 08:24:21",0,0,1,TERBUKA,TERTUTUP
1274,28,75.2,2634,4095,"2025-11-24 08:24:30",0,0,1,TERBUKA,TERTUTUP
1275,28,75.1,2759,4095,"2025-11-24 08:24:40",0,90,1,TERBUKA,TERBUKA
1276,28,76.6,2792,4095,"2025-11-24 08:24:51",0,0,1,TERBUKA,TERTUTUP
1277,27.9,76.4,2705,4095,"2025-11-24 08:25:05",0,0,1,TERBUKA,TERTUTUP
1278,27.9,76.7,2156,4095,"2025-11-24 08:25:17",0,0,1,TERBUKA,TERTUTUP
1279,27.9,76,2284,4095,"2025-11-24 08:25:25",0,0,1,TERBUKA,TERTUTUP
1280,27.9,78,2226,4095,"2025-11-24 08:25:36",0,0,1,TERBUKA,TERTUTUP
1281,27.8,77.4,2264,4095,"2025-11-24 08:25:45",0,0,1,TERBUKA,TERTUTUP
1282,27.8,75.9,2259,4095,"2025-11-24 08:25:51",0,0,1,TERBUKA,TERTUTUP
1283,27.8,75.7,2248,4095,"2025-11-24 08:25:56",0,0,1,TERBUKA,TERTUTUP
1284,27.8,75.5,2313,4095,"2025-11-24 08:26:05",0,0,1,TERBUKA,TERTUTUP
1285,27.7,76.8,2140,4095,"2025-11-24 08:26:12",0,90,1,TERBUKA,TERBUKA
1286,27.7,76.8,2140,4095,"2025-11-24 08:26:15",0,90,1,TERBUKA,TERBUKA
1287,27.7,77.5,1917,4095,"2025-11-24 08:26:19",0,0,1,TERBUKA,TERTUTUP
1288,27.7,77.4,2010,4095,"2025-11-24 08:26:31",0,0,1,TERBUKA,TERTUTUP
1289,27.8,77.4,1934,4095,"2025-11-24 08:26:36",0,0,1,TERBUKA,TERTUTUP
1290,27.7,78.8,2197,4095,"2025-11-24 08:26:44",0,0,1,TERBUKA,TERTUTUP
1291,27.8,78.5,2178,4095,"2025-11-24 08:26:50",0,90,1,TERBUKA,TERBUKA
1292,27.8,78.5,2178,4095,"2025-11-24 08:26:54",0,90,1,TERBUKA,TERBUKA
1293,27.8,77.8,2114,4095,"2025-11-24 08:27:01",0,0,1,TERBUKA,TERTUTUP
1294,27.8,77.4,1957,4095,"2025-11-24 08:27:12",0,90,1,TERBUKA,TERBUKA
1295,27.8,77.4,1957,4095,"2025-11-24 08:27:14",0,90,1,TERBUKA,TERBUKA
1296,27.8,76.9,2084,4095,"2025-11-24 08:27:19",0,0,1,TERBUKA,TERTUTUP
1297,27.8,76.5,2293,4095,"2025-11-24 08:27:27",0,0,1,TERBUKA,TERTUTUP
1298,27.8,77.1,2145,4095,"2025-11-24 08:27:34",0,0,1,TERBUKA,TERTUTUP
1299,27.8,76.9,2309,4095,"2025-11-24 08:27:54",0,90,1,TERBUKA,TERBUKA
1300,27.8,76.9,2309,4095,"2025-11-24 08:27:55",0,0,1,TERBUKA,TERTUTUP
1301,27.8,77.5,2194,4095,"2025-11-24 08:28:01",0,0,1,TERBUKA,TERTUTUP
1302,27.9,79.5,2123,4095,"2025-11-24 08:28:09",0,0,1,TERBUKA,TERTUTUP
1303,27.9,78.3,2659,4095,"2025-11-24 08:28:28",0,0,1,TERBUKA,TERTUTUP
1304,28,78.1,2675,4095,"2025-11-24 08:28:30",0,90,1,TERBUKA,TERBUKA
1305,28,78.7,2144,4095,"2025-11-24 08:28:39",0,0,1,TERBUKA,TERTUTUP
1306,28,78.1,2048,4095,"2025-11-24 08:28:47",0,0,1,TERBUKA,TERTUTUP
1307,28,77.5,2344,4095,"2025-11-24 08:28:51",0,0,1,TERBUKA,TERTUTUP
1308,28,77.6,2362,4095,"2025-11-24 08:28:55",0,90,1,TERBUKA,TERBUKA
1309,28,77.6,2362,4095,"2025-11-24 08:28:56",0,90,1,TERBUKA,TERBUKA
1310,27.9,79.2,2289,4095,"2025-11-24 08:28:57",0,0,1,TERBUKA,TERTUTUP
1311,28.1,76.6,2000,4095,"2025-11-24 08:29:02",0,0,1,TERBUKA,TERTUTUP
1312,28.1,76.5,2194,4095,"2025-11-24 08:29:13",0,0,1,TERBUKA,TERTUTUP
1313,28.1,77.4,2259,4095,"2025-11-24 08:29:20",0,0,1,TERBUKA,TERTUTUP
1314,28.1,76.3,2124,4095,"2025-11-24 08:29:28",0,0,1,TERBUKA,TERTUTUP
1315,28.1,75.9,2088,4095,"2025-11-24 08:29:32",0,0,1,TERBUKA,TERTUTUP
1316,28.1,75.9,2027,4095,"2025-11-24 08:29:36",0,0,1,TERBUKA,TERTUTUP
1317,28.1,75.9,2370,4095,"2025-11-24 08:29:42",0,0,1,TERBUKA,TERTUTUP
1318,28.1,75.9,2140,4095,"2025-11-24 08:29:51",0,0,1,TERBUKA,TERTUTUP
1319,28.1,76.5,2017,4095,"2025-11-24 08:30:03",0,0,1,TERBUKA,TERTUTUP
1320,28.1,76.3,2460,4095,"2025-11-24 08:30:13",0,0,1,TERBUKA,TERTUTUP
1321,28,76.5,1953,4095,"2025-11-24 08:30:25",0,0,1,TERBUKA,TERTUTUP
1322,28,76.2,2574,4095,"2025-11-24 08:30:30",0,0,1,TERBUKA,TERTUTUP
1323,28,76.8,1973,4095,"2025-11-24 08:30:37",0,0,1,TERBUKA,TERTUTUP
1324,28,76.2,1947,4095,"2025-11-24 08:30:43",0,0,1,TERBUKA,TERTUTUP
1325,28,76.4,1955,4095,"2025-11-24 08:30:50",0,0,1,TERBUKA,TERTUTUP
1326,28,76.5,2417,4095,"2025-11-24 08:30:56",0,0,1,TERBUKA,TERTUTUP
1327,28,76.3,2395,4095,"2025-11-24 08:31:06",0,0,1,TERBUKA,TERTUTUP
1328,28,76.4,2275,4095,"2025-11-24 08:31:18",0,0,1,TERBUKA,TERTUTUP
1329,28,77.2,2020,4095,"2025-11-24 08:31:24",0,0,0,TERBUKA,TERTUTUP
1330,28,78.6,2204,4095,"2025-11-24 08:31:34",0,0,1,TERBUKA,TERTUTUP
1331,28,77.8,1991,4095,"2025-11-24 08:31:44",0,0,1,TERBUKA,TERTUTUP
1332,28,77.8,2155,4095,"2025-11-24 08:31:50",0,0,1,TERBUKA,TERTUTUP
1333,28,77.4,1700,4095,"2025-11-24 08:31:56",0,0,0,TERBUKA,TERTUTUP
1334,28,78.2,1733,4095,"2025-11-24 08:32:18",0,0,0,TERBUKA,TERTUTUP
1335,28,79.3,1843,4095,"2025-11-24 08:32:24",0,0,0,TERBUKA,TERTUTUP
1336,28.1,79.4,1727,4095,"2025-11-24 08:32:31",0,0,0,TERBUKA,TERTUTUP
1337,28.1,78.1,1801,4095,"2025-11-24 08:32:40",0,0,0,TERBUKA,TERTUTUP
1338,28.1,77.4,1733,4095,"2025-11-24 08:32:46",0,0,0,TERBUKA,TERTUTUP
1339,28.1,77.9,1797,4095,"2025-11-24 08:32:54",0,0,0,TERBUKA,TERTUTUP
1340,28.1,76.6,1880,4095,"2025-11-24 08:33:01",0,0,0,TERBUKA,TERTUTUP
1341,28.1,76.2,1802,4095,"2025-11-24 08:33:05",0,0,0,TERBUKA,TERTUTUP
1342,28.1,76.2,1897,4095,"2025-11-24 08:33:12",0,0,0,TERBUKA,TERTUTUP
1343,28.2,76.9,1791,4095,"2025-11-24 08:33:20",0,0,0,TERBUKA,TERTUTUP
1344,28.2,77,1750,4095,"2025-11-24 08:33:34",0,0,0,TERBUKA,TERTUTUP
1345,28.2,76.5,2067,4095,"2025-11-24 08:33:41",0,0,0,TERBUKA,TERTUTUP
1346,28.2,76.2,2275,4095,"2025-11-24 08:33:53",0,0,1,TERBUKA,TERTUTUP
1347,28.1,76.3,1725,4095,"2025-11-24 08:34:07",0,0,0,TERBUKA,TERTUTUP
1348,28.1,76.5,1951,4095,"2025-11-24 08:34:18",0,0,0,TERBUKA,TERTUTUP
1349,28,77.7,1831,4095,"2025-11-24 08:34:23",0,0,0,TERBUKA,TERTUTUP
1350,28,77.4,1854,4095,"2025-11-24 08:34:31",0,0,0,TERBUKA,TERTUTUP
1351,28,77.4,1847,4095,"2025-11-24 08:34:36",0,0,0,TERBUKA,TERTUTUP
1352,28,76.4,1890,4095,"2025-11-24 08:34:49",0,0,0,TERBUKA,TERTUTUP
1353,27.9,77.2,2357,4095,"2025-11-24 08:34:58",0,0,1,TERBUKA,TERTUTUP
1354,27.9,76.5,1973,4095,"2025-11-24 08:35:02",0,0,1,TERBUKA,TERTUTUP
1355,27.9,76.3,2064,4095,"2025-11-24 08:35:12",0,0,1,TERBUKA,TERTUTUP
1356,27.8,76.6,2160,4095,"2025-11-24 08:35:17",0,0,1,TERBUKA,TERTUTUP
1357,27.8,78,1914,4095,"2025-11-24 08:35:28",0,0,1,TERBUKA,TERTUTUP
1358,27.8,78.2,2085,4095,"2025-11-24 08:35:36",0,0,1,TERBUKA,TERTUTUP
1359,27.8,78.2,2068,4095,"2025-11-24 08:35:43",0,0,1,TERBUKA,TERTUTUP
1360,27.9,78.5,2015,4095,"2025-11-24 08:35:50",0,0,1,TERBUKA,TERTUTUP
1361,27.9,78.2,1986,4095,"2025-11-24 08:35:57",0,0,1,TERBUKA,TERTUTUP
1362,27.9,78.1,1868,4095,"2025-11-24 08:36:03",0,0,0,TERBUKA,TERTUTUP
1363,27.9,77.8,1937,4095,"2025-11-24 08:36:09",0,0,0,TERBUKA,TERTUTUP
1364,28,77.6,1933,4095,"2025-11-24 08:36:13",0,0,0,TERBUKA,TERTUTUP
1365,28,77.6,1967,4095,"2025-11-24 08:36:17",0,0,0,TERBUKA,TERTUTUP
1366,28,78.1,2060,4095,"2025-11-24 08:36:22",0,0,0,TERBUKA,TERTUTUP
1367,28,79.4,2033,4095,"2025-11-24 08:36:26",0,0,0,TERBUKA,TERTUTUP
1368,28,77.8,2246,4095,"2025-11-24 08:36:31",0,0,1,TERBUKA,TERTUTUP
1369,28,77.8,2186,4095,"2025-11-24 08:36:38",0,0,1,TERBUKA,TERTUTUP
1370,28,77.5,2905,4095,"2025-11-24 08:36:56",0,0,1,TERBUKA,TERTUTUP
1371,28,77.1,3005,4095,"2025-11-24 08:37:09",0,90,1,TERBUKA,TERBUKA
1372,28,77.6,3143,4095,"2025-11-24 08:37:15",0,0,1,TERBUKA,TERTUTUP
1373,28,77.1,3005,4095,"2025-11-24 08:37:24",0,0,1,TERBUKA,TERTUTUP
1374,28,76.2,1903,4095,"2025-11-24 08:37:26",0,0,1,TERBUKA,TERTUTUP
1375,27.9,76.1,2201,4095,"2025-11-24 08:37:33",0,0,1,TERBUKA,TERTUTUP
1376,28,76.1,2093,4095,"2025-11-24 08:37:40",0,0,1,TERBUKA,TERTUTUP
1377,27.9,76.2,1793,4095,"2025-11-24 08:37:57",0,0,0,TERBUKA,TERTUTUP
1378,27.9,76.6,1755,4095,"2025-11-24 08:38:01",0,0,0,TERBUKA,TERTUTUP
1379,27.9,76.8,1750,4095,"2025-11-24 08:38:05",0,0,0,TERBUKA,TERTUTUP
1380,27.9,76.4,1809,4095,"2025-11-24 08:38:10",0,0,0,TERBUKA,TERTUTUP
1381,27.9,76.2,1764,4095,"2025-11-24 08:38:18",0,0,0,TERBUKA,TERTUTUP
1382,27.9,76,1735,4095,"2025-11-24 08:38:29",0,0,0,TERBUKA,TERTUTUP
1383,27.9,77.7,1879,4095,"2025-11-24 08:38:44",0,0,0,TERBUKA,TERTUTUP
1384,27.9,76.6,2197,4095,"2025-11-24 08:38:48",0,0,1,TERBUKA,TERTUTUP
1385,27.9,76.3,2316,4095,"2025-11-24 08:38:53",0,0,1,TERBUKA,TERTUTUP
1386,27.9,77.7,2666,4095,"2025-11-24 08:39:00",0,0,1,TERBUKA,TERTUTUP
1387,27.9,77.5,2228,4095,"2025-11-24 08:39:06",0,0,1,TERBUKA,TERTUTUP
1388,27.9,76.7,2189,4095,"2025-11-24 08:39:12",0,0,1,TERBUKA,TERTUTUP
1389,27.9,76.6,2214,4095,"2025-11-24 08:39:17",0,0,1,TERBUKA,TERTUTUP
1390,27.9,76.6,2140,4095,"2025-11-24 08:39:24",0,0,1,TERBUKA,TERTUTUP
1391,27.9,76.7,2456,4095,"2025-11-24 08:39:28",0,0,1,TERBUKA,TERTUTUP
1392,27.9,76.8,2466,4095,"2025-11-24 08:39:38",0,0,1,TERBUKA,TERTUTUP
1393,27.8,77.5,2354,4095,"2025-11-24 08:39:44",0,0,1,TERBUKA,TERTUTUP
1394,27.9,76.9,2840,4095,"2025-11-24 08:39:49",0,0,1,TERBUKA,TERTUTUP
1395,27.9,76.7,2768,4095,"2025-11-24 08:39:55",0,0,1,TERBUKA,TERTUTUP
1396,27.9,76.5,2779,4095,"2025-11-24 08:40:00",0,0,1,TERBUKA,TERTUTUP
1397,27.9,76.9,3221,4095,"2025-11-24 08:40:07",0,0,1,TERBUKA,TERTUTUP
1398,27.9,77.5,2781,4095,"2025-11-24 08:40:15",0,0,1,TERBUKA,TERTUTUP
1399,27.9,77,2970,4095,"2025-11-24 08:40:19",0,0,1,TERBUKA,TERTUTUP
1400,27.8,77.6,3152,4095,"2025-11-24 08:40:32",0,0,1,TERBUKA,TERTUTUP
1401,27.9,77.7,3356,4095,"2025-11-24 08:40:32",0,0,1,TERBUKA,TERTUTUP
1402,27.8,78,2534,4095,"2025-11-24 08:40:35",0,90,1,TERBUKA,TERBUKA
1403,27.8,78,2534,4095,"2025-11-24 08:40:35",0,90,1,TERBUKA,TERBUKA
1404,27.9,79.2,2405,4095,"2025-11-24 08:40:42",0,0,1,TERBUKA,TERTUTUP
1405,27.9,78.7,2308,4095,"2025-11-24 08:40:47",0,0,1,TERBUKA,TERTUTUP
1406,27.9,79.4,2696,4095,"2025-11-24 08:40:50",0,90,1,TERBUKA,TERBUKA
1407,27.9,79.4,2696,4095,"2025-11-24 08:40:51",0,90,1,TERBUKA,TERBUKA
1408,27.9,79.9,2511,4095,"2025-11-24 08:40:55",0,0,1,TERBUKA,TERTUTUP
1409,27.9,80.4,2548,4095,"2025-11-24 08:41:02",0,0,1,TERBUKA,TERTUTUP
1410,27.9,78,2722,4095,"2025-11-24 08:41:08",0,90,1,TERBUKA,TERBUKA
1411,27.9,78,2722,4095,"2025-11-24 08:41:09",0,90,1,TERBUKA,TERBUKA
1412,28,77.5,3031,4095,"2025-11-24 08:41:14",0,0,1,TERBUKA,TERTUTUP
1413,28,77.5,2225,4095,"2025-11-24 08:41:18",0,0,1,TERBUKA,TERTUTUP
1414,28,77.2,2219,4095,"2025-11-24 08:41:21",0,0,1,TERBUKA,TERTUTUP
1415,28,77.4,2185,4095,"2025-11-24 08:41:25",0,0,1,TERBUKA,TERTUTUP
1416,28,77.2,2171,4095,"2025-11-24 08:41:29",0,0,1,TERBUKA,TERTUTUP
1417,28,77.2,2148,4095,"2025-11-24 08:41:33",0,0,1,TERBUKA,TERTUTUP
1418,28,77.2,2130,4095,"2025-11-24 08:41:38",0,0,1,TERBUKA,TERTUTUP
1419,28,77.2,2122,4095,"2025-11-24 08:41:42",0,0,1,TERBUKA,TERTUTUP
1420,28.1,77.1,2074,4095,"2025-11-24 08:41:45",0,0,1,TERBUKA,TERTUTUP
1421,28.1,76.7,2141,4095,"2025-11-24 08:41:50",0,0,1,TERBUKA,TERTUTUP
1422,28.1,76.8,3154,4095,"2025-11-24 08:41:55",0,0,1,TERBUKA,TERTUTUP
1423,28.1,76.9,3302,4095,"2025-11-24 08:42:00",0,0,1,TERBUKA,TERTUTUP
1424,28.1,77.3,2861,4095,"2025-11-24 08:42:05",0,0,1,TERBUKA,TERTUTUP
1425,28.1,77.6,3302,4095,"2025-11-24 08:42:09",0,0,1,TERBUKA,TERTUTUP
1426,28.1,77.6,2627,4095,"2025-11-24 08:42:13",0,0,1,TERBUKA,TERTUTUP
1427,28.1,77.2,2683,4095,"2025-11-24 08:42:18",0,0,1,TERBUKA,TERTUTUP
1428,28.1,77.3,2876,4095,"2025-11-24 08:42:23",0,0,1,TERBUKA,TERTUTUP
1429,28.1,77.3,2779,4095,"2025-11-24 08:42:27",0,0,1,TERBUKA,TERTUTUP
1430,28.1,76.8,2528,4095,"2025-11-24 08:42:37",0,0,1,TERBUKA,TERTUTUP
1431,28.1,76.6,2482,4095,"2025-11-24 08:42:42",0,90,1,TERBUKA,TERBUKA
1432,28.1,76.6,2482,4095,"2025-11-24 08:42:43",0,90,1,TERBUKA,TERBUKA
1433,28.1,76.4,2565,4095,"2025-11-24 08:42:47",0,0,1,TERBUKA,TERTUTUP
1434,28.1,77.1,2513,4095,"2025-11-24 08:42:53",0,0,1,TERBUKA,TERTUTUP
1435,28.1,77.3,2510,4095,"2025-11-24 08:42:56",0,0,1,TERBUKA,TERTUTUP
1436,28.1,77,2576,4095,"2025-11-24 08:43:04",0,0,1,TERBUKA,TERTUTUP
1437,28.1,76.9,2390,4095,"2025-11-24 08:43:08",0,0,1,TERBUKA,TERTUTUP
1438,28.1,76.9,2451,4095,"2025-11-24 08:43:10",0,90,1,TERBUKA,TERBUKA
1439,28.2,77,2438,4095,"2025-11-24 08:43:12",0,90,1,TERBUKA,TERBUKA
1440,28.2,77.7,2475,4095,"2025-11-24 08:43:16",0,0,1,TERBUKA,TERTUTUP
1441,28.2,77.9,2396,4095,"2025-11-24 08:43:21",0,0,1,TERBUKA,TERTUTUP
1442,28.2,77.3,2344,4095,"2025-11-24 08:43:27",0,0,1,TERBUKA,TERTUTUP
1443,28.2,77.1,2134,4095,"2025-11-24 08:43:29",0,90,1,TERBUKA,TERBUKA
1444,28.2,77,2158,4095,"2025-11-24 08:43:33",0,0,1,TERBUKA,TERTUTUP
1445,28.2,76.9,2434,4095,"2025-11-24 08:43:38",0,0,1,TERBUKA,TERTUTUP
1446,28.3,76.5,2509,4095,"2025-11-24 08:43:47",0,0,1,TERBUKA,TERTUTUP
1447,28.3,76.3,2377,4095,"2025-11-24 08:43:49",0,90,1,TERBUKA,TERBUKA
1448,28.3,76.5,2494,4095,"2025-11-24 08:43:52",0,90,1,TERBUKA,TERBUKA
1449,28.3,76.6,2526,4095,"2025-11-24 08:43:56",0,0,1,TERBUKA,TERTUTUP
1450,28.3,76.4,2795,4095,"2025-11-24 08:43:59",0,0,1,TERBUKA,TERTUTUP
1451,28.3,76.3,2861,4095,"2025-11-24 08:44:03",0,0,1,TERBUKA,TERTUTUP
1452,28.3,76.3,2673,4095,"2025-11-24 08:44:09",0,0,1,TERBUKA,TERTUTUP
1453,28.3,75.9,2584,4095,"2025-11-24 08:44:13",0,0,1,TERBUKA,TERTUTUP
1454,28.3,75.7,2550,4095,"2025-11-24 08:44:16",0,0,1,TERBUKA,TERTUTUP
1455,28.3,75.6,2440,4095,"2025-11-24 08:44:23",0,90,1,TERBUKA,TERBUKA
1456,28.3,75.6,2440,4095,"2025-11-24 08:44:23",0,0,1,TERBUKA,TERTUTUP
1457,28.3,76.3,1957,4095,"2025-11-24 08:44:49",0,0,0,TERBUKA,TERTUTUP
1458,28.2,76.1,1975,4095,"2025-11-24 08:44:52",0,0,0,TERBUKA,TERTUTUP
1459,28.2,77.5,1932,4095,"2025-11-24 08:44:59",0,0,0,TERBUKA,TERTUTUP
1460,28.3,78.6,1930,4095,"2025-11-24 08:45:00",0,45,0,TERBUKA,TERBUKA
1461,28.3,78.6,1900,4095,"2025-11-24 08:45:03",0,45,0,TERBUKA,TERBUKA
1462,28.3,79,1979,4095,"2025-11-24 08:45:06",0,0,0,TERBUKA,TERTUTUP
1463,28.3,78.1,1969,4095,"2025-11-24 08:45:10",0,0,0,TERBUKA,TERTUTUP
1464,28.3,77.4,1947,4095,"2025-11-24 08:45:17",0,45,0,TERBUKA,TERBUKA
1465,28.3,77.4,1947,4095,"2025-11-24 08:45:18",0,0,0,TERBUKA,TERTUTUP
1466,28.3,77.8,1875,4095,"2025-11-24 08:45:27",0,45,0,TERBUKA,TERBUKA
1467,28.3,77.8,1875,4095,"2025-11-24 08:45:27",0,0,0,TERBUKA,TERTUTUP
1468,28.3,76.6,2117,4095,"2025-11-24 08:45:32",0,0,1,TERBUKA,TERTUTUP
1469,28.3,76.1,2060,4095,"2025-11-24 08:45:51",0,0,1,TERBUKA,TERTUTUP
1470,28.3,75.9,1929,4095,"2025-11-24 08:45:56",0,0,1,TERBUKA,TERTUTUP
1471,28.3,76.2,1821,4095,"2025-11-24 08:46:00",0,0,0,TERBUKA,TERTUTUP
1472,28.4,76,1861,4095,"2025-11-24 08:46:06",0,0,0,TERBUKA,TERTUTUP
1473,28.4,76,1903,4095,"2025-11-24 08:46:10",0,0,0,TERBUKA,TERTUTUP
1474,28.3,75.9,1833,4095,"2025-11-24 08:46:14",0,0,0,TERBUKA,TERTUTUP
1475,28.4,75,1820,4095,"2025-11-24 08:46:19",0,0,0,TERBUKA,TERTUTUP
1476,28.3,74.9,1856,4095,"2025-11-24 08:46:24",0,0,0,TERBUKA,TERTUTUP
1477,28.4,75,1787,4095,"2025-11-24 08:46:25",0,45,0,TERBUKA,TERBUKA
1478,28.4,75,1769,4095,"2025-11-24 08:46:30",0,0,0,TERBUKA,TERTUTUP
1479,28.3,75.3,1787,4095,"2025-11-24 08:46:31",0,45,0,TERBUKA,TERBUKA
1480,28.3,75.3,1794,4095,"2025-11-24 08:46:33",0,45,0,TERBUKA,TERBUKA
1481,28.3,75.3,1799,4095,"2025-11-24 08:46:39",0,0,0,TERBUKA,TERTUTUP
1482,28.3,75.5,1803,4095,"2025-11-24 08:46:42",0,0,0,TERBUKA,TERTUTUP
1483,28.3,75.5,1821,4095,"2025-11-24 08:46:48",0,0,0,TERBUKA,TERTUTUP
1484,28.3,75.4,1741,4095,"2025-11-24 08:46:52",0,0,0,TERBUKA,TERTUTUP
1485,28.3,75.4,1820,4095,"2025-11-24 08:46:54",0,45,0,TERBUKA,TERBUKA
1486,28.3,75.2,1850,4095,"2025-11-24 08:46:56",0,45,0,TERBUKA,TERBUKA
1487,28.3,75.2,1887,4095,"2025-11-24 08:47:00",0,0,0,TERBUKA,TERTUTUP
1488,28.3,75.6,1866,4095,"2025-11-24 08:47:07",0,0,0,TERBUKA,TERTUTUP
1489,28.3,75.9,1827,4095,"2025-11-24 08:47:12",0,0,0,TERBUKA,TERTUTUP
1490,28.3,76.2,1857,4095,"2025-11-24 08:47:34",0,0,0,TERBUKA,TERTUTUP
1491,28.2,75.4,1855,4095,"2025-11-24 08:47:40",0,0,0,TERBUKA,TERTUTUP
1492,28.3,75.4,2018,4095,"2025-11-24 08:47:44",0,-90,0,TERBUKA,TERBUKA
1493,28.3,75.4,2018,4095,"2025-11-24 08:47:45",0,-90,0,TERBUKA,TERBUKA
1494,28.3,75.1,2021,4095,"2025-11-24 08:47:48",0,0,0,TERBUKA,TERTUTUP
1495,28.3,75.1,2018,4095,"2025-11-24 08:47:50",0,-90,0,TERBUKA,TERBUKA
1496,28.3,75.1,2021,4095,"2025-11-24 08:47:52",0,-90,0,TERBUKA,TERBUKA
1497,28.3,75.2,1984,4095,"2025-11-24 08:47:55",0,0,0,TERBUKA,TERTUTUP
1498,28.2,74.9,2257,4095,"2025-11-24 08:48:00",0,0,1,TERBUKA,TERTUTUP
1499,28.3,74.9,2016,4095,"2025-11-24 08:48:07",0,0,1,TERBUKA,TERTUTUP
1500,28.3,75.1,1986,4095,"2025-11-24 08:48:15",0,0,1,TERBUKA,TERTUTUP
1501,28.2,75.5,1931,4095,"2025-11-24 08:48:19",0,0,1,TERBUKA,TERTUTUP
1502,28.2,75.4,1960,4095,"2025-11-24 08:48:23",0,0,1,TERBUKA,TERTUTUP
1503,28.2,75.4,1913,4095,"2025-11-24 08:48:29",0,0,1,TERBUKA,TERTUTUP
1504,28.2,75.9,1978,4095,"2025-11-24 08:48:32",0,0,1,TERBUKA,TERTUTUP
1505,28.2,75.8,1966,4095,"2025-11-24 08:48:38",0,0,1,TERBUKA,TERTUTUP
1506,28.2,75.4,2046,4095,"2025-11-24 08:48:44",0,0,1,TERBUKA,TERTUTUP
1507,28.2,75.2,2903,4095,"2025-11-24 08:48:49",0,0,1,TERBUKA,TERTUTUP
1508,28.2,75.3,3381,4095,"2025-11-24 08:49:02",0,0,1,TERBUKA,TERTUTUP
1509,28.2,75.8,2302,4095,"2025-11-24 08:49:10",0,0,1,TERBUKA,TERTUTUP
1510,28.2,75.4,2993,4095,"2025-11-24 08:49:11",0,-90,1,TERBUKA,TERBUKA
1511,28.2,75.4,2924,4095,"2025-11-24 08:49:15",0,-90,1,TERBUKA,TERBUKA
1512,28.2,75.4,1825,4095,"2025-11-24 08:49:18",0,0,0,TERBUKA,TERTUTUP
1513,28.2,75.4,1812,4095,"2025-11-24 08:49:30",0,0,0,TERBUKA,TERTUTUP
1514,28.2,75.3,1937,4095,"2025-11-24 08:49:51",0,0,0,TERBUKA,TERTUTUP
1515,28.2,75.2,1898,4095,"2025-11-24 08:49:57",0,0,0,TERBUKA,TERTUTUP
1516,28.2,75.9,2075,4095,"2025-11-24 08:50:05",0,90,0,TERBUKA,TERBUKA
1517,28.2,75.9,2075,4095,"2025-11-24 08:50:07",0,90,0,TERBUKA,TERBUKA
1518,28.2,76.6,2091,4095,"2025-11-24 08:50:20",0,0,1,TERBUKA,TERTUTUP
1519,28.2,77,2748,4095,"2025-11-24 08:50:25",0,0,1,TERBUKA,TERTUTUP
1520,28.2,76.7,2682,4095,"2025-11-24 08:50:34",0,0,1,TERBUKA,TERTUTUP
1521,28.3,76.6,1812,4095,"2025-11-24 08:50:42",0,0,0,TERBUKA,TERTUTUP
1522,28.3,75.9,2480,4095,"2025-11-24 08:50:48",0,0,1,TERBUKA,TERTUTUP
1523,28.3,76.9,2376,4095,"2025-11-24 08:50:52",0,0,1,TERBUKA,TERTUTUP
1524,28.3,75.7,2184,4095,"2025-11-24 08:51:02",0,0,1,TERBUKA,TERTUTUP
1525,28.3,78.7,1865,4095,"2025-11-24 08:51:20",0,0,0,TERBUKA,TERTUTUP
1526,28.3,76,2024,4095,"2025-11-24 08:51:28",0,0,0,TERBUKA,TERTUTUP
1527,28.3,74.6,1898,4095,"2025-11-24 08:51:44",0,0,0,TERBUKA,TERTUTUP
1528,28.3,74.6,1930,4095,"2025-11-24 08:51:47",0,0,0,TERBUKA,TERTUTUP
1529,28.3,74.3,2016,4095,"2025-11-24 08:51:51",0,0,0,TERBUKA,TERTUTUP
1530,28.3,74.4,1916,4095,"2025-11-24 08:51:55",0,0,0,TERBUKA,TERTUTUP
1531,28.3,74.5,1953,4095,"2025-11-24 08:52:00",0,0,0,TERBUKA,TERTUTUP
1532,28.3,74.6,2929,4095,"2025-11-24 08:52:08",0,0,1,TERBUKA,TERTUTUP
1533,28.3,74.8,3901,4095,"2025-11-24 08:52:13",0,0,1,TERBUKA,TERTUTUP
1534,28.3,75,3519,4095,"2025-11-24 08:52:19",0,0,1,TERBUKA,TERTUTUP
1535,28.3,75,2213,4095,"2025-11-24 08:52:26",0,0,1,TERBUKA,TERTUTUP
1536,28.3,74.9,2158,4095,"2025-11-24 08:52:43",0,0,1,TERBUKA,TERTUTUP
1537,28.3,75.3,2233,4095,"2025-11-24 08:52:44",0,0,1,TERBUKA,TERTUTUP
1538,28.2,77.9,2197,4095,"2025-11-24 08:52:48",0,0,1,TERBUKA,TERTUTUP
1539,28.3,74.9,2076,4095,"2025-11-24 08:52:52",0,0,1,TERBUKA,TERTUTUP
1540,28.3,75.1,2047,4095,"2025-11-24 08:52:56",0,0,1,TERBUKA,TERTUTUP
1541,28.3,74.2,1910,4095,"2025-11-24 08:53:02",0,0,1,TERBUKA,TERTUTUP
1542,28.3,74.4,2531,4095,"2025-11-24 08:53:09",0,0,1,TERBUKA,TERTUTUP
1543,28.3,74.4,2282,4095,"2025-11-24 08:53:15",0,0,1,TERBUKA,TERTUTUP
1544,28.3,74.1,2161,4095,"2025-11-24 08:53:22",0,0,1,TERBUKA,TERTUTUP
1545,28.2,75.4,2068,4095,"2025-11-24 08:53:27",0,0,1,TERBUKA,TERTUTUP
1546,28.3,75.4,2005,4095,"2025-11-24 08:53:31",0,0,1,TERBUKA,TERTUTUP
1547,28.2,75.6,2606,4095,"2025-11-24 08:53:35",0,0,1,TERBUKA,TERTUTUP
1548,28.2,74.6,2939,4095,"2025-11-24 08:53:39",0,0,1,TERBUKA,TERTUTUP
1549,28.2,74.5,2621,4095,"2025-11-24 08:53:42",0,0,1,TERBUKA,TERTUTUP
1550,28.2,74.9,2843,4095,"2025-11-24 08:53:47",0,0,1,TERBUKA,TERTUTUP
1551,28.2,75.1,1836,4095,"2025-11-24 08:53:50",0,0,0,TERBUKA,TERTUTUP
1552,28.2,74.6,2079,4095,"2025-11-24 08:53:55",0,0,0,TERBUKA,TERTUTUP
1553,28.2,74.4,2558,4095,"2025-11-24 08:54:02",0,0,1,TERBUKA,TERTUTUP
1554,28.2,75.1,2212,4095,"2025-11-24 08:54:06",0,0,1,TERBUKA,TERTUTUP
1555,28.2,75.3,2565,4095,"2025-11-24 08:54:10",0,0,1,TERBUKA,TERTUTUP
1556,28.2,75.6,2561,4095,"2025-11-24 08:54:13",0,0,1,TERBUKA,TERTUTUP
1557,28.2,74.8,2062,4095,"2025-11-24 08:54:18",0,0,1,TERBUKA,TERTUTUP
1558,28.2,74.6,2043,4095,"2025-11-24 08:54:22",0,0,1,TERBUKA,TERTUTUP
1559,28.2,74.4,3022,4095,"2025-11-24 08:54:26",0,0,1,TERBUKA,TERTUTUP
1560,28.2,74.3,2619,4095,"2025-11-24 08:54:33",0,0,1,TERBUKA,TERTUTUP
1561,28.2,74.4,3110,4095,"2025-11-24 08:54:36",0,90,1,TERBUKA,TERBUKA
1562,28.2,74.4,3110,4095,"2025-11-24 08:54:37",0,90,1,TERBUKA,TERBUKA
1563,28.2,75.2,2840,4095,"2025-11-24 08:54:41",0,0,1,TERBUKA,TERTUTUP
1564,28.2,74.5,2486,4095,"2025-11-24 08:54:47",0,0,1,TERBUKA,TERTUTUP
1565,28.1,74.7,2106,4095,"2025-11-24 08:54:53",0,0,1,TERBUKA,TERTUTUP
1566,28.1,74.6,1863,4095,"2025-11-24 08:54:57",0,90,0,TERBUKA,TERBUKA
1567,28.1,74.6,1863,4095,"2025-11-24 08:54:58",0,90,0,TERBUKA,TERBUKA
1568,28.1,74.8,1811,4095,"2025-11-24 08:55:01",0,0,0,TERBUKA,TERTUTUP
1569,28.1,74.5,2232,4095,"2025-11-24 08:55:07",0,0,1,TERBUKA,TERTUTUP
1570,28.1,75.5,1998,4095,"2025-11-24 08:55:12",0,0,1,TERBUKA,TERTUTUP
1571,28.1,75.3,2048,4095,"2025-11-24 08:55:16",0,0,1,TERBUKA,TERTUTUP
1572,28.1,75.3,1956,4095,"2025-11-24 08:55:20",0,90,1,TERBUKA,TERBUKA
1573,28.1,75.3,1956,4095,"2025-11-24 08:55:24",0,90,1,TERBUKA,TERBUKA
1574,28.1,75.2,2585,4095,"2025-11-24 08:55:34",0,0,1,TERBUKA,TERTUTUP
1575,28.1,75.7,1985,4095,"2025-11-24 08:55:41",0,0,1,TERBUKA,TERTUTUP
1576,28.1,76,1911,4095,"2025-11-24 08:55:59",0,0,0,TERBUKA,TERTUTUP
1577,28.1,75.7,1942,4095,"2025-11-24 08:56:09",0,0,0,TERBUKA,TERTUTUP
1578,28.1,80.2,2132,4095,"2025-11-24 08:56:38",0,0,1,TERBUKA,TERTUTUP
1579,28.1,76.9,1884,4095,"2025-11-24 08:56:40",0,0,0,TERBUKA,TERTUTUP
1580,28.2,76,1871,4095,"2025-11-24 08:56:48",0,0,0,TERBUKA,TERTUTUP
1581,28.2,75.5,1944,4095,"2025-11-24 08:56:59",0,0,0,TERBUKA,TERTUTUP
1582,28.2,75.4,2776,4095,"2025-11-24 08:57:05",0,0,1,TERBUKA,TERTUTUP
1583,28.2,75.7,2800,4095,"2025-11-24 08:57:16",0,0,1,TERBUKA,TERTUTUP
1584,28.3,76.5,2140,4095,"2025-11-24 08:57:20",0,0,1,TERBUKA,TERTUTUP
1585,28.3,75.6,1818,4095,"2025-11-24 08:57:24",0,0,0,TERBUKA,TERTUTUP
1586,28.3,75.8,1766,4095,"2025-11-24 08:57:29",0,0,0,TERBUKA,TERTUTUP
1587,28.3,75,1766,4095,"2025-11-24 08:57:36",0,0,0,TERBUKA,TERTUTUP
1588,28.4,86.7,1760,4095,"2025-11-24 08:57:42",0,0,0,TERBUKA,TERTUTUP
1589,28.4,90.1,1765,4095,"2025-11-24 08:57:49",0,0,0,TERBUKA,TERTUTUP
1590,28.5,77.2,1736,4095,"2025-11-24 08:57:52",0,0,0,TERBUKA,TERTUTUP
1591,28.4,76.6,1786,4095,"2025-11-24 08:57:58",0,0,0,TERBUKA,TERTUTUP
1592,28.5,75.4,1784,4095,"2025-11-24 08:58:07",0,0,0,TERBUKA,TERTUTUP
1593,28.5,74.7,2223,4095,"2025-11-24 08:58:22",0,0,1,TERBUKA,TERTUTUP
1594,28.5,75.2,2165,4095,"2025-11-24 08:58:49",0,0,1,TERBUKA,TERTUTUP
1595,28.5,76.1,1950,4095,"2025-11-24 08:59:03",0,0,1,TERBUKA,TERTUTUP
1596,28.5,75.5,2093,4095,"2025-11-24 08:59:10",0,0,1,TERBUKA,TERTUTUP
1597,28.5,76,2633,4095,"2025-11-24 08:59:41",0,0,1,TERBUKA,TERTUTUP
1598,28.5,76.1,2168,4095,"2025-11-24 08:59:46",0,0,1,TERBUKA,TERTUTUP
1599,28.5,75.2,2136,4095,"2025-11-24 08:59:53",0,0,1,TERBUKA,TERTUTUP
1600,28.5,77.9,3053,4095,"2025-11-24 09:01:07",0,0,1,TERBUKA,TERTUTUP
1601,28.6,78.9,2749,4095,"2025-11-24 09:01:20",0,0,1,TERBUKA,TERTUTUP
1602,28.6,77.4,2203,4095,"2025-11-24 09:01:26",0,0,1,TERBUKA,TERTUTUP
1603,28.6,78.7,1910,4095,"2025-11-24 09:01:36",0,0,1,TERBUKA,TERTUTUP
1604,28.6,76.8,1975,4095,"2025-11-24 09:01:45",0,0,1,TERBUKA,TERTUTUP
1605,28.6,75.1,2019,4095,"2025-11-24 09:01:53",0,0,1,TERBUKA,TERTUTUP
1606,28.6,74.7,1925,4095,"2025-11-24 09:01:57",0,0,1,TERBUKA,TERTUTUP
1607,28.6,74.7,1915,4095,"2025-11-24 09:02:07",0,0,1,TERBUKA,TERTUTUP
1608,28.6,74.5,2037,4095,"2025-11-24 09:02:14",0,0,1,TERBUKA,TERTUTUP
1609,28.6,74.3,2193,4095,"2025-11-24 09:02:36",0,0,1,TERBUKA,TERTUTUP
1610,28.6,78.2,1943,4095,"2025-11-24 09:02:52",0,90,1,TERBUKA,TERBUKA
1611,28.6,78.2,1943,4095,"2025-11-24 09:02:57",0,0,1,TERBUKA,TERTUTUP
1612,28.6,78,2822,4095,"2025-11-24 09:03:06",0,0,1,TERBUKA,TERTUTUP
1613,28.6,74.7,2930,4095,"2025-11-24 09:03:21",0,90,1,TERBUKA,TERBUKA
1614,28.6,74.5,2027,4095,"2025-11-24 09:03:38",0,0,1,TERBUKA,TERTUTUP
1615,28.5,76.1,2031,4095,"2025-11-24 09:03:59",0,0,0,TERBUKA,TERTUTUP
1616,28.6,77.7,3027,4095,"2025-11-24 09:05:19",0,0,1,TERBUKA,TERTUTUP
1617,28.6,76.8,2869,4095,"2025-11-24 09:05:27",0,0,1,TERBUKA,TERTUTUP
1618,28.6,78,2095,4095,"2025-11-24 09:05:48",0,0,1,TERBUKA,TERTUTUP
1619,28.7,75.4,2325,4095,"2025-11-24 09:06:00",0,0,1,TERBUKA,TERTUTUP
1620,28.7,75.8,2228,4095,"2025-11-24 09:06:14",0,0,1,TERBUKA,TERTUTUP
1621,28.7,75.5,1915,4095,"2025-11-24 09:06:40",0,0,1,TERBUKA,TERTUTUP
1622,28.7,75.8,2501,4095,"2025-11-24 09:06:45",0,0,1,TERBUKA,TERTUTUP
1623,28.7,75.4,2939,4095,"2025-11-24 09:07:28",0,0,1,TERBUKA,TERTUTUP
1624,28.7,75.2,2445,4095,"2025-11-24 09:07:40",0,0,1,TERBUKA,TERTUTUP
1625,28.3,78.7,2548,4095,"2025-11-24 09:10:01",0,0,1,TERBUKA,TERTUTUP
1626,28.3,76.7,2744,4095,"2025-11-24 09:10:08",0,0,1,TERBUKA,TERTUTUP
1627,28.4,77.4,3759,4095,"2025-11-24 09:10:39",0,0,1,TERBUKA,TERTUTUP
1628,28.4,75.2,2822,4095,"2025-11-24 09:10:54",0,0,1,TERBUKA,TERTUTUP
1629,28.3,75.7,2354,4095,"2025-11-24 09:11:05",0,0,1,TERBUKA,TERTUTUP
1630,28.4,75.5,2901,4095,"2025-11-24 09:11:12",0,0,1,TERBUKA,TERTUTUP
1631,28.4,76.4,2532,4095,"2025-11-24 09:11:20",0,0,1,TERBUKA,TERTUTUP
1632,28.4,76.4,2806,4095,"2025-11-24 09:11:28",0,0,1,TERBUKA,TERTUTUP
1633,28.4,78,2900,4095,"2025-11-24 09:11:51",0,0,1,TERBUKA,TERTUTUP
1634,28.4,76.6,2570,4095,"2025-11-24 09:11:52",0,0,1,TERBUKA,TERTUTUP
1635,28.4,76,3248,4095,"2025-11-24 09:11:58",0,0,1,TERBUKA,TERTUTUP
1636,28.4,74.9,2355,4095,"2025-11-24 09:12:05",0,0,1,TERBUKA,TERTUTUP
1637,28.4,76.5,2553,4095,"2025-11-24 09:12:22",0,0,1,TERBUKA,TERTUTUP
1638,28.3,74.4,2804,4095,"2025-11-24 09:13:00",0,0,1,TERBUKA,TERTUTUP
1639,28.3,74.2,2517,4095,"2025-11-24 09:13:07",0,0,1,TERBUKA,TERTUTUP
1640,28.3,74.5,2444,4095,"2025-11-24 09:13:23",0,0,1,TERBUKA,TERTUTUP
1641,28.3,75.4,2403,4095,"2025-11-24 09:13:32",0,0,1,TERBUKA,TERTUTUP
1642,28.3,75.5,2316,4095,"2025-11-24 09:13:41",0,0,1,TERBUKA,TERTUTUP
1643,28.3,75.1,2415,4095,"2025-11-24 09:13:48",0,0,1,TERBUKA,TERTUTUP
1644,28.3,75,2634,4095,"2025-11-24 09:13:57",0,0,1,TERBUKA,TERTUTUP
1645,28.3,74.6,2374,4095,"2025-11-24 09:14:04",0,0,1,TERBUKA,TERTUTUP
1646,28.2,75.3,2214,4095,"2025-11-24 09:14:18",0,0,1,TERBUKA,TERTUTUP
1647,28.1,75,3199,4095,"2025-11-24 09:14:25",0,0,1,TERBUKA,TERTUTUP
1648,28.1,75.1,2547,4095,"2025-11-24 09:14:29",0,0,1,TERBUKA,TERTUTUP
1649,28.2,75.1,2765,4095,"2025-11-24 09:14:33",0,0,1,TERBUKA,TERTUTUP
1650,28.2,75.2,2451,4095,"2025-11-24 09:14:37",0,0,1,TERBUKA,TERTUTUP
1651,28.2,75.7,2598,4095,"2025-11-24 09:14:43",0,0,1,TERBUKA,TERTUTUP
1652,28.2,76,2987,4095,"2025-11-24 09:14:48",0,0,1,TERBUKA,TERTUTUP
1653,28.2,75.6,2265,4095,"2025-11-24 09:14:56",0,0,1,TERBUKA,TERTUTUP
1654,28.2,77.5,2053,4095,"2025-11-24 09:15:09",0,0,1,TERBUKA,TERTUTUP
1655,28.2,77.5,2451,4095,"2025-11-24 09:15:14",0,0,1,TERBUKA,TERTUTUP
1656,28.2,76.2,2857,4095,"2025-11-24 09:15:18",0,0,1,TERBUKA,TERTUTUP
1657,28.2,76.2,3354,4095,"2025-11-24 09:15:23",0,0,1,TERBUKA,TERTUTUP
1658,28.2,75.6,3062,4095,"2025-11-24 09:15:28",0,0,1,TERBUKA,TERTUTUP
1659,28.2,76.4,2368,4095,"2025-11-24 09:15:34",0,0,1,TERBUKA,TERTUTUP
1660,28.2,75.9,2716,4095,"2025-11-24 09:15:41",0,0,1,TERBUKA,TERTUTUP
1661,28.2,76.1,2970,4095,"2025-11-24 09:16:04",0,0,1,TERBUKA,TERTUTUP
1662,28.2,76.9,2388,4095,"2025-11-24 09:16:14",0,0,1,TERBUKA,TERTUTUP
1663,28.2,78,2021,4095,"2025-11-24 09:16:33",0,0,1,TERBUKA,TERTUTUP
1664,28.2,75.8,2034,4095,"2025-11-24 09:16:40",0,0,1,TERBUKA,TERTUTUP
1665,28.2,74.4,2031,4095,"2025-11-24 09:16:46",0,0,1,TERBUKA,TERTUTUP
1666,28.2,74.4,1976,4095,"2025-11-24 09:16:55",0,0,1,TERBUKA,TERTUTUP
1667,28.2,74.1,2761,4095,"2025-11-24 09:17:06",0,0,1,TERBUKA,TERTUTUP
1668,28.1,74.1,1961,4095,"2025-11-24 09:17:20",0,0,1,TERBUKA,TERTUTUP
1669,28.1,74.1,1905,4095,"2025-11-24 09:17:30",0,0,1,TERBUKA,TERTUTUP
1670,28.1,74.1,1869,4095,"2025-11-24 09:17:40",0,0,0,TERBUKA,TERTUTUP
1671,28,74.4,1912,4095,"2025-11-24 09:17:44",0,0,0,TERBUKA,TERTUTUP
1672,27.9,74.4,1945,4095,"2025-11-24 09:17:49",0,0,0,TERBUKA,TERTUTUP
1673,27.9,74.4,2110,4095,"2025-11-24 09:17:57",0,0,1,TERBUKA,TERTUTUP
1674,27.9,74.5,2118,4095,"2025-11-24 09:18:08",0,0,1,TERBUKA,TERTUTUP
1675,27.8,74.6,1938,4095,"2025-11-24 09:18:11",0,0,1,TERBUKA,TERTUTUP
1676,27.8,74.6,1896,4095,"2025-11-24 09:18:18",0,0,0,TERBUKA,TERTUTUP
1677,27.8,74.7,1957,4095,"2025-11-24 09:18:28",0,0,0,TERBUKA,TERTUTUP
1678,27.7,74.6,1853,4095,"2025-11-24 09:18:41",0,0,0,TERBUKA,TERTUTUP
1679,27.6,75,2216,4095,"2025-11-24 09:18:52",0,0,1,TERBUKA,TERTUTUP
1680,27.6,75.1,2285,4095,"2025-11-24 09:19:02",0,0,1,TERBUKA,TERTUTUP
1681,27.6,75.1,2212,4095,"2025-11-24 09:19:06",0,0,1,TERBUKA,TERTUTUP
1682,27.6,75.1,2274,4095,"2025-11-24 09:19:11",0,0,1,TERBUKA,TERTUTUP
1683,27.6,75.1,3060,4095,"2025-11-24 09:19:15",0,0,1,TERBUKA,TERTUTUP
1684,27.6,75.1,2298,4095,"2025-11-24 09:19:19",0,0,1,TERBUKA,TERTUTUP
1685,27.6,75.1,3050,4095,"2025-11-24 09:19:25",0,0,1,TERBUKA,TERTUTUP
1686,27.6,75.1,2555,4095,"2025-11-24 09:19:45",0,0,1,TERBUKA,TERTUTUP
1687,27.6,75.1,2667,4095,"2025-11-24 09:19:56",0,0,1,TERBUKA,TERTUTUP
1688,27.6,75.1,2222,4095,"2025-11-24 09:20:08",0,0,1,TERBUKA,TERTUTUP
1689,27.6,75.1,2911,4095,"2025-11-24 09:20:20",0,0,1,TERBUKA,TERTUTUP
1690,27.6,75.1,2141,4095,"2025-11-24 09:20:33",0,0,1,TERBUKA,TERTUTUP
1691,27.6,75.1,2185,4095,"2025-11-24 09:20:45",0,0,1,TERBUKA,TERTUTUP
1692,27.6,75.1,2926,4095,"2025-11-24 09:20:56",0,0,1,TERBUKA,TERTUTUP
1693,27.6,75.1,2530,4095,"2025-11-24 09:21:00",0,0,1,TERBUKA,TERTUTUP
1694,27.6,75.1,2497,4095,"2025-11-24 09:21:09",0,0,1,TERBUKA,TERTUTUP
1695,27.6,75.1,2462,4095,"2025-11-24 09:21:17",0,0,1,TERBUKA,TERTUTUP
1696,27.6,75.1,3000,4095,"2025-11-24 09:21:22",0,0,1,TERBUKA,TERTUTUP
1697,27.6,75.1,3165,4095,"2025-11-24 09:21:30",0,0,1,TERBUKA,TERTUTUP
1698,27.6,75.1,2722,4095,"2025-11-24 09:21:58",0,0,1,TERBUKA,TERTUTUP
1699,27.6,75.1,2289,4095,"2025-11-24 09:22:05",0,0,1,TERBUKA,TERTUTUP
1700,27.6,75.1,2915,4095,"2025-11-24 09:22:11",0,0,1,TERBUKA,TERTUTUP
1701,27.6,75.1,2982,4095,"2025-11-24 09:22:16",0,0,1,TERBUKA,TERTUTUP
1702,27.6,75.1,2451,4095,"2025-11-24 09:22:22",0,0,1,TERBUKA,TERTUTUP
1703,27.6,75.1,2327,4095,"2025-11-24 09:22:28",0,0,1,TERBUKA,TERTUTUP
1704,27.6,75.1,2969,4095,"2025-11-24 09:22:32",0,0,1,TERBUKA,TERTUTUP
1705,27.6,75.1,2698,4095,"2025-11-24 09:22:52",0,0,1,TERBUKA,TERTUTUP
1706,27.6,75.1,3552,4095,"2025-11-24 09:23:22",0,0,1,TERBUKA,TERTUTUP
1707,27.6,75.1,2449,4095,"2025-11-24 09:24:08",0,0,1,TERBUKA,TERTUTUP
1708,27.6,75.1,3018,4095,"2025-11-24 09:24:42",0,0,1,TERBUKA,TERTUTUP
1709,27.6,75.1,3227,4095,"2025-11-24 09:24:54",0,0,1,TERBUKA,TERTUTUP
1710,27.6,75.1,3108,4095,"2025-11-24 09:25:11",0,0,1,TERBUKA,TERTUTUP
1711,27.6,75.1,2943,4095,"2025-11-24 09:25:14",0,0,1,TERBUKA,TERTUTUP
1712,27.6,75.1,2094,4095,"2025-11-24 09:25:20",0,0,1,TERBUKA,TERTUTUP
1713,27.6,75.1,1984,4095,"2025-11-24 09:25:26",0,0,1,TERBUKA,TERTUTUP
1714,27.6,75.1,2073,4095,"2025-11-24 09:25:31",0,0,1,TERBUKA,TERTUTUP
1715,27.6,75.1,2096,4095,"2025-11-24 09:25:34",0,0,1,TERBUKA,TERTUTUP
1716,27.6,75.1,2137,4095,"2025-11-24 09:25:40",0,0,1,TERBUKA,TERTUTUP
1717,27.6,75.1,2355,4095,"2025-11-24 09:25:47",0,0,1,TERBUKA,TERTUTUP
1718,27.6,75.1,2821,4095,"2025-11-24 09:25:55",0,0,1,TERBUKA,TERTUTUP
1719,27.6,75.1,2578,4095,"2025-11-24 09:25:58",0,0,1,TERBUKA,TERTUTUP
1720,27.6,75.1,2406,4095,"2025-11-24 09:26:02",0,0,1,TERBUKA,TERTUTUP
1721,27.6,75.1,2613,4095,"2025-11-24 09:26:05",0,0,1,TERBUKA,TERTUTUP
1722,27.6,75.1,2381,4095,"2025-11-24 09:26:05",0,0,1,TERBUKA,TERTUTUP
1723,27.6,75.1,2499,4095,"2025-11-24 09:26:09",0,0,1,TERBUKA,TERTUTUP
1724,27.6,75.1,2638,4095,"2025-11-24 09:26:12",0,0,1,TERBUKA,TERTUTUP
1725,27.6,75.1,2884,4095,"2025-11-24 09:26:16",0,0,1,TERBUKA,TERTUTUP
1726,27.6,75.1,2498,4095,"2025-11-24 09:26:19",0,0,1,TERBUKA,TERTUTUP
1727,27.6,75.1,3230,4095,"2025-11-24 09:26:24",0,0,1,TERBUKA,TERTUTUP
1728,27.6,75.1,2653,4095,"2025-11-24 09:26:27",0,0,1,TERBUKA,TERTUTUP
1729,27.6,75.1,2406,4095,"2025-11-24 09:26:31",0,0,1,TERBUKA,TERTUTUP
1730,27.6,75.1,2380,4095,"2025-11-24 09:26:38",0,0,1,TERBUKA,TERTUTUP
1731,27.6,75.1,2607,4095,"2025-11-24 09:26:52",0,0,1,TERBUKA,TERTUTUP
1732,27.6,75.1,2245,4095,"2025-11-24 09:27:04",0,0,1,TERBUKA,TERTUTUP
1733,27.6,75.1,2909,4095,"2025-11-24 09:27:10",0,0,1,TERBUKA,TERTUTUP
1734,27.6,75.1,2230,4095,"2025-11-24 09:27:16",0,0,1,TERBUKA,TERTUTUP
1735,27.6,75.1,2260,4095,"2025-11-24 09:27:22",0,0,1,TERBUKA,TERTUTUP
1736,27.6,75.1,2357,4095,"2025-11-24 09:27:38",0,0,1,TERBUKA,TERTUTUP
1737,27.6,75.1,2512,4095,"2025-11-24 09:28:26",0,0,1,TERBUKA,TERTUTUP
1738,27.6,75.1,2536,4095,"2025-11-24 09:28:31",0,0,1,TERBUKA,TERTUTUP
1739,27.6,75.1,2457,4095,"2025-11-24 09:28:39",0,0,1,TERBUKA,TERTUTUP
1740,27.6,75.1,2483,4095,"2025-11-24 09:28:46",0,0,1,TERBUKA,TERTUTUP
1741,27.6,75.1,2876,4095,"2025-11-24 09:28:58",0,0,1,TERBUKA,TERTUTUP
1742,27.6,75.1,2807,4095,"2025-11-24 09:29:06",0,0,1,TERBUKA,TERTUTUP
1743,27.6,75.1,2817,4095,"2025-11-24 09:29:11",0,0,1,TERBUKA,TERTUTUP
1744,27.6,75.1,1960,4095,"2025-11-24 09:29:40",0,0,1,TERBUKA,TERTUTUP
1745,27.6,75.1,1970,4095,"2025-11-24 09:29:44",0,0,1,TERBUKA,TERTUTUP
1746,27.6,75.1,2168,4095,"2025-11-24 09:29:49",0,0,1,TERBUKA,TERTUTUP
1747,27.6,75.1,1960,4095,"2025-11-24 09:29:59",0,0,1,TERBUKA,TERTUTUP
1748,27.6,75.1,1946,4095,"2025-11-24 09:30:06",0,0,1,TERBUKA,TERTUTUP
1749,27.6,75.1,1938,4095,"2025-11-24 09:30:13",0,0,1,TERBUKA,TERTUTUP
1750,27.6,75.1,2397,4095,"2025-11-24 09:30:53",0,0,1,TERBUKA,TERTUTUP
1751,27.6,75.1,2638,4095,"2025-11-24 09:31:09",0,90,1,TERBUKA,TERBUKA
1752,27.6,75.1,2638,4095,"2025-11-24 09:31:16",0,0,1,TERBUKA,TERTUTUP
1753,27.6,75.1,3050,4095,"2025-11-24 09:31:56",0,0,1,TERBUKA,TERTUTUP
1754,27.6,75.1,2324,4095,"2025-11-24 09:32:02",0,0,1,TERBUKA,TERTUTUP
1755,27.6,75.1,2154,4095,"2025-11-24 09:32:07",0,0,1,TERBUKA,TERTUTUP
1756,27.6,75.1,2185,4095,"2025-11-24 09:32:12",0,0,1,TERBUKA,TERTUTUP
1757,27.6,75.1,2243,4095,"2025-11-24 09:32:16",0,0,1,TERBUKA,TERTUTUP
1758,27.6,75.1,2189,4095,"2025-11-24 09:32:30",0,0,1,TERBUKA,TERTUTUP
1759,27.6,75.1,2200,4095,"2025-11-24 09:32:44",0,0,1,TERBUKA,TERTUTUP
1760,27.6,75.1,2526,4095,"2025-11-24 09:32:55",0,0,1,TERBUKA,TERTUTUP
1761,27.6,75.1,2234,4095,"2025-11-24 09:33:04",0,0,1,TERBUKA,TERTUTUP
1762,27.6,75.1,2603,4095,"2025-11-24 09:33:08",0,0,1,TERBUKA,TERTUTUP
1763,27.6,75.1,2109,4095,"2025-11-24 09:33:12",0,0,1,TERBUKA,TERTUTUP
1764,27.6,75.1,2370,4095,"2025-11-24 09:33:16",0,0,1,TERBUKA,TERTUTUP
1765,27.6,75.1,2326,4095,"2025-11-24 09:33:20",0,0,1,TERBUKA,TERTUTUP
1766,27.6,75.1,2615,4095,"2025-11-24 09:33:25",0,0,1,TERBUKA,TERTUTUP
1767,27.6,75.1,2546,4095,"2025-11-24 09:33:29",0,0,1,TERBUKA,TERTUTUP
1768,27.6,75.1,2424,4095,"2025-11-24 09:33:40",0,0,1,TERBUKA,TERTUTUP
1769,27.6,75.1,2353,4095,"2025-11-24 09:33:52",0,0,1,TERBUKA,TERTUTUP
1770,27.6,75.1,2453,4095,"2025-11-24 09:33:56",0,0,1,TERBUKA,TERTUTUP
1771,27.6,75.1,2479,4095,"2025-11-24 09:34:01",0,0,1,TERBUKA,TERTUTUP
1772,27.6,75.1,2467,4095,"2025-11-24 09:34:06",0,0,1,TERBUKA,TERTUTUP
1773,27.6,75.1,2450,4095,"2025-11-24 09:34:13",0,0,1,TERBUKA,TERTUTUP
1774,27.6,75.1,2658,4095,"2025-11-24 09:34:19",0,0,1,TERBUKA,TERTUTUP
1775,27.6,75.1,2592,4095,"2025-11-24 09:34:22",0,0,1,TERBUKA,TERTUTUP
1776,27.6,75.1,2375,4095,"2025-11-24 09:34:26",0,0,1,TERBUKA,TERTUTUP
1777,27.6,75.1,2357,4095,"2025-11-24 09:34:32",0,0,1,TERBUKA,TERTUTUP
1778,27.6,75.1,2292,4095,"2025-11-24 09:34:38",0,0,1,TERBUKA,TERTUTUP
1779,27.6,75.1,2331,4095,"2025-11-24 09:34:48",0,0,1,TERBUKA,TERTUTUP
1780,27.6,75.1,2328,4095,"2025-11-24 09:34:51",0,0,1,TERBUKA,TERTUTUP
1781,27.6,75.1,2308,4095,"2025-11-24 09:34:56",0,0,1,TERBUKA,TERTUTUP
1782,27.6,75.1,2263,4095,"2025-11-24 09:34:59",0,0,1,TERBUKA,TERTUTUP
1783,27.6,75.1,2271,4095,"2025-11-24 09:35:03",0,0,1,TERBUKA,TERTUTUP
1784,27.6,75.1,2256,4095,"2025-11-24 09:35:07",0,0,1,TERBUKA,TERTUTUP
1785,27.6,75.1,2283,4095,"2025-11-24 09:35:11",0,0,1,TERBUKA,TERTUTUP
1786,27.6,75.1,2256,4095,"2025-11-24 09:35:14",0,0,1,TERBUKA,TERTUTUP
1787,27.6,75.1,2300,4095,"2025-11-24 09:35:18",0,0,1,TERBUKA,TERTUTUP
1788,27.6,75.1,2662,4095,"2025-11-24 09:35:32",0,0,1,TERBUKA,TERTUTUP
1789,27.6,75.1,3140,4095,"2025-11-24 09:35:39",0,0,1,TERBUKA,TERTUTUP
1790,27.6,75.1,3109,4095,"2025-11-24 09:35:47",0,0,1,TERBUKA,TERTUTUP
1791,27.6,75.1,2938,4095,"2025-11-24 09:35:54",0,0,1,TERBUKA,TERTUTUP
1792,27.6,75.1,2541,4095,"2025-11-24 09:36:06",0,0,1,TERBUKA,TERTUTUP
1793,27.6,75.1,2431,4095,"2025-11-24 09:36:17",0,0,1,TERBUKA,TERTUTUP
1794,27.6,75.1,2232,4095,"2025-11-24 09:36:22",0,0,1,TERBUKA,TERTUTUP
1795,27.6,75.1,2181,4095,"2025-11-24 09:36:25",0,0,1,TERBUKA,TERTUTUP
1796,27.6,75.1,2196,4095,"2025-11-24 09:36:36",0,0,1,TERBUKA,TERTUTUP
1797,27.6,75.1,2168,4095,"2025-11-24 09:36:40",0,0,1,TERBUKA,TERTUTUP
1798,27.6,75.1,2261,4095,"2025-11-24 09:36:55",0,0,1,TERBUKA,TERTUTUP
1799,27.6,75.1,2221,4095,"2025-11-24 09:36:59",0,0,1,TERBUKA,TERTUTUP
1800,27.6,75.1,2215,4095,"2025-11-24 09:37:03",0,0,1,TERBUKA,TERTUTUP
1801,27.6,75.1,2165,4095,"2025-11-24 09:37:08",0,0,1,TERBUKA,TERTUTUP
1802,27.6,75.1,2189,4095,"2025-11-24 09:37:15",0,0,1,TERBUKA,TERTUTUP
1803,27.6,75.1,2160,4095,"2025-11-24 09:37:23",0,0,1,TERBUKA,TERTUTUP
1804,27.6,75.1,2288,4095,"2025-11-24 09:37:28",0,0,1,TERBUKA,TERTUTUP
1805,27.6,75.1,2414,4095,"2025-11-24 09:37:36",0,0,1,TERBUKA,TERTUTUP
1806,27.6,75.1,2606,4095,"2025-11-24 09:37:41",0,0,1,TERBUKA,TERTUTUP
1807,27.6,75.1,2541,4095,"2025-11-24 09:37:47",0,0,1,TERBUKA,TERTUTUP
1808,27.6,75.1,2787,4095,"2025-11-24 09:37:51",0,0,1,TERBUKA,TERTUTUP
1809,27.6,75.1,2808,4095,"2025-11-24 09:37:54",0,0,1,TERBUKA,TERTUTUP
1810,27.6,75.1,2809,4095,"2025-11-24 09:37:58",0,0,1,TERBUKA,TERTUTUP
1811,27.6,75.1,2763,4095,"2025-11-24 09:38:02",0,0,1,TERBUKA,TERTUTUP
1812,27.6,75.1,2767,4095,"2025-11-24 09:38:06",0,0,1,TERBUKA,TERTUTUP
1813,27.6,75.1,2799,4095,"2025-11-24 09:38:09",0,0,1,TERBUKA,TERTUTUP
1814,27.6,75.1,2804,4095,"2025-11-24 09:38:15",0,0,1,TERBUKA,TERTUTUP
1815,27.6,75.1,2746,4095,"2025-11-24 09:38:19",0,0,1,TERBUKA,TERTUTUP
1816,27.6,75.1,2823,4095,"2025-11-24 09:38:25",0,0,1,TERBUKA,TERTUTUP
1817,27.6,75.1,2618,4095,"2025-11-24 09:38:30",0,0,1,TERBUKA,TERTUTUP
1818,27.6,75.1,2599,4095,"2025-11-24 09:38:34",0,0,1,TERBUKA,TERTUTUP
1819,27.6,75.1,3015,4095,"2025-11-24 09:38:40",0,0,1,TERBUKA,TERTUTUP
1820,27.6,75.1,2944,4095,"2025-11-24 09:38:44",0,0,1,TERBUKA,TERTUTUP
1821,27.6,75.1,2593,4095,"2025-11-24 09:38:52",0,0,1,TERBUKA,TERTUTUP
1822,27.6,75.1,3029,4095,"2025-11-24 09:38:57",0,0,1,TERBUKA,TERTUTUP
1823,27.6,75.1,2968,4095,"2025-11-24 09:39:00",0,0,1,TERBUKA,TERTUTUP
1824,27.6,75.1,2332,4095,"2025-11-24 09:39:05",0,0,1,TERBUKA,TERTUTUP
1825,27.6,75.1,2381,4095,"2025-11-24 09:39:08",0,0,1,TERBUKA,TERTUTUP
1826,27.6,75.1,2491,4095,"2025-11-24 09:39:23",0,0,1,TERBUKA,TERTUTUP
1827,27.6,75.1,2228,4095,"2025-11-24 09:39:42",0,0,1,TERBUKA,TERTUTUP
1828,27.6,75.1,2245,4095,"2025-11-24 09:39:50",0,0,1,TERBUKA,TERTUTUP
1829,27.6,75.1,2195,4095,"2025-11-24 09:39:56",0,0,1,TERBUKA,TERTUTUP
1830,27.6,75.1,2212,4095,"2025-11-24 09:40:06",0,0,1,TERBUKA,TERTUTUP
1831,27.6,75.1,2522,4095,"2025-11-24 09:40:17",0,0,1,TERBUKA,TERTUTUP
1832,27.6,75.1,2919,4095,"2025-11-24 09:40:22",0,0,1,TERBUKA,TERTUTUP
1833,27.6,75.1,2879,4095,"2025-11-24 09:40:26",0,0,1,TERBUKA,TERTUTUP
1834,27.6,75.1,2800,4095,"2025-11-24 09:40:30",0,0,1,TERBUKA,TERTUTUP
1835,27.6,75.1,2742,4095,"2025-11-24 09:40:33",0,0,1,TERBUKA,TERTUTUP
1836,27.6,75.1,2594,4095,"2025-11-24 09:40:37",0,0,1,TERBUKA,TERTUTUP
1837,27.6,75.1,2378,4095,"2025-11-24 09:40:41",0,0,1,TERBUKA,TERTUTUP
1838,27.6,75.1,2928,4095,"2025-11-24 09:40:52",0,0,1,TERBUKA,TERTUTUP
1839,27.6,75.1,2884,4095,"2025-11-24 09:40:56",0,0,1,TERBUKA,TERTUTUP
1840,27.6,75.1,2897,4095,"2025-11-24 09:41:04",0,0,1,TERBUKA,TERTUTUP
1841,27.6,75.1,2775,4095,"2025-11-24 09:41:08",0,0,1,TERBUKA,TERTUTUP
1842,27.6,75.1,2515,4095,"2025-11-24 09:41:11",0,0,1,TERBUKA,TERTUTUP
1843,27.6,75.1,2479,4095,"2025-11-24 09:41:15",0,0,1,TERBUKA,TERTUTUP
1844,27.6,75.1,2760,4095,"2025-11-24 09:41:23",0,0,1,TERBUKA,TERTUTUP
1845,27.6,75.1,2556,4095,"2025-11-24 09:41:30",0,0,1,TERBUKA,TERTUTUP
1846,27.6,75.1,2337,4095,"2025-11-24 09:41:35",0,0,1,TERBUKA,TERTUTUP
1847,27.6,75.1,2466,4095,"2025-11-24 09:41:40",0,0,1,TERBUKA,TERTUTUP
1848,27.6,75.1,2388,4095,"2025-11-24 09:41:45",0,0,1,TERBUKA,TERTUTUP
1849,27.6,75.1,2336,4095,"2025-11-24 09:41:50",0,90,1,TERBUKA,TERBUKA
1850,27.6,75.1,2336,4095,"2025-11-24 09:41:50",0,90,1,TERBUKA,TERBUKA
1851,27.6,75.1,2361,4095,"2025-11-24 09:41:54",0,0,1,TERBUKA,TERTUTUP
1852,27.6,75.1,2481,4095,"2025-11-24 09:41:58",0,0,1,TERBUKA,TERTUTUP
1853,27.6,75.1,2625,4095,"2025-11-24 09:42:01",0,0,1,TERBUKA,TERTUTUP
1854,27.6,75.1,2603,4095,"2025-11-24 09:42:06",0,0,1,TERBUKA,TERTUTUP
1855,27.6,75.1,2526,4095,"2025-11-24 09:42:10",0,0,1,TERBUKA,TERTUTUP
1856,27.6,75.1,2454,4095,"2025-11-24 09:42:14",0,0,1,TERBUKA,TERTUTUP
1857,27.6,75.1,2449,4095,"2025-11-24 09:42:19",0,0,1,TERBUKA,TERTUTUP
1858,27.6,75.1,2303,4095,"2025-11-24 09:42:22",0,0,1,TERBUKA,TERTUTUP
1859,27.6,75.1,2237,4095,"2025-11-24 09:42:26",0,90,1,TERBUKA,TERBUKA
1860,27.6,75.1,2237,4095,"2025-11-24 09:42:26",0,90,1,TERBUKA,TERBUKA
1861,27.6,75.1,2205,4095,"2025-11-24 09:42:30",0,0,1,TERBUKA,TERTUTUP
1862,27.6,75.1,2227,4095,"2025-11-24 09:42:34",0,0,1,TERBUKA,TERTUTUP
1863,27.6,75.1,2265,4095,"2025-11-24 09:42:37",0,90,1,TERBUKA,TERBUKA
1864,27.6,75.1,2265,4095,"2025-11-24 09:42:38",0,90,1,TERBUKA,TERBUKA
1865,27.6,75.1,2260,4095,"2025-11-24 09:42:43",0,0,1,TERBUKA,TERTUTUP
1866,27.6,75.1,2275,4095,"2025-11-24 09:42:47",0,0,1,TERBUKA,TERTUTUP
1867,27.6,75.1,2326,4095,"2025-11-24 09:42:52",0,0,1,TERBUKA,TERTUTUP
1868,27.6,75.1,2363,4095,"2025-11-24 09:42:56",0,0,1,TERBUKA,TERTUTUP
1869,27.6,75.1,2583,4095,"2025-11-24 09:43:00",0,0,1,TERBUKA,TERTUTUP
1870,27.6,75.1,2291,4095,"2025-11-24 09:43:05",0,0,1,TERBUKA,TERTUTUP
1871,27.6,75.1,2307,4095,"2025-11-24 09:43:09",0,0,1,TERBUKA,TERTUTUP
1872,27.6,75.1,2554,4095,"2025-11-24 09:43:13",0,0,1,TERBUKA,TERTUTUP
1873,27.6,75.1,2358,4095,"2025-11-24 09:43:17",0,0,1,TERBUKA,TERTUTUP
1874,27.6,75.1,2476,4095,"2025-11-24 09:43:29",0,0,1,TERBUKA,TERTUTUP
1875,27.6,75.1,2674,4095,"2025-11-24 09:43:45",0,0,1,TERBUKA,TERTUTUP
1876,27.6,75.1,3059,4095,"2025-11-24 09:43:48",0,0,1,TERBUKA,TERTUTUP
1877,27.6,75.1,2998,4095,"2025-11-24 09:43:58",0,0,1,TERBUKA,TERTUTUP
1878,27.6,75.1,2932,4095,"2025-11-24 09:44:06",0,0,1,TERBUKA,TERTUTUP
1879,27.6,75.1,2852,4095,"2025-11-24 09:44:10",0,0,1,TERBUKA,TERTUTUP
1880,27.6,75.1,2370,4095,"2025-11-24 09:44:13",0,0,1,TERBUKA,TERTUTUP
1881,27.6,75.1,2367,4095,"2025-11-24 09:44:17",0,0,1,TERBUKA,TERTUTUP
1882,27.6,75.1,2472,4095,"2025-11-24 09:44:21",0,0,1,TERBUKA,TERTUTUP
1883,27.6,75.1,2296,4095,"2025-11-24 09:44:25",0,0,1,TERBUKA,TERTUTUP
1884,27.6,75.1,2212,4095,"2025-11-24 09:44:29",0,0,1,TERBUKA,TERTUTUP
1885,27.6,75.1,2816,4095,"2025-11-24 09:44:33",0,0,1,TERBUKA,TERTUTUP
1886,27.6,75.1,2264,4095,"2025-11-24 09:44:37",0,0,1,TERBUKA,TERTUTUP
1887,27.6,75.1,2264,4095,"2025-11-24 09:44:40",0,0,1,TERBUKA,TERTUTUP
1888,27.6,75.1,2277,4095,"2025-11-24 09:44:42",0,90,1,TERBUKA,TERBUKA
1889,27.6,75.1,2275,4095,"2025-11-24 09:44:45",0,90,1,TERBUKA,TERBUKA
1890,27.6,75.1,2241,4095,"2025-11-24 09:44:50",0,0,1,TERBUKA,TERTUTUP
1891,27.6,75.1,2566,4095,"2025-11-24 09:44:55",0,0,1,TERBUKA,TERTUTUP
1892,27.6,75.1,2441,4095,"2025-11-24 09:45:02",0,0,1,TERBUKA,TERTUTUP
1893,27.6,75.1,2464,4095,"2025-11-24 09:45:08",0,0,1,TERBUKA,TERTUTUP
1894,27.6,75.1,2160,4095,"2025-11-24 09:45:11",0,90,1,TERBUKA,TERBUKA
1895,27.6,75.1,2179,4095,"2025-11-24 09:45:12",0,90,1,TERBUKA,TERBUKA
1896,27.6,75.1,2208,4095,"2025-11-24 09:45:27",0,90,1,TERBUKA,TERBUKA
1897,27.6,75.1,2208,4095,"2025-11-24 09:45:31",0,90,1,TERBUKA,TERBUKA
1898,27.6,75.1,2248,4095,"2025-11-24 09:45:36",0,0,1,TERBUKA,TERTUTUP
1899,27.6,75.1,2594,4095,"2025-11-24 09:45:41",0,0,1,TERBUKA,TERTUTUP
1900,27.6,75.1,2261,4095,"2025-11-24 09:45:47",0,0,1,TERBUKA,TERTUTUP
1901,27.6,75.1,2489,4095,"2025-11-24 09:46:01",0,0,1,TERBUKA,TERTUTUP
1902,27.6,75.1,2415,4095,"2025-11-24 09:46:07",0,0,1,TERBUKA,TERTUTUP
1903,27.6,75.1,2566,4095,"2025-11-24 09:46:16",0,0,1,TERBUKA,TERTUTUP
1904,27.6,75.1,2352,4095,"2025-11-24 09:46:28",0,0,1,TERBUKA,TERTUTUP
1905,27.6,75.1,2564,4095,"2025-11-24 09:46:33",0,0,1,TERBUKA,TERTUTUP
1906,27.6,75.1,2451,4095,"2025-11-24 09:46:43",0,0,1,TERBUKA,TERTUTUP
1907,27.6,75.1,2862,4095,"2025-11-24 09:46:48",0,0,1,TERBUKA,TERTUTUP
1908,27.6,75.1,2888,4095,"2025-11-24 09:46:56",0,0,1,TERBUKA,TERTUTUP
1909,27.6,75.1,2617,4095,"2025-11-24 09:47:04",0,0,1,TERBUKA,TERTUTUP
1910,27.6,75.1,2214,4095,"2025-11-24 09:47:08",0,0,1,TERBUKA,TERTUTUP
1911,27.6,75.1,2298,4095,"2025-11-24 09:47:13",0,0,1,TERBUKA,TERTUTUP
1912,27.6,75.1,2281,4095,"2025-11-24 09:47:21",0,0,1,TERBUKA,TERTUTUP
1913,27.6,75.1,2302,4095,"2025-11-24 09:47:29",0,0,1,TERBUKA,TERTUTUP
1914,27.6,75.1,2141,4095,"2025-11-24 09:47:36",0,0,1,TERBUKA,TERTUTUP
1915,27.6,75.1,2170,4095,"2025-11-24 09:47:42",0,90,1,TERBUKA,TERBUKA
1916,27.6,75.1,2170,4095,"2025-11-24 09:47:47",0,0,1,TERBUKA,TERTUTUP
1917,27.6,75.1,2379,4095,"2025-11-24 09:47:51",0,0,1,TERBUKA,TERTUTUP
1918,27.6,75.1,2029,4095,"2025-11-24 09:48:03",0,0,1,TERBUKA,TERTUTUP
1919,27.6,75.1,2133,4095,"2025-11-24 09:48:15",0,0,1,TERBUKA,TERTUTUP
1920,27.6,75.1,1953,4095,"2025-11-24 09:48:28",0,0,1,TERBUKA,TERTUTUP
1921,27.6,75.1,2041,4095,"2025-11-24 09:48:35",0,0,1,TERBUKA,TERTUTUP
1922,27.6,75.1,2017,4095,"2025-11-24 09:48:43",0,90,1,TERBUKA,TERBUKA
1923,27.6,75.1,2017,4095,"2025-11-24 09:48:44",0,90,1,TERBUKA,TERBUKA
1924,27.6,75.1,2069,4095,"2025-11-24 09:48:53",0,0,1,TERBUKA,TERTUTUP
1925,27.6,75.1,2367,4095,"2025-11-24 09:49:05",0,0,1,TERBUKA,TERTUTUP
1926,27.6,75.1,1986,4095,"2025-11-24 09:49:09",0,0,1,TERBUKA,TERTUTUP
1927,27.6,75.1,1984,4095,"2025-11-24 09:49:12",0,90,1,TERBUKA,TERBUKA
1928,27.6,75.1,1984,4095,"2025-11-24 09:49:13",0,90,1,TERBUKA,TERBUKA
1929,27.6,75.1,2023,4095,"2025-11-24 09:49:25",0,0,1,TERBUKA,TERTUTUP
1930,27.6,75.1,2028,4095,"2025-11-24 09:49:35",0,0,1,TERBUKA,TERTUTUP
1931,27.6,75.1,2053,4095,"2025-11-24 09:49:46",0,0,1,TERBUKA,TERTUTUP
1932,27.6,75.1,2064,4095,"2025-11-24 09:49:53",0,0,1,TERBUKA,TERTUTUP
1933,27.6,75.1,2045,4095,"2025-11-24 09:49:59",0,0,1,TERBUKA,TERTUTUP
1934,27.6,75.1,2103,4095,"2025-11-24 09:50:06",0,90,1,TERBUKA,TERBUKA
1935,27.6,75.1,2103,4095,"2025-11-24 09:50:09",0,0,1,TERBUKA,TERTUTUP
1936,27.6,75.1,2235,4095,"2025-11-24 09:50:14",0,0,1,TERBUKA,TERTUTUP
1937,27.6,75.1,2176,4095,"2025-11-24 09:50:22",0,0,1,TERBUKA,TERTUTUP
1938,27.6,75.1,2125,4095,"2025-11-24 09:50:23",0,90,1,TERBUKA,TERBUKA
1939,27.6,75.1,2135,4095,"2025-11-24 09:50:25",0,90,1,TERBUKA,TERBUKA
1940,27.6,75.1,2226,4095,"2025-11-24 09:50:33",0,0,1,TERBUKA,TERTUTUP
1941,27.6,75.1,2191,4095,"2025-11-24 09:50:38",0,0,1,TERBUKA,TERTUTUP
1942,27.6,75.1,2215,4095,"2025-11-24 09:50:44",0,90,1,TERBUKA,TERBUKA
1943,27.6,75.1,2215,4095,"2025-11-24 09:50:45",0,90,1,TERBUKA,TERBUKA
1944,27.6,75.1,2278,4095,"2025-11-24 09:50:48",0,90,1,TERBUKA,TERBUKA
1945,27.6,75.1,2278,4095,"2025-11-24 09:50:48",0,90,1,TERBUKA,TERBUKA
1946,27.6,75.1,2288,4095,"2025-11-24 09:50:53",0,0,1,TERBUKA,TERTUTUP
1947,27.6,75.1,2321,4095,"2025-11-24 09:50:57",0,0,1,TERBUKA,TERTUTUP
1948,27.6,75.1,2277,4095,"2025-11-24 09:50:59",0,90,1,TERBUKA,TERBUKA
1949,27.6,75.1,2475,4095,"2025-11-24 09:51:01",0,90,1,TERBUKA,TERBUKA
1950,27.6,75.1,2474,4095,"2025-11-24 09:51:05",0,0,1,TERBUKA,TERTUTUP
1951,27.6,75.1,2856,4095,"2025-11-24 09:51:09",0,0,1,TERBUKA,TERTUTUP
1952,27.6,75.1,2201,4095,"2025-11-24 09:51:13",0,0,1,TERBUKA,TERTUTUP
1953,27.6,75.1,2186,4095,"2025-11-24 09:51:17",0,0,1,TERBUKA,TERTUTUP
1954,27.6,75.1,2319,4095,"2025-11-24 09:51:21",0,0,1,TERBUKA,TERTUTUP
1955,27.6,75.1,2304,4095,"2025-11-24 09:51:26",0,0,1,TERBUKA,TERTUTUP
1956,27.6,75.1,2195,4095,"2025-11-24 09:51:30",0,0,1,TERBUKA,TERTUTUP
1957,27.6,75.1,2197,4095,"2025-11-24 09:51:34",0,0,1,TERBUKA,TERTUTUP
1958,27.6,75.1,2187,4095,"2025-11-24 09:51:38",0,0,1,TERBUKA,TERTUTUP
1959,27.6,75.1,2221,4095,"2025-11-24 09:51:42",0,0,1,TERBUKA,TERTUTUP
1960,27.6,75.1,2272,4095,"2025-11-24 09:51:44",0,90,1,TERBUKA,TERBUKA
1961,27.6,75.1,2271,4095,"2025-11-24 09:51:45",0,90,1,TERBUKA,TERBUKA
1962,27.6,75.1,2253,4095,"2025-11-24 09:51:49",0,0,1,TERBUKA,TERTUTUP
1963,27.6,75.1,2205,4095,"2025-11-24 09:51:53",0,0,1,TERBUKA,TERTUTUP
1964,27.6,75.1,2185,4095,"2025-11-24 09:51:56",0,0,1,TERBUKA,TERTUTUP
1965,27.6,75.1,2182,4095,"2025-11-24 09:52:00",0,0,1,TERBUKA,TERTUTUP
1966,27.6,75.1,2153,4095,"2025-11-24 09:52:04",0,0,1,TERBUKA,TERTUTUP
1967,27.6,75.1,2230,4095,"2025-11-24 09:52:07",0,0,1,TERBUKA,TERTUTUP
1968,27.6,75.1,2279,4095,"2025-11-24 09:52:11",0,0,1,TERBUKA,TERTUTUP
1969,27.6,75.1,2221,4095,"2025-11-24 09:52:21",0,0,1,TERBUKA,TERTUTUP
1970,27.6,75.1,2212,4095,"2025-11-24 09:52:27",0,0,1,TERBUKA,TERTUTUP
1971,27.6,75.1,2150,4095,"2025-11-24 09:52:31",0,0,1,TERBUKA,TERTUTUP
1972,27.6,75.1,2140,4095,"2025-11-24 09:52:35",0,0,1,TERBUKA,TERTUTUP
1973,27.6,75.1,2156,4095,"2025-11-24 09:52:39",0,0,1,TERBUKA,TERTUTUP
1974,27.6,75.1,2125,4095,"2025-11-24 09:52:43",0,0,1,TERBUKA,TERTUTUP
1975,27.6,75.1,2102,4095,"2025-11-24 09:52:46",0,0,1,TERBUKA,TERTUTUP
1976,27.6,75.1,2119,4095,"2025-11-24 09:52:51",0,0,1,TERBUKA,TERTUTUP
1977,27.6,75.1,2064,4095,"2025-11-24 09:52:55",0,0,1,TERBUKA,TERTUTUP
1978,27.6,75.1,2057,4095,"2025-11-24 09:52:58",0,0,1,TERBUKA,TERTUTUP
1979,27.6,75.1,2108,4095,"2025-11-24 09:53:07",0,0,1,TERBUKA,TERTUTUP
1980,27.6,75.1,2097,4095,"2025-11-24 09:53:11",0,90,1,TERBUKA,TERBUKA
1981,27.6,75.1,2097,4095,"2025-11-24 09:53:11",0,90,1,TERBUKA,TERBUKA
1982,27.6,75.1,2088,4095,"2025-11-24 09:53:15",0,0,1,TERBUKA,TERTUTUP
1983,27.6,75.1,2959,4095,"2025-11-24 09:53:19",0,0,1,TERBUKA,TERTUTUP
1984,27.6,75.1,3210,4095,"2025-11-24 09:53:23",0,0,1,TERBUKA,TERTUTUP
1985,27.6,75.1,2922,4095,"2025-11-24 09:53:27",0,0,1,TERBUKA,TERTUTUP
1986,27.6,75.1,2635,4095,"2025-11-24 09:53:32",0,0,1,TERBUKA,TERTUTUP
1987,27.6,75.1,2839,4095,"2025-11-24 09:53:36",0,0,1,TERBUKA,TERTUTUP
1988,27.6,75.1,2487,4095,"2025-11-24 09:53:51",0,0,1,TERBUKA,TERTUTUP
1989,27.6,75.1,2982,4095,"2025-11-24 09:53:52",0,0,1,TERBUKA,TERTUTUP
1990,27.6,75.1,3065,4095,"2025-11-24 09:54:02",0,0,1,TERBUKA,TERTUTUP
1991,27.6,75.1,2934,4095,"2025-11-24 09:54:14",0,0,1,TERBUKA,TERTUTUP
1992,27.6,75.1,2993,4095,"2025-11-24 09:54:18",0,0,1,TERBUKA,TERTUTUP
1993,27.6,75.1,2920,4095,"2025-11-24 09:54:21",0,0,1,TERBUKA,TERTUTUP
1994,27.6,75.1,2918,4095,"2025-11-24 09:54:25",0,0,1,TERBUKA,TERTUTUP
1995,27.6,75.1,2940,4095,"2025-11-24 09:54:29",0,0,1,TERBUKA,TERTUTUP
1996,27.6,75.1,2777,4095,"2025-11-24 09:54:33",0,0,1,TERBUKA,TERTUTUP
1997,27.6,75.1,2838,4095,"2025-11-24 09:54:40",0,0,1,TERBUKA,TERTUTUP
1998,27.6,75.1,2768,4095,"2025-11-24 09:54:44",0,0,1,TERBUKA,TERTUTUP
1999,27.6,75.1,3318,4095,"2025-11-24 09:54:48",0,0,1,TERBUKA,TERTUTUP
2000,27.6,75.1,3294,4095,"2025-11-24 09:54:57",0,0,1,TERBUKA,TERTUTUP
2001,27.6,75.1,3083,4095,"2025-11-24 09:55:02",0,0,1,TERBUKA,TERTUTUP
2002,27.6,75.1,3262,4095,"2025-11-24 09:55:06",0,0,1,TERBUKA,TERTUTUP
2003,27.6,75.1,3043,4095,"2025-11-24 09:55:10",0,0,1,TERBUKA,TERTUTUP
2004,27.6,75.1,3389,4095,"2025-11-24 09:55:14",0,0,1,TERBUKA,TERTUTUP
2005,27.6,75.1,3234,4095,"2025-11-24 09:55:21",0,0,1,TERBUKA,TERTUTUP
2006,27.6,75.1,3350,4095,"2025-11-24 09:55:27",0,0,1,TERBUKA,TERTUTUP
2007,27.6,75.1,3349,4095,"2025-11-24 09:55:30",0,0,1,TERBUKA,TERTUTUP
2008,27.6,75.1,3540,4095,"2025-11-24 09:55:35",0,0,1,TERBUKA,TERTUTUP
2009,27.6,75.1,3107,4095,"2025-11-24 09:55:40",0,0,1,TERBUKA,TERTUTUP
2010,27.6,75.1,2498,4095,"2025-11-24 09:55:43",0,0,1,TERBUKA,TERTUTUP
2011,27.6,75.1,3363,4095,"2025-11-24 09:55:46",0,90,1,TERBUKA,TERBUKA
2012,27.6,75.1,3363,4095,"2025-11-24 09:55:47",0,90,1,TERBUKA,TERBUKA
2013,27.6,75.1,2656,4095,"2025-11-24 09:55:50",0,0,1,TERBUKA,TERTUTUP
2014,27.6,75.1,3011,4095,"2025-11-24 09:55:54",0,0,1,TERBUKA,TERTUTUP
2015,27.6,75.1,2930,4095,"2025-11-24 09:55:58",0,0,1,TERBUKA,TERTUTUP
2016,27.6,75.1,2527,4095,"2025-11-24 09:56:01",0,0,1,TERBUKA,TERTUTUP
2017,27.6,75.1,2525,4095,"2025-11-24 09:56:03",0,90,1,TERBUKA,TERBUKA
2018,27.6,75.1,2488,4095,"2025-11-24 09:56:05",0,90,1,TERBUKA,TERBUKA
2019,27.6,75.1,2549,4095,"2025-11-24 09:56:08",0,0,1,TERBUKA,TERTUTUP
2020,27.6,75.1,2939,4095,"2025-11-24 09:56:12",0,0,1,TERBUKA,TERTUTUP
2021,27.6,75.1,2977,4095,"2025-11-24 09:56:15",0,0,1,TERBUKA,TERTUTUP
2022,27.6,75.1,2550,4095,"2025-11-24 09:56:19",0,90,1,TERBUKA,TERBUKA
2023,27.6,75.1,2550,4095,"2025-11-24 09:56:20",0,90,1,TERBUKA,TERBUKA
2024,27.6,75.1,2600,4095,"2025-11-24 09:56:24",0,0,1,TERBUKA,TERTUTUP
2025,27.6,75.1,3289,4095,"2025-11-24 09:56:29",0,0,1,TERBUKA,TERTUTUP
2026,27.6,75.1,2830,4095,"2025-11-24 09:56:32",0,0,1,TERBUKA,TERTUTUP
2027,27.6,75.1,2968,4095,"2025-11-24 09:56:36",0,0,1,TERBUKA,TERTUTUP
2028,27.6,75.1,3020,4095,"2025-11-24 09:56:40",0,90,1,TERBUKA,TERBUKA
2029,27.6,75.1,3020,4095,"2025-11-24 09:56:40",0,90,1,TERBUKA,TERBUKA
2030,27.6,75.1,2566,4095,"2025-11-24 09:56:44",0,0,1,TERBUKA,TERTUTUP
2031,27.6,75.1,2636,4095,"2025-11-24 09:56:49",0,0,1,TERBUKA,TERTUTUP
2032,27.6,75.1,2439,4095,"2025-11-24 09:56:52",0,0,1,TERBUKA,TERTUTUP
2033,27.6,75.1,2478,4095,"2025-11-24 09:56:55",0,90,1,TERBUKA,TERBUKA
2034,27.6,75.1,2443,4095,"2025-11-24 09:56:56",0,90,1,TERBUKA,TERBUKA
2035,27.6,75.1,2482,4095,"2025-11-24 09:57:00",0,0,1,TERBUKA,TERTUTUP
2036,27.6,75.1,2438,4095,"2025-11-24 09:57:04",0,0,1,TERBUKA,TERTUTUP
2037,27.6,75.1,2870,4095,"2025-11-24 09:57:07",0,0,1,TERBUKA,TERTUTUP
2038,27.6,75.1,2490,4095,"2025-11-24 09:57:11",0,0,1,TERBUKA,TERTUTUP
2039,27.6,75.1,2455,4095,"2025-11-24 09:57:15",0,0,1,TERBUKA,TERTUTUP
2040,27.6,75.1,2525,4095,"2025-11-24 09:57:17",0,90,1,TERBUKA,TERBUKA
2041,27.6,75.1,2795,4095,"2025-11-24 09:57:19",0,90,1,TERBUKA,TERBUKA
2042,27.6,75.1,2666,4095,"2025-11-24 09:57:22",0,0,1,TERBUKA,TERTUTUP
2043,27.6,75.1,2589,4095,"2025-11-24 09:57:26",0,0,1,TERBUKA,TERTUTUP
2044,27.6,75.1,2320,4095,"2025-11-24 09:57:30",0,0,1,TERBUKA,TERTUTUP
2045,27.6,75.1,2301,4095,"2025-11-24 09:57:33",0,0,1,TERBUKA,TERTUTUP
2046,27.6,75.1,2455,4095,"2025-11-24 09:57:38",0,0,1,TERBUKA,TERTUTUP
2047,27.6,75.1,2257,4095,"2025-11-24 09:57:42",0,0,1,TERBUKA,TERTUTUP
2048,27.6,75.1,2418,4095,"2025-11-24 09:57:46",0,0,1,TERBUKA,TERTUTUP
2049,27.6,75.1,2363,4095,"2025-11-24 09:57:49",0,0,1,TERBUKA,TERTUTUP
2050,27.6,75.1,2291,4095,"2025-11-24 09:57:53",0,0,1,TERBUKA,TERTUTUP
2051,27.6,75.1,2244,4095,"2025-11-24 09:57:59",0,90,1,TERBUKA,TERBUKA
2052,27.6,75.1,2244,4095,"2025-11-24 09:58:00",0,90,1,TERBUKA,TERBUKA
2053,27.6,75.1,2353,4095,"2025-11-24 09:58:03",0,0,1,TERBUKA,TERTUTUP
2054,27.6,75.1,2403,4095,"2025-11-24 09:58:06",0,0,1,TERBUKA,TERTUTUP
2055,27.6,75.1,2296,4095,"2025-11-24 09:58:12",0,0,1,TERBUKA,TERTUTUP
2056,27.6,75.1,2506,4095,"2025-11-24 09:58:16",0,0,1,TERBUKA,TERTUTUP
2057,27.6,75.1,2387,4095,"2025-11-24 09:58:20",0,0,1,TERBUKA,TERTUTUP
2058,27.6,75.1,2363,4095,"2025-11-24 09:58:24",0,0,1,TERBUKA,TERTUTUP
2059,27.6,75.1,2313,4095,"2025-11-24 09:58:32",0,90,1,TERBUKA,TERBUKA
2060,27.6,75.1,2313,4095,"2025-11-24 09:58:39",0,90,1,TERBUKA,TERBUKA
2061,27.6,75.1,2614,4095,"2025-11-24 09:58:49",0,0,1,TERBUKA,TERTUTUP
2062,27.6,75.1,2657,4095,"2025-11-24 09:58:54",0,0,1,TERBUKA,TERTUTUP
2063,27.6,75.1,2998,4095,"2025-11-24 09:58:58",0,0,1,TERBUKA,TERTUTUP
2064,27.6,75.1,2886,4095,"2025-11-24 09:59:02",0,0,1,TERBUKA,TERTUTUP
2065,27.6,75.1,2768,4095,"2025-11-24 09:59:05",0,0,1,TERBUKA,TERTUTUP
2066,27.6,75.1,2792,4095,"2025-11-24 09:59:19",0,0,1,TERBUKA,TERTUTUP
2067,27.6,75.1,2744,4095,"2025-11-24 09:59:20",0,0,1,TERBUKA,TERTUTUP
2068,27.6,75.1,2658,4095,"2025-11-24 09:59:28",0,0,1,TERBUKA,TERTUTUP
2069,27.6,75.1,2978,4095,"2025-11-24 09:59:32",0,0,1,TERBUKA,TERTUTUP
2070,27.6,75.1,2861,4095,"2025-11-24 09:59:36",0,0,1,TERBUKA,TERTUTUP
2071,27.6,75.1,2745,4095,"2025-11-24 09:59:39",0,0,1,TERBUKA,TERTUTUP
2072,27.6,75.1,2717,4095,"2025-11-24 09:59:43",0,0,1,TERBUKA,TERTUTUP
2073,27.6,75.1,2685,4095,"2025-11-24 09:59:47",0,0,1,TERBUKA,TERTUTUP
2074,27.6,75.1,2749,4095,"2025-11-24 09:59:51",0,0,1,TERBUKA,TERTUTUP
2075,27.6,75.1,2667,4095,"2025-11-24 09:59:57",0,0,1,TERBUKA,TERTUTUP
2076,27.6,75.1,2662,4095,"2025-11-24 10:00:01",0,0,1,TERBUKA,TERTUTUP
2077,27.6,75.1,2972,4095,"2025-11-24 10:00:05",0,0,1,TERBUKA,TERTUTUP
2078,27.6,75.1,2858,4095,"2025-11-24 10:00:14",0,0,1,TERBUKA,TERTUTUP
2079,27.6,75.1,2843,4095,"2025-11-24 10:00:20",0,0,1,TERBUKA,TERTUTUP
2080,27.6,75.1,3094,4095,"2025-11-24 10:00:24",0,0,1,TERBUKA,TERTUTUP
2081,27.6,75.1,3002,4095,"2025-11-24 10:00:30",0,0,1,TERBUKA,TERTUTUP
2082,27.6,75.1,3091,4095,"2025-11-24 10:00:36",0,0,1,TERBUKA,TERTUTUP
2083,27.6,75.1,2742,4095,"2025-11-24 10:00:41",0,0,1,TERBUKA,TERTUTUP
2084,27.6,75.1,2799,4095,"2025-11-24 10:00:47",0,0,1,TERBUKA,TERTUTUP
2085,27.6,75.1,2877,4095,"2025-11-24 10:00:53",0,0,1,TERBUKA,TERTUTUP
2086,27.6,75.1,2595,4095,"2025-11-24 10:00:55",0,90,1,TERBUKA,TERBUKA
2087,27.6,75.1,2576,4095,"2025-11-24 10:00:57",0,90,1,TERBUKA,TERBUKA
2088,27.6,75.1,2482,4095,"2025-11-24 10:01:01",0,0,1,TERBUKA,TERTUTUP
2089,27.6,75.1,2498,4095,"2025-11-24 10:01:05",0,0,1,TERBUKA,TERTUTUP
2090,27.6,75.1,2528,4095,"2025-11-24 10:01:08",0,0,1,TERBUKA,TERTUTUP
2091,27.6,75.1,2565,4095,"2025-11-24 10:01:11",0,0,1,TERBUKA,TERTUTUP
2092,27.6,75.1,2619,4095,"2025-11-24 10:01:15",0,0,1,TERBUKA,TERTUTUP
2093,27.6,75.1,2629,4095,"2025-11-24 10:01:16",0,90,1,TERBUKA,TERBUKA
2094,27.6,75.1,2755,4095,"2025-11-24 10:01:19",0,90,1,TERBUKA,TERBUKA
2095,27.6,75.1,2870,4095,"2025-11-24 10:01:24",0,0,1,TERBUKA,TERTUTUP
2096,27.6,75.1,2751,4095,"2025-11-24 10:01:26",0,90,1,TERBUKA,TERBUKA
2097,27.6,75.1,2804,4095,"2025-11-24 10:01:28",0,90,1,TERBUKA,TERBUKA
2098,27.6,75.1,2675,4095,"2025-11-24 10:01:36",0,0,1,TERBUKA,TERTUTUP
2099,27.6,75.1,3140,4095,"2025-11-24 10:01:43",0,0,1,TERBUKA,TERTUTUP
2100,27.6,75.1,2806,4095,"2025-11-24 10:01:46",0,0,1,TERBUKA,TERTUTUP
2101,27.6,75.1,2836,4095,"2025-11-24 10:01:50",0,0,1,TERBUKA,TERTUTUP
2102,27.6,75.1,2869,4095,"2025-11-24 10:02:00",0,0,1,TERBUKA,TERTUTUP
2103,27.6,75.1,2515,4095,"2025-11-24 10:02:04",0,0,1,TERBUKA,TERTUTUP
2104,27.6,75.1,2512,4095,"2025-11-24 10:02:08",0,0,1,TERBUKA,TERTUTUP
2105,27.6,75.1,2513,4095,"2025-11-24 10:02:11",0,0,1,TERBUKA,TERTUTUP
2106,27.6,75.1,2556,4095,"2025-11-24 10:02:16",0,0,1,TERBUKA,TERTUTUP
2107,27.6,75.1,2581,4095,"2025-11-24 10:02:20",0,0,1,TERBUKA,TERTUTUP
2108,27.6,75.1,2623,4095,"2025-11-24 10:02:24",0,0,1,TERBUKA,TERTUTUP
2109,27.6,75.1,2658,4095,"2025-11-24 10:02:31",0,0,1,TERBUKA,TERTUTUP
2110,27.6,75.1,2658,4095,"2025-11-24 10:02:35",0,90,1,TERBUKA,TERBUKA
2111,27.6,75.1,2721,4095,"2025-11-24 10:02:37",0,0,1,TERBUKA,TERTUTUP
2112,27.6,75.1,2762,4095,"2025-11-24 10:02:41",0,0,1,TERBUKA,TERTUTUP
2113,27.6,75.1,2755,4095,"2025-11-24 10:02:43",0,90,1,TERBUKA,TERBUKA
2114,27.6,75.1,2723,4095,"2025-11-24 10:02:46",0,90,1,TERBUKA,TERBUKA
2115,27.6,75.1,2722,4095,"2025-11-24 10:02:54",0,0,1,TERBUKA,TERTUTUP
2116,27.6,75.1,2520,4095,"2025-11-24 10:02:58",0,0,1,TERBUKA,TERTUTUP
2117,27.6,75.1,2541,4095,"2025-11-24 10:03:04",0,0,1,TERBUKA,TERTUTUP
2118,27.6,75.1,3312,4095,"2025-11-24 10:03:11",0,0,1,TERBUKA,TERTUTUP
2119,27.6,75.1,3251,4095,"2025-11-24 10:03:16",0,0,1,TERBUKA,TERTUTUP
2120,27.6,75.1,3405,4095,"2025-11-24 10:03:20",0,0,1,TERBUKA,TERTUTUP
2121,27.6,75.1,3424,4095,"2025-11-24 10:03:23",0,0,1,TERBUKA,TERTUTUP
2122,27.6,75.1,3374,4095,"2025-11-24 10:03:28",0,0,1,TERBUKA,TERTUTUP
2123,27.6,75.1,3546,4095,"2025-11-24 10:03:35",0,0,1,TERBUKA,TERTUTUP
2124,27.6,75.1,3427,4095,"2025-11-24 10:03:39",0,0,1,TERBUKA,TERTUTUP
2125,27.6,75.1,3605,4095,"2025-11-24 10:03:47",0,0,1,TERBUKA,TERTUTUP
2126,27.6,75.1,3375,4095,"2025-11-24 10:03:51",0,0,1,TERBUKA,TERTUTUP
2127,27.6,75.1,2763,4095,"2025-11-24 10:03:59",0,0,1,TERBUKA,TERTUTUP
2128,27.6,75.1,2727,4095,"2025-11-24 10:04:03",0,0,1,TERBUKA,TERTUTUP
2129,27.6,75.1,2802,4095,"2025-11-24 10:04:07",0,0,1,TERBUKA,TERTUTUP
2130,27.6,75.1,2805,4095,"2025-11-24 10:04:11",0,0,1,TERBUKA,TERTUTUP
2131,27.6,75.1,2829,4095,"2025-11-24 10:04:14",0,0,1,TERBUKA,TERTUTUP
2132,27.6,75.1,2758,4095,"2025-11-24 10:04:19",0,0,1,TERBUKA,TERTUTUP
2133,27.6,75.1,2859,4095,"2025-11-24 10:04:23",0,0,1,TERBUKA,TERTUTUP
2134,27.6,75.1,2781,4095,"2025-11-24 10:04:26",0,0,1,TERBUKA,TERTUTUP
2135,27.6,75.1,2953,4095,"2025-11-24 10:04:33",0,0,1,TERBUKA,TERTUTUP
2136,27.6,75.1,2779,4095,"2025-11-24 10:04:37",0,0,1,TERBUKA,TERTUTUP
2137,27.6,75.1,2647,4095,"2025-11-24 10:04:40",0,0,1,TERBUKA,TERTUTUP
2138,27.6,75.1,2701,4095,"2025-11-24 10:04:44",0,0,1,TERBUKA,TERTUTUP
2139,27.6,75.1,2625,4095,"2025-11-24 10:04:48",0,0,1,TERBUKA,TERTUTUP
2140,27.6,75.1,2645,4095,"2025-11-24 10:04:53",0,0,1,TERBUKA,TERTUTUP
2141,27.6,75.1,2691,4095,"2025-11-24 10:04:59",0,0,1,TERBUKA,TERTUTUP
2142,27.6,75.1,2742,4095,"2025-11-24 10:05:04",0,0,1,TERBUKA,TERTUTUP
2143,27.6,75.1,2813,4095,"2025-11-24 10:05:07",0,0,1,TERBUKA,TERTUTUP
2144,27.6,75.1,2795,4095,"2025-11-24 10:05:11",0,0,1,TERBUKA,TERTUTUP
2145,27.6,75.1,2838,4095,"2025-11-24 10:05:15",0,0,1,TERBUKA,TERTUTUP
2146,27.6,75.1,3160,4095,"2025-11-24 10:05:23",0,0,1,TERBUKA,TERTUTUP
2147,27.6,75.1,2853,4095,"2025-11-24 10:05:26",0,0,1,TERBUKA,TERTUTUP
2148,27.6,75.1,3069,4095,"2025-11-24 10:05:31",0,0,1,TERBUKA,TERTUTUP
2149,27.6,75.1,3038,4095,"2025-11-24 10:05:39",0,0,1,TERBUKA,TERTUTUP
2150,27.6,75.1,2836,4095,"2025-11-24 10:05:54",0,0,1,TERBUKA,TERTUTUP
2151,27.6,75.1,2907,4095,"2025-11-24 10:05:59",0,0,1,TERBUKA,TERTUTUP
2152,27.6,75.1,2880,4095,"2025-11-24 10:06:03",0,0,1,TERBUKA,TERTUTUP
2153,27.6,75.1,3176,4095,"2025-11-24 10:06:06",0,0,1,TERBUKA,TERTUTUP
2154,27.6,75.1,3193,4095,"2025-11-24 10:06:10",0,0,1,TERBUKA,TERTUTUP
2155,27.6,75.1,3088,4095,"2025-11-24 10:06:13",0,0,1,TERBUKA,TERTUTUP
2156,27.6,75.1,3158,4095,"2025-11-24 10:06:18",0,0,1,TERBUKA,TERTUTUP
2157,27.6,75.1,3738,4095,"2025-11-24 10:06:21",0,0,1,TERBUKA,TERTUTUP
2158,27.6,75.1,3075,4095,"2025-11-24 10:06:25",0,0,1,TERBUKA,TERTUTUP
2159,27.6,75.1,3123,4095,"2025-11-24 10:06:29",0,0,1,TERBUKA,TERTUTUP
2160,27.6,75.1,2808,4095,"2025-11-24 10:06:32",0,90,1,TERBUKA,TERBUKA
2161,27.6,75.1,2764,4095,"2025-11-24 10:06:36",0,90,1,TERBUKA,TERBUKA
2162,27.6,75.1,2699,4095,"2025-11-24 10:06:43",0,0,1,TERBUKA,TERTUTUP
2163,27.6,75.1,2518,4095,"2025-11-24 10:06:46",0,0,1,TERBUKA,TERTUTUP
2164,27.6,75.1,2551,4095,"2025-11-24 10:06:50",0,0,1,TERBUKA,TERTUTUP
2165,27.6,75.1,2793,4095,"2025-11-24 10:06:53",0,0,1,TERBUKA,TERTUTUP
2166,27.6,75.1,2962,4095,"2025-11-24 10:06:57",0,0,1,TERBUKA,TERTUTUP
2167,27.6,75.1,2995,4095,"2025-11-24 10:07:03",0,0,1,TERBUKA,TERTUTUP
2168,27.6,75.1,2964,4095,"2025-11-24 10:07:13",0,0,1,TERBUKA,TERTUTUP
2169,27.6,75.1,3011,4095,"2025-11-24 10:07:17",0,0,1,TERBUKA,TERTUTUP
2170,27.6,75.1,2998,4095,"2025-11-24 10:07:24",0,0,1,TERBUKA,TERTUTUP
2171,27.6,75.1,3108,4095,"2025-11-24 10:07:30",0,0,1,TERBUKA,TERTUTUP
2172,27.6,75.1,3076,4095,"2025-11-24 10:07:35",0,0,1,TERBUKA,TERTUTUP
2173,27.6,75.1,3009,4095,"2025-11-24 10:07:39",0,0,1,TERBUKA,TERTUTUP
2174,27.6,75.1,3723,4095,"2025-11-24 10:07:41",0,90,1,TERBUKA,TERBUKA
2175,27.6,75.1,4095,4095,"2025-11-24 10:07:43",0,90,1,TERBUKA,TERBUKA
2176,27.6,75.1,4095,4095,"2025-11-24 10:07:47",0,0,1,TERBUKA,TERTUTUP
2177,27.6,75.1,4095,4095,"2025-11-24 10:07:52",0,0,1,TERBUKA,TERTUTUP
2178,27.6,75.1,2992,4095,"2025-11-24 10:07:57",0,0,1,TERBUKA,TERTUTUP
2179,27.6,75.1,4095,4095,"2025-11-24 10:08:03",0,0,1,TERBUKA,TERTUTUP
2180,27.6,75.1,3381,4095,"2025-11-24 10:08:08",0,0,1,TERBUKA,TERTUTUP
2181,27.6,75.1,3059,4095,"2025-11-24 10:08:12",0,0,1,TERBUKA,TERTUTUP
2182,27.6,75.1,3122,4095,"2025-11-24 10:08:16",0,0,1,TERBUKA,TERTUTUP
2183,27.6,75.1,4095,4095,"2025-11-24 10:08:22",0,0,1,TERBUKA,TERTUTUP
2184,27.6,75.1,3164,4095,"2025-11-24 10:08:27",0,0,1,TERBUKA,TERTUTUP
2185,27.6,75.1,2912,4095,"2025-11-24 10:08:31",0,0,1,TERBUKA,TERTUTUP
2186,27.6,75.1,3223,4095,"2025-11-24 10:08:35",0,0,1,TERBUKA,TERTUTUP
2187,27.6,75.1,3808,4095,"2025-11-24 10:08:42",0,0,1,TERBUKA,TERTUTUP
2188,27.6,75.1,3295,4095,"2025-11-24 10:08:47",0,0,1,TERBUKA,TERTUTUP
2189,27.6,75.1,3537,4095,"2025-11-24 10:08:53",0,0,1,TERBUKA,TERTUTUP
2190,27.6,75.1,4034,4095,"2025-11-24 10:09:00",0,0,1,TERBUKA,TERTUTUP
2191,27.6,75.1,4063,4095,"2025-11-24 10:09:03",0,0,1,TERBUKA,TERTUTUP
2192,27.6,75.1,3766,4095,"2025-11-24 10:09:08",0,0,1,TERBUKA,TERTUTUP
2193,27.6,75.1,4092,4095,"2025-11-24 10:09:12",0,0,1,TERBUKA,TERTUTUP
2194,27.6,75.1,3994,4095,"2025-11-24 10:09:19",0,0,1,TERBUKA,TERTUTUP
2195,27.6,75.1,4095,4095,"2025-11-24 10:09:25",0,0,1,TERBUKA,TERTUTUP
2196,27.6,75.1,3883,4095,"2025-11-24 10:09:29",0,0,1,TERBUKA,TERTUTUP
2197,27.6,75.1,3748,4095,"2025-11-24 10:09:33",0,0,1,TERBUKA,TERTUTUP
2198,27.6,75.1,3713,4095,"2025-11-24 10:09:37",0,0,1,TERBUKA,TERTUTUP
2199,27.6,75.1,3885,4095,"2025-11-24 10:09:41",0,0,1,TERBUKA,TERTUTUP
2200,27.6,75.1,3957,4095,"2025-11-24 10:09:45",0,0,1,TERBUKA,TERTUTUP
2201,27.6,75.1,4095,4095,"2025-11-24 10:10:03",0,90,1,TERBUKA,TERBUKA
2202,27.6,75.1,4095,4095,"2025-11-24 10:10:04",0,90,1,TERBUKA,TERBUKA
2203,27.6,75.1,4058,4095,"2025-11-24 10:10:11",0,0,1,TERBUKA,TERTUTUP
2204,27.6,75.1,4014,4095,"2025-11-24 10:10:13",0,90,1,TERBUKA,TERBUKA
2205,27.6,75.1,3807,4095,"2025-11-24 10:10:14",0,90,1,TERBUKA,TERBUKA
2206,27.6,75.1,4014,4095,"2025-11-24 10:10:18",0,0,1,TERBUKA,TERTUTUP
2207,27.6,75.1,3967,4095,"2025-11-24 10:10:25",0,0,1,TERBUKA,TERTUTUP
2208,27.6,75.1,3313,4095,"2025-11-24 10:10:32",0,0,1,TERBUKA,TERTUTUP
2209,27.6,75.1,3754,4095,"2025-11-24 10:10:38",0,0,1,TERBUKA,TERTUTUP
2210,27.6,75.1,3361,4095,"2025-11-24 10:10:42",0,0,1,TERBUKA,TERTUTUP
2211,27.6,75.1,3522,4095,"2025-11-24 10:10:56",0,0,1,TERBUKA,TERTUTUP
2212,27.6,75.1,3963,4095,"2025-11-24 10:11:03",0,0,1,TERBUKA,TERTUTUP
2213,27.6,75.1,3913,4095,"2025-11-24 10:11:16",0,0,1,TERBUKA,TERTUTUP
2214,27.6,75.1,3842,4095,"2025-11-24 10:11:23",0,0,1,TERBUKA,TERTUTUP
2215,27.6,75.1,4095,4095,"2025-11-24 10:11:39",0,0,1,TERBUKA,TERTUTUP
2216,27.6,75.1,4095,4095,"2025-11-24 10:11:46",0,0,1,TERBUKA,TERTUTUP
2217,27.6,75.1,4095,4095,"2025-11-24 10:12:02",0,0,1,TERBUKA,TERTUTUP
2218,27.6,75.1,4095,4095,"2025-11-24 10:12:07",0,0,1,TERBUKA,TERTUTUP
2219,27.6,75.1,4095,4095,"2025-11-24 10:12:12",0,0,1,TERBUKA,TERTUTUP
2220,27.6,75.1,4093,4095,"2025-11-24 10:12:16",0,0,1,TERBUKA,TERTUTUP
2221,27.6,75.1,4095,4095,"2025-11-24 10:12:21",0,0,1,TERBUKA,TERTUTUP
2222,27.6,75.1,4095,4095,"2025-11-24 10:12:24",0,0,1,TERBUKA,TERTUTUP
2223,27.6,75.1,4007,4095,"2025-11-24 10:12:30",0,0,1,TERBUKA,TERTUTUP
2224,27.6,75.1,4095,4095,"2025-11-24 10:12:46",0,0,1,TERBUKA,TERTUTUP
2225,27.6,75.1,4095,4095,"2025-11-24 10:12:53",0,0,1,TERBUKA,TERTUTUP
2226,27.6,75.1,4095,4095,"2025-11-24 10:12:57",0,0,1,TERBUKA,TERTUTUP
2227,27.6,75.1,4085,4095,"2025-11-24 10:13:01",0,0,1,TERBUKA,TERTUTUP
2228,27.6,75.1,4073,4095,"2025-11-24 10:13:05",0,0,1,TERBUKA,TERTUTUP
2229,27.6,75.1,4095,4095,"2025-11-24 10:13:09",0,0,1,TERBUKA,TERTUTUP
2230,27.6,75.1,3715,4095,"2025-11-24 10:13:16",0,0,1,TERBUKA,TERTUTUP
2231,27.6,75.1,3704,4095,"2025-11-24 10:13:20",0,0,1,TERBUKA,TERTUTUP
2232,27.6,75.1,3511,4095,"2025-11-24 10:13:24",0,0,1,TERBUKA,TERTUTUP
2233,27.6,75.1,3571,4095,"2025-11-24 10:13:29",0,0,1,TERBUKA,TERTUTUP
2234,27.6,75.1,3548,4095,"2025-11-24 10:13:33",0,0,1,TERBUKA,TERTUTUP
2235,27.6,75.1,3625,4095,"2025-11-24 10:13:39",0,0,1,TERBUKA,TERTUTUP
2236,27.6,75.1,3659,4095,"2025-11-24 10:13:43",0,0,1,TERBUKA,TERTUTUP
2237,27.6,75.1,3756,4095,"2025-11-24 10:13:47",0,0,1,TERBUKA,TERTUTUP
2238,27.6,75.1,3738,2797,"2025-11-24 10:13:51",0,0,1,TERBUKA,TERTUTUP
2239,27.6,75.1,3501,2039,"2025-11-24 10:13:55",0,0,1,TERBUKA,TERTUTUP
2240,27.6,75.1,3517,2122,"2025-11-24 10:13:59",0,0,1,TERBUKA,TERTUTUP
2241,27.6,75.1,3502,2005,"2025-11-24 10:14:04",0,0,1,TERBUKA,TERTUTUP
2242,27.6,75.1,3121,2019,"2025-11-24 10:14:09",0,0,1,TERBUKA,TERTUTUP
2243,27.6,75.1,4095,2027,"2025-11-24 10:14:12",0,0,1,TERBUKA,TERTUTUP
2244,27.6,75.1,4095,1986,"2025-11-24 10:14:16",180,0,1,TERTUTUP,TERTUTUP
2245,27.6,75.1,4095,1951,"2025-11-24 10:14:20",180,0,1,TERTUTUP,TERTUTUP
2246,27.6,75.1,4095,1965,"2025-11-24 10:14:24",180,0,1,TERTUTUP,TERTUTUP
2247,27.6,75.1,4095,2037,"2025-11-24 10:14:32",0,0,1,TERBUKA,TERTUTUP
2248,27.6,75.1,4013,1996,"2025-11-24 10:14:36",180,0,1,TERTUTUP,TERTUTUP
2249,27.6,75.1,3974,2038,"2025-11-24 10:14:40",0,0,1,TERBUKA,TERTUTUP
2250,27.6,75.1,4065,1940,"2025-11-24 10:14:44",180,0,1,TERTUTUP,TERTUTUP
2251,27.6,75.1,4095,1971,"2025-11-24 10:14:48",180,0,1,TERTUTUP,TERTUTUP
2252,27.6,75.1,4095,1963,"2025-11-24 10:14:52",180,0,1,TERTUTUP,TERTUTUP
2253,27.6,75.1,4095,1979,"2025-11-24 10:14:56",180,0,1,TERTUTUP,TERTUTUP
2254,27.6,75.1,4060,1990,"2025-11-24 10:15:00",180,0,1,TERTUTUP,TERTUTUP
2255,27.6,75.1,4051,1997,"2025-11-24 10:15:03",180,0,1,TERTUTUP,TERTUTUP
2256,27.6,75.1,4023,2041,"2025-11-24 10:15:10",0,0,1,TERBUKA,TERTUTUP
2257,27.6,75.1,3954,1981,"2025-11-24 10:15:14",180,90,1,TERTUTUP,TERBUKA
2258,27.6,75.1,3954,1981,"2025-11-24 10:15:14",180,90,1,TERTUTUP,TERBUKA
2259,27.6,75.1,4095,2118,"2025-11-24 10:15:18",0,0,1,TERBUKA,TERTUTUP
2260,27.6,75.1,4086,2096,"2025-11-24 10:15:21",0,0,1,TERBUKA,TERTUTUP
2261,27.6,75.1,4095,2037,"2025-11-24 10:15:25",0,0,1,TERBUKA,TERTUTUP
2262,27.6,75.1,4095,2034,"2025-11-24 10:15:29",0,0,1,TERBUKA,TERTUTUP
2263,27.6,75.1,4095,2045,"2025-11-24 10:15:34",0,0,1,TERBUKA,TERTUTUP
2264,27.6,75.1,4095,2043,"2025-11-24 10:15:38",0,0,1,TERBUKA,TERTUTUP
2265,27.6,75.1,4095,2064,"2025-11-24 10:15:44",0,0,1,TERBUKA,TERTUTUP
2266,27.6,75.1,4095,2023,"2025-11-24 10:15:48",0,0,1,TERBUKA,TERTUTUP
2267,27.6,75.1,4095,2141,"2025-11-24 10:15:49",0,90,1,TERBUKA,TERBUKA
2268,27.6,75.1,4095,2137,"2025-11-24 10:15:52",0,90,1,TERBUKA,TERBUKA
2269,27.6,75.1,4095,2118,"2025-11-24 10:15:55",0,0,1,TERBUKA,TERTUTUP
2270,27.6,75.1,4068,2061,"2025-11-24 10:15:59",0,0,1,TERBUKA,TERTUTUP
2271,27.6,75.1,4095,2109,"2025-11-24 10:16:04",0,0,1,TERBUKA,TERTUTUP
2272,27.6,75.1,4093,2095,"2025-11-24 10:16:07",0,90,1,TERBUKA,TERBUKA
2273,27.6,75.1,4072,2192,"2025-11-24 10:16:08",0,90,1,TERBUKA,TERBUKA
2274,27.6,75.1,4095,2288,"2025-11-24 10:16:13",0,90,1,TERBUKA,TERBUKA
2275,27.6,75.1,4095,2288,"2025-11-24 10:16:13",0,90,1,TERBUKA,TERBUKA
2276,27.6,75.1,4095,2317,"2025-11-24 10:16:17",0,90,1,TERBUKA,TERBUKA
2277,27.6,75.1,4095,2317,"2025-11-24 10:16:18",0,90,1,TERBUKA,TERBUKA
2278,27.6,75.1,4095,2465,"2025-11-24 10:16:22",0,0,1,TERBUKA,TERTUTUP
2279,27.6,75.1,4095,2484,"2025-11-24 10:16:25",0,90,1,TERBUKA,TERBUKA
2280,27.6,75.1,3965,2512,"2025-11-24 10:16:26",0,90,1,TERBUKA,TERBUKA
2281,27.6,75.1,4095,2624,"2025-11-24 10:16:29",0,90,1,TERBUKA,TERBUKA
2282,27.6,75.1,4095,2624,"2025-11-24 10:16:30",0,90,1,TERBUKA,TERBUKA
2283,27.6,75.1,4095,2133,"2025-11-24 10:16:37",0,0,1,TERBUKA,TERTUTUP
2284,27.6,75.1,4095,2779,"2025-11-24 10:16:42",0,90,1,TERBUKA,TERBUKA
2285,27.6,75.1,4095,2779,"2025-11-24 10:16:43",0,90,1,TERBUKA,TERBUKA
2286,27.6,75.1,3441,2543,"2025-11-24 10:16:47",0,0,1,TERBUKA,TERTUTUP
2287,27.6,75.1,4095,2838,"2025-11-24 10:16:51",0,0,1,TERBUKA,TERTUTUP
2288,27.6,75.1,4095,3600,"2025-11-24 10:16:55",0,0,1,TERBUKA,TERTUTUP
2289,27.6,75.1,4084,4058,"2025-11-24 10:16:59",0,0,1,TERBUKA,TERTUTUP
2290,27.6,75.1,4088,4095,"2025-11-24 10:17:03",0,0,1,TERBUKA,TERTUTUP
2291,27.6,75.1,4028,4095,"2025-11-24 10:17:07",0,0,1,TERBUKA,TERTUTUP
2292,27.6,75.1,3889,4095,"2025-11-24 10:17:11",0,0,1,TERBUKA,TERTUTUP
2293,27.6,75.1,3897,4095,"2025-11-24 10:17:15",0,0,1,TERBUKA,TERTUTUP
2294,27.6,75.1,3855,4095,"2025-11-24 10:17:19",0,0,1,TERBUKA,TERTUTUP
2295,27.6,75.1,3886,4095,"2025-11-24 10:17:26",0,0,1,TERBUKA,TERTUTUP
2296,27.6,75.1,3217,1627,"2025-11-24 10:17:32",180,0,1,TERTUTUP,TERTUTUP
2297,27.6,75.1,3201,2704,"2025-11-24 10:17:36",0,0,1,TERBUKA,TERTUTUP
2298,27.6,75.1,3889,2770,"2025-11-24 10:17:39",0,0,1,TERBUKA,TERTUTUP
2299,27.6,75.1,3649,2771,"2025-11-24 10:17:43",0,0,1,TERBUKA,TERTUTUP
2300,27.6,75.1,3282,2595,"2025-11-24 10:17:46",0,0,1,TERBUKA,TERTUTUP
2301,27.6,75.1,3206,1535,"2025-11-24 10:17:50",180,0,1,TERTUTUP,TERTUTUP
2302,27.6,75.1,3221,1662,"2025-11-24 10:18:00",180,0,1,TERTUTUP,TERTUTUP
2303,27.6,75.1,3912,3164,"2025-11-24 10:18:05",0,0,1,TERBUKA,TERTUTUP
2304,27.6,75.1,3738,3710,"2025-11-24 10:18:08",0,0,1,TERBUKA,TERTUTUP
2305,27.6,75.1,3888,3603,"2025-11-24 10:18:12",0,0,1,TERBUKA,TERTUTUP
2306,27.6,75.1,3884,3765,"2025-11-24 10:18:14",0,90,1,TERBUKA,TERBUKA
2307,27.6,75.1,3866,3743,"2025-11-24 10:18:18",0,0,1,TERBUKA,TERTUTUP
2308,27.6,75.1,4000,4095,"2025-11-24 10:18:27",0,0,1,TERBUKA,TERTUTUP
2309,27.6,75.1,4025,4095,"2025-11-24 10:18:35",0,0,1,TERBUKA,TERTUTUP
2310,27.6,75.1,3269,4095,"2025-11-24 10:18:39",0,0,1,TERBUKA,TERTUTUP
2311,27.6,75.1,2632,4095,"2025-11-24 10:18:47",0,0,1,TERBUKA,TERTUTUP
2312,27.6,75.1,3270,4095,"2025-11-24 10:18:52",0,0,1,TERBUKA,TERTUTUP
2313,27.6,75.1,3090,4095,"2025-11-24 10:18:55",0,0,1,TERBUKA,TERTUTUP
2314,27.6,75.1,4028,4095,"2025-11-24 10:19:06",0,0,1,TERBUKA,TERTUTUP
2315,27.6,75.1,3733,4095,"2025-11-24 10:19:10",0,0,1,TERBUKA,TERTUTUP
2316,27.6,75.1,3842,4095,"2025-11-24 10:19:13",0,0,1,TERBUKA,TERTUTUP
2317,27.6,75.1,3759,4095,"2025-11-24 10:19:17",0,0,1,TERBUKA,TERTUTUP
2318,27.6,75.1,3787,4095,"2025-11-24 10:19:20",0,0,1,TERBUKA,TERTUTUP
2319,27.6,75.1,4095,4095,"2025-11-24 10:19:27",0,0,1,TERBUKA,TERTUTUP
2320,27.6,75.1,4095,4095,"2025-11-24 10:19:37",0,0,1,TERBUKA,TERTUTUP
2321,27.6,75.1,4077,4095,"2025-11-24 10:19:41",0,0,1,TERBUKA,TERTUTUP
2322,27.6,75.1,4095,4095,"2025-11-24 10:19:47",0,0,1,TERBUKA,TERTUTUP
2323,27.6,75.1,4034,2800,"2025-11-24 10:19:52",0,90,1,TERBUKA,TERBUKA
2324,27.6,75.1,4034,2800,"2025-11-24 10:19:56",0,90,1,TERBUKA,TERBUKA
2325,27.6,75.1,4093,4095,"2025-11-24 10:20:05",0,0,1,TERBUKA,TERTUTUP
2326,27.6,75.1,4008,3056,"2025-11-24 10:20:10",0,0,1,TERBUKA,TERTUTUP
2327,27.6,75.1,4043,3009,"2025-11-24 10:20:17",0,0,1,TERBUKA,TERTUTUP
2328,27.6,75.1,4093,3045,"2025-11-24 10:20:40",0,0,1,TERBUKA,TERTUTUP
2329,27.6,75.1,3934,3630,"2025-11-24 10:20:44",0,0,1,TERBUKA,TERTUTUP
2330,27.6,75.1,4095,4095,"2025-11-24 10:20:46",0,0,1,TERBUKA,TERTUTUP
2331,27.6,75.1,4035,3383,"2025-11-24 10:20:52",0,0,1,TERBUKA,TERTUTUP
2332,27.6,75.1,4041,3861,"2025-11-24 10:20:59",0,0,1,TERBUKA,TERTUTUP
2333,27.6,75.1,3867,999,"2025-11-24 10:21:04",180,0,1,TERTUTUP,TERTUTUP
2334,27.6,75.1,3958,1979,"2025-11-24 10:21:09",180,0,1,TERTUTUP,TERTUTUP
2335,27.6,75.1,3906,2013,"2025-11-24 10:21:13",0,0,1,TERBUKA,TERTUTUP
2336,27.6,75.1,4020,1936,"2025-11-24 10:21:18",180,0,1,TERTUTUP,TERTUTUP
2337,27.6,75.1,3901,1962,"2025-11-24 10:21:23",180,0,1,TERTUTUP,TERTUTUP
2338,27.6,75.1,3944,1387,"2025-11-24 10:21:42",180,0,1,TERTUTUP,TERTUTUP
2339,27.6,75.1,4095,1520,"2025-11-24 10:21:52",180,0,1,TERTUTUP,TERTUTUP
2340,27.6,75.1,4003,1965,"2025-11-24 10:21:56",180,0,1,TERTUTUP,TERTUTUP
2341,27.6,75.1,4054,1882,"2025-11-24 10:22:03",180,0,1,TERTUTUP,TERTUTUP
2342,27.6,75.1,4095,935,"2025-11-24 10:22:06",180,0,1,TERTUTUP,TERTUTUP
2343,27.6,75.1,4040,1120,"2025-11-24 10:22:19",180,0,1,TERTUTUP,TERTUTUP
2344,27.6,75.1,3930,1857,"2025-11-24 10:22:23",180,0,1,TERTUTUP,TERTUTUP
2345,27.6,75.1,3954,1837,"2025-11-24 10:22:28",180,0,1,TERTUTUP,TERTUTUP
2346,27.6,75.1,3868,1988,"2025-11-24 10:22:31",180,90,1,TERTUTUP,TERBUKA
2347,27.6,75.1,3868,1988,"2025-11-24 10:22:32",180,90,1,TERTUTUP,TERBUKA
2348,27.6,75.1,4092,1684,"2025-11-24 10:22:36",180,90,1,TERTUTUP,TERBUKA
2349,27.6,75.1,4092,1684,"2025-11-24 10:22:37",180,90,1,TERTUTUP,TERBUKA
2350,27.6,75.1,3958,1609,"2025-11-24 10:22:41",180,0,1,TERTUTUP,TERTUTUP
2351,27.6,75.1,4025,625,"2025-11-24 10:22:49",180,0,1,TERTUTUP,TERTUTUP
2352,27.6,75.1,3894,4095,"2025-11-24 10:22:51",0,90,1,TERBUKA,TERBUKA
2353,27.6,75.1,3900,4095,"2025-11-24 10:22:53",0,90,1,TERBUKA,TERBUKA
2354,27.6,75.1,3981,4095,"2025-11-24 10:22:58",0,0,1,TERBUKA,TERTUTUP
2355,27.6,75.1,3780,4095,"2025-11-24 10:23:03",0,0,1,TERBUKA,TERTUTUP
2356,27.6,75.1,3829,4095,"2025-11-24 10:23:07",0,0,1,TERBUKA,TERTUTUP
2357,27.6,75.1,3869,2740,"2025-11-24 10:23:14",0,0,1,TERBUKA,TERTUTUP
2358,27.6,75.1,3786,2749,"2025-11-24 10:23:17",0,0,1,TERBUKA,TERTUTUP
2359,27.6,75.1,3795,2768,"2025-11-24 10:23:21",0,0,1,TERBUKA,TERTUTUP
2360,27.6,75.1,3858,2658,"2025-11-24 10:23:25",0,0,1,TERBUKA,TERTUTUP
2361,27.6,75.1,3895,4095,"2025-11-24 10:23:29",0,0,1,TERBUKA,TERTUTUP
2362,27.6,75.1,3810,2483,"2025-11-24 10:23:33",0,0,1,TERBUKA,TERTUTUP
2363,27.6,75.1,3781,4095,"2025-11-24 10:23:39",0,0,1,TERBUKA,TERTUTUP
2364,27.6,75.1,3809,4095,"2025-11-24 10:23:43",0,0,1,TERBUKA,TERTUTUP
2365,27.6,75.1,3399,4095,"2025-11-24 10:23:48",0,0,1,TERBUKA,TERTUTUP
2366,27.6,75.1,3342,4095,"2025-11-24 10:23:52",0,0,1,TERBUKA,TERTUTUP
2367,27.6,75.1,3380,4095,"2025-11-24 10:23:55",0,0,1,TERBUKA,TERTUTUP
2368,27.6,75.1,3313,4095,"2025-11-24 10:24:00",0,0,1,TERBUKA,TERTUTUP
2369,27.6,75.1,3379,4095,"2025-11-24 10:24:04",0,0,1,TERBUKA,TERTUTUP
2370,27.6,75.1,3247,4095,"2025-11-24 10:24:08",0,0,1,TERBUKA,TERTUTUP
2371,27.6,75.1,3317,4095,"2025-11-24 10:24:12",0,0,1,TERBUKA,TERTUTUP
2372,27.6,75.1,3289,4095,"2025-11-24 10:24:16",0,0,1,TERBUKA,TERTUTUP
2373,27.6,75.1,3308,1805,"2025-11-24 10:24:20",180,0,1,TERTUTUP,TERTUTUP
2374,27.6,75.1,3433,2000,"2025-11-24 10:24:23",0,0,1,TERBUKA,TERTUTUP
2375,27.6,75.1,3385,2003,"2025-11-24 10:24:27",0,0,1,TERBUKA,TERTUTUP
2376,27.6,75.1,3340,2065,"2025-11-24 10:24:31",0,0,1,TERBUKA,TERTUTUP
2377,27.6,75.1,3394,2018,"2025-11-24 10:24:35",0,0,1,TERBUKA,TERTUTUP
2378,27.6,75.1,3398,2000,"2025-11-24 10:24:40",0,0,1,TERBUKA,TERTUTUP
2379,27.6,75.1,3947,2030,"2025-11-24 10:24:43",0,0,1,TERBUKA,TERTUTUP
2380,27.6,75.1,4037,2000,"2025-11-24 10:24:47",0,0,1,TERBUKA,TERTUTUP
2381,27.6,75.1,4025,2017,"2025-11-24 10:24:51",0,0,1,TERBUKA,TERTUTUP
2382,27.6,75.1,3972,2094,"2025-11-24 10:24:54",0,0,1,TERBUKA,TERTUTUP
2383,27.6,75.1,3923,2084,"2025-11-24 10:24:58",0,0,1,TERBUKA,TERTUTUP
2384,27.6,75.1,3788,2042,"2025-11-24 10:25:01",0,0,1,TERBUKA,TERTUTUP
2385,27.6,75.1,4095,4095,"2025-11-24 10:25:05",0,0,1,TERBUKA,TERTUTUP
2386,27.6,75.1,4038,4095,"2025-11-24 10:25:09",0,0,1,TERBUKA,TERTUTUP
2387,27.6,75.1,4048,4095,"2025-11-24 10:25:15",0,0,1,TERBUKA,TERTUTUP
2388,27.6,75.1,3874,4095,"2025-11-24 10:25:20",0,0,1,TERBUKA,TERTUTUP
2389,27.6,75.1,4022,4095,"2025-11-24 10:25:24",0,0,1,TERBUKA,TERTUTUP
2390,27.6,75.1,3922,4095,"2025-11-24 10:25:28",0,0,1,TERBUKA,TERTUTUP
2391,27.6,75.1,4062,4095,"2025-11-24 10:25:33",0,0,1,TERBUKA,TERTUTUP
2392,27.6,75.1,4095,4095,"2025-11-24 10:25:37",0,0,1,TERBUKA,TERTUTUP
2393,27.6,75.1,4095,4095,"2025-11-24 10:25:39",0,90,1,TERBUKA,TERBUKA
2394,27.6,75.1,4095,4095,"2025-11-24 10:25:43",0,0,1,TERBUKA,TERTUTUP
2395,27.6,75.1,4095,4095,"2025-11-24 10:25:45",0,90,1,TERBUKA,TERBUKA
2396,27.6,75.1,4095,4095,"2025-11-24 10:25:47",0,90,1,TERBUKA,TERBUKA
2397,27.6,75.1,4095,4095,"2025-11-24 10:25:51",0,0,1,TERBUKA,TERTUTUP
2398,27.6,75.1,3540,4095,"2025-11-24 10:25:56",0,90,1,TERBUKA,TERBUKA
2399,27.6,75.1,3540,4095,"2025-11-24 10:25:57",0,90,1,TERBUKA,TERBUKA
2400,27.6,75.1,3541,4095,"2025-11-24 10:26:07",0,0,1,TERBUKA,TERTUTUP
2401,27.6,75.1,4095,4095,"2025-11-24 10:26:11",0,90,1,TERBUKA,TERBUKA
2402,27.6,75.1,4095,4095,"2025-11-24 10:26:11",0,90,1,TERBUKA,TERBUKA
2403,27.6,75.1,3196,4095,"2025-11-24 10:26:34",0,0,1,TERBUKA,TERTUTUP
2404,27.6,75.1,3108,4095,"2025-11-24 10:26:38",0,0,1,TERBUKA,TERTUTUP
2405,27.6,75.1,3140,4095,"2025-11-24 10:26:43",0,0,1,TERBUKA,TERTUTUP
2406,27.6,75.1,4095,4095,"2025-11-24 10:26:47",0,0,1,TERBUKA,TERTUTUP
2407,27.6,75.1,4095,4095,"2025-11-24 10:26:51",0,90,1,TERBUKA,TERBUKA
2408,27.6,75.1,4095,4095,"2025-11-24 10:26:52",0,90,1,TERBUKA,TERBUKA
2409,0,0,4095,4095,"2025-11-24 10:27:30",180,0,1,TERTUTUP,TERTUTUP
2410,0,0,4095,4095,"2025-11-24 10:27:35",180,0,1,TERTUTUP,TERTUTUP
2411,0,0,4095,4095,"2025-11-24 10:27:39",180,0,1,TERTUTUP,TERTUTUP
2412,0,0,4095,4095,"2025-11-24 10:27:45",180,0,1,TERTUTUP,TERTUTUP
2413,0,0,4095,4095,"2025-11-24 10:27:53",180,0,1,TERTUTUP,TERTUTUP
2414,0,0,4095,3048,"2025-11-24 10:27:57",180,0,1,TERTUTUP,TERTUTUP
2415,0,0,4095,2434,"2025-11-24 10:28:04",180,0,1,TERTUTUP,TERTUTUP
2416,0,0,4095,4095,"2025-11-24 10:28:08",180,0,1,TERTUTUP,TERTUTUP
2417,0,0,4095,4095,"2025-11-24 10:28:11",180,0,1,TERTUTUP,TERTUTUP
2418,0,0,4095,4095,"2025-11-24 10:28:17",180,0,1,TERTUTUP,TERTUTUP
2419,0,0,4095,4095,"2025-11-24 10:28:29",180,0,1,TERTUTUP,TERTUTUP
2420,0,0,4095,4095,"2025-11-24 10:28:36",180,0,1,TERTUTUP,TERTUTUP
2421,0,0,4093,2288,"2025-11-24 10:28:49",180,0,1,TERTUTUP,TERTUTUP
2422,0,0,4095,2183,"2025-11-24 10:28:49",180,0,1,TERTUTUP,TERTUTUP
2423,0,0,4093,2263,"2025-11-24 10:28:56",180,0,1,TERTUTUP,TERTUTUP
2424,0,0,4077,2211,"2025-11-24 10:29:01",180,0,1,TERTUTUP,TERTUTUP
2425,0,0,4087,2275,"2025-11-24 10:29:06",180,0,1,TERTUTUP,TERTUTUP
2426,0,0,4063,2434,"2025-11-24 10:29:20",180,0,1,TERTUTUP,TERTUTUP
2427,0,0,4085,2446,"2025-11-24 10:29:24",180,0,1,TERTUTUP,TERTUTUP
2428,0,0,4082,2589,"2025-11-24 10:29:29",180,0,1,TERTUTUP,TERTUTUP
2429,0,0,4088,2659,"2025-11-24 10:29:36",180,0,1,TERTUTUP,TERTUTUP
2430,0,0,4095,2831,"2025-11-24 10:29:41",180,0,1,TERTUTUP,TERTUTUP
2431,0,0,4095,2833,"2025-11-24 10:29:46",180,0,1,TERTUTUP,TERTUTUP
2432,0,0,4095,3120,"2025-11-24 10:29:51",180,0,1,TERTUTUP,TERTUTUP
2433,0,0,4095,3270,"2025-11-24 10:29:54",180,0,1,TERTUTUP,TERTUTUP
2434,0,0,4095,3532,"2025-11-24 10:29:58",180,0,1,TERTUTUP,TERTUTUP
2435,0,0,4095,3739,"2025-11-24 10:30:01",180,0,1,TERTUTUP,TERTUTUP
2436,0,0,4095,3769,"2025-11-24 10:30:06",180,0,1,TERTUTUP,TERTUTUP
2437,0,0,4095,4095,"2025-11-24 10:30:10",180,0,1,TERTUTUP,TERTUTUP
2438,0,0,4095,4095,"2025-11-24 10:30:14",180,0,1,TERTUTUP,TERTUTUP
2439,0,0,4095,4095,"2025-11-24 10:30:19",180,0,1,TERTUTUP,TERTUTUP
2440,0,0,4095,4095,"2025-11-24 10:30:24",180,0,1,TERTUTUP,TERTUTUP
2441,0,0,4095,4095,"2025-11-24 10:30:27",180,0,1,TERTUTUP,TERTUTUP
2442,0,0,4095,4095,"2025-11-24 10:30:35",180,0,1,TERTUTUP,TERTUTUP
2443,0,0,4095,4095,"2025-11-24 10:30:38",180,0,1,TERTUTUP,TERTUTUP
2444,0,0,4095,4095,"2025-11-24 10:30:42",180,0,1,TERTUTUP,TERTUTUP
2445,0,0,4095,4095,"2025-11-24 10:30:45",180,0,1,TERTUTUP,TERTUTUP
2446,0,0,4095,4095,"2025-11-24 10:30:49",180,0,1,TERTUTUP,TERTUTUP
2447,0,0,4095,4095,"2025-11-24 10:31:02",180,0,1,TERTUTUP,TERTUTUP
2448,0,0,3384,4095,"2025-11-24 10:31:09",180,0,1,TERTUTUP,TERTUTUP
2449,0,0,3047,4095,"2025-11-24 10:31:13",180,0,1,TERTUTUP,TERTUTUP
2450,0,0,3277,4095,"2025-11-24 10:31:21",180,0,1,TERTUTUP,TERTUTUP
2451,0,0,2931,4095,"2025-11-24 10:31:25",180,0,1,TERTUTUP,TERTUTUP
2452,0,0,2927,4095,"2025-11-24 10:31:30",180,0,1,TERTUTUP,TERTUTUP
2453,0,0,3140,4095,"2025-11-24 10:31:34",180,0,1,TERTUTUP,TERTUTUP
2454,0,0,2992,4095,"2025-11-24 10:31:38",180,0,1,TERTUTUP,TERTUTUP
2455,0,0,2996,4095,"2025-11-24 10:31:43",180,0,1,TERTUTUP,TERTUTUP
2456,0,0,2933,4095,"2025-11-24 10:32:00",180,0,1,TERTUTUP,TERTUTUP
2457,0,0,2974,4095,"2025-11-24 10:32:04",180,0,1,TERTUTUP,TERTUTUP
2458,0,0,3060,4095,"2025-11-24 10:32:11",180,0,1,TERTUTUP,TERTUTUP
2459,0,0,3289,4095,"2025-11-24 10:32:15",180,0,1,TERTUTUP,TERTUTUP
2460,0,0,3192,4095,"2025-11-24 10:32:19",180,0,1,TERTUTUP,TERTUTUP
2461,0,0,3557,4095,"2025-11-24 10:32:23",180,0,1,TERTUTUP,TERTUTUP
2462,0,0,3146,4095,"2025-11-24 10:32:26",180,0,1,TERTUTUP,TERTUTUP
2463,0,0,3057,4095,"2025-11-24 10:32:36",180,0,1,TERTUTUP,TERTUTUP
2464,0,0,4095,4095,"2025-11-24 10:32:40",180,0,1,TERTUTUP,TERTUTUP
2465,0,0,3199,4095,"2025-11-24 10:32:44",180,0,1,TERTUTUP,TERTUTUP
2466,0,0,2926,4095,"2025-11-24 10:32:48",180,0,1,TERTUTUP,TERTUTUP
2467,0,0,3192,4095,"2025-11-24 10:32:52",180,0,1,TERTUTUP,TERTUTUP
2468,0,0,3223,4095,"2025-11-24 10:32:57",180,0,1,TERTUTUP,TERTUTUP
2469,0,0,3065,4095,"2025-11-24 10:33:03",180,0,1,TERTUTUP,TERTUTUP
2470,0,0,3312,4095,"2025-11-24 10:33:07",180,0,1,TERTUTUP,TERTUTUP
2471,0,0,3413,4095,"2025-11-24 10:33:11",180,0,1,TERTUTUP,TERTUTUP
2472,0,0,3448,4095,"2025-11-24 10:33:15",180,0,1,TERTUTUP,TERTUTUP
2473,0,0,3457,4095,"2025-11-24 10:33:19",180,0,1,TERTUTUP,TERTUTUP
2474,0,0,3415,4095,"2025-11-24 10:33:23",180,0,1,TERTUTUP,TERTUTUP
2475,0,0,2965,4095,"2025-11-24 10:33:27",180,0,1,TERTUTUP,TERTUTUP
2476,0,0,3030,4095,"2025-11-24 10:33:32",180,0,1,TERTUTUP,TERTUTUP
2477,0,0,3304,4095,"2025-11-24 10:33:45",180,0,1,TERTUTUP,TERTUTUP
2478,0,0,3454,4095,"2025-11-24 10:33:48",180,0,1,TERTUTUP,TERTUTUP
2479,0,0,3530,4095,"2025-11-24 10:33:53",180,0,1,TERTUTUP,TERTUTUP
2480,0,0,3530,4095,"2025-11-24 10:33:59",180,0,1,TERTUTUP,TERTUTUP
2481,0,0,2858,4095,"2025-11-24 10:34:03",180,0,1,TERTUTUP,TERTUTUP
2482,0,0,2943,4095,"2025-11-24 10:34:08",180,0,1,TERTUTUP,TERTUTUP
2483,0,0,2926,4095,"2025-11-24 10:34:12",180,0,1,TERTUTUP,TERTUTUP
2484,0,0,2878,4095,"2025-11-24 10:34:16",180,0,1,TERTUTUP,TERTUTUP
2485,0,0,2900,4095,"2025-11-24 10:34:21",180,0,1,TERTUTUP,TERTUTUP
2486,0,0,2910,4095,"2025-11-24 10:34:28",180,0,1,TERTUTUP,TERTUTUP
2487,0,0,2866,4095,"2025-11-24 10:34:32",180,0,1,TERTUTUP,TERTUTUP
2488,0,0,2929,4095,"2025-11-24 10:34:37",180,0,1,TERTUTUP,TERTUTUP
2489,0,0,2915,4095,"2025-11-24 10:34:42",180,0,1,TERTUTUP,TERTUTUP
2490,0,0,2888,4095,"2025-11-24 10:34:46",180,0,1,TERTUTUP,TERTUTUP
2491,0,0,2935,4095,"2025-11-24 10:34:50",180,0,1,TERTUTUP,TERTUTUP
2492,0,0,2946,4095,"2025-11-24 10:34:53",180,0,1,TERTUTUP,TERTUTUP
2493,0,0,2885,4095,"2025-11-24 10:34:56",180,0,1,TERTUTUP,TERTUTUP
2494,0,0,2889,4095,"2025-11-24 10:35:01",180,0,1,TERTUTUP,TERTUTUP
2495,0,0,2926,4095,"2025-11-24 10:35:04",180,0,1,TERTUTUP,TERTUTUP
2496,0,0,2902,4095,"2025-11-24 10:35:07",180,0,1,TERTUTUP,TERTUTUP
2497,0,0,2882,4095,"2025-11-24 10:35:10",180,0,1,TERTUTUP,TERTUTUP
2498,0,0,2944,4095,"2025-11-24 10:35:14",180,0,1,TERTUTUP,TERTUTUP
2499,0,0,2879,4095,"2025-11-24 10:35:18",180,0,1,TERTUTUP,TERTUTUP
2500,0,0,3219,4095,"2025-11-24 10:35:22",180,0,1,TERTUTUP,TERTUTUP
2501,0,0,3257,4095,"2025-11-24 10:35:28",180,0,1,TERTUTUP,TERTUTUP
2502,0,0,2782,4095,"2025-11-24 10:35:32",180,0,1,TERTUTUP,TERTUTUP
2503,0,0,3185,4095,"2025-11-24 10:35:37",180,0,1,TERTUTUP,TERTUTUP
2504,0,0,3067,4095,"2025-11-24 10:35:41",180,0,1,TERTUTUP,TERTUTUP
2505,0,0,3113,4095,"2025-11-24 10:35:44",180,0,1,TERTUTUP,TERTUTUP
2506,0,0,2505,4095,"2025-11-24 10:35:48",180,0,1,TERTUTUP,TERTUTUP
2507,0,0,2432,4095,"2025-11-24 10:35:53",180,0,1,TERTUTUP,TERTUTUP
2508,0,0,2409,4095,"2025-11-24 10:35:56",180,0,1,TERTUTUP,TERTUTUP
2509,0,0,2441,4095,"2025-11-24 10:36:00",180,0,1,TERTUTUP,TERTUTUP
2510,29.1,77.5,2357,4095,"2025-11-24 10:36:08",0,0,1,TERBUKA,TERTUTUP
2511,29.1,77.4,2432,4095,"2025-11-24 10:36:11",0,0,1,TERBUKA,TERTUTUP
2512,29.1,77.5,2447,4095,"2025-11-24 10:36:14",0,0,1,TERBUKA,TERTUTUP
2513,29.1,77.6,2445,4095,"2025-11-24 10:36:18",0,0,1,TERBUKA,TERTUTUP
2514,29.1,77.7,2471,4095,"2025-11-24 10:36:23",0,0,1,TERBUKA,TERTUTUP
2515,29.1,77.9,2471,4095,"2025-11-24 10:36:27",0,0,1,TERBUKA,TERTUTUP
2516,29.1,78,2461,4095,"2025-11-24 10:36:32",0,0,1,TERBUKA,TERTUTUP
2517,29.1,77.7,2451,4095,"2025-11-24 10:36:36",0,0,1,TERBUKA,TERTUTUP
2518,29,77.4,2506,4095,"2025-11-24 10:36:40",0,0,1,TERBUKA,TERTUTUP
2519,29,77.7,2540,4095,"2025-11-24 10:36:42",0,90,1,TERBUKA,TERBUKA
2520,29.1,77.6,2484,4095,"2025-11-24 10:36:44",0,90,1,TERBUKA,TERBUKA
2521,29,78.1,2517,4095,"2025-11-24 10:36:49",0,0,1,TERBUKA,TERTUTUP
2522,29,77.9,2445,4095,"2025-11-24 10:36:53",0,0,1,TERBUKA,TERTUTUP
2523,29,77.4,2494,4095,"2025-11-24 10:36:57",0,0,1,TERBUKA,TERTUTUP
2524,29,77.4,2490,4095,"2025-11-24 10:37:01",0,0,1,TERBUKA,TERTUTUP
2525,29,77.2,2494,4095,"2025-11-24 10:37:05",0,0,1,TERBUKA,TERTUTUP
2526,29,76.8,2463,4095,"2025-11-24 10:37:09",0,0,1,TERBUKA,TERTUTUP
2527,29,77,2478,4095,"2025-11-24 10:37:13",0,0,1,TERBUKA,TERTUTUP
2528,29,77.5,2461,4095,"2025-11-24 10:37:16",0,0,1,TERBUKA,TERTUTUP
2529,29,77.3,2513,4095,"2025-11-24 10:37:20",0,0,1,TERBUKA,TERTUTUP
2530,29,77.1,2487,4095,"2025-11-24 10:37:24",0,0,1,TERBUKA,TERTUTUP
2531,29,77,2478,4095,"2025-11-24 10:37:27",0,0,1,TERBUKA,TERTUTUP
2532,29,76.9,2464,4095,"2025-11-24 10:37:31",0,0,1,TERBUKA,TERTUTUP
2533,29,77,2508,4095,"2025-11-24 10:37:35",0,0,1,TERBUKA,TERTUTUP
2534,29,77.8,2504,4095,"2025-11-24 10:37:39",0,0,1,TERBUKA,TERTUTUP
2535,28.9,77.8,2378,4095,"2025-11-24 10:38:00",0,0,1,TERBUKA,TERTUTUP
2536,28.8,78.2,2462,4095,"2025-11-24 10:38:04",0,0,1,TERBUKA,TERTUTUP
2537,28.9,77.8,2300,4095,"2025-11-24 10:38:08",0,0,1,TERBUKA,TERTUTUP
2538,28.9,78.2,2359,4095,"2025-11-24 10:38:12",0,0,1,TERBUKA,TERTUTUP
2539,28.9,78.3,2351,4095,"2025-11-24 10:38:16",0,0,1,TERBUKA,TERTUTUP
2540,28.9,79.5,2385,4095,"2025-11-24 10:38:20",0,0,1,TERBUKA,TERTUTUP
2541,28.9,79.8,2307,4095,"2025-11-24 10:38:25",0,0,1,TERBUKA,TERTUTUP
2542,28.9,79.2,2367,4095,"2025-11-24 10:38:28",0,0,1,TERBUKA,TERTUTUP
2543,28.9,79.3,3712,4095,"2025-11-24 10:38:32",0,0,1,TERBUKA,TERTUTUP
2544,28.9,80.5,3743,4095,"2025-11-24 10:38:36",0,0,1,TERBUKA,TERTUTUP
2545,28.9,80.4,3774,4095,"2025-11-24 10:38:40",0,0,1,TERBUKA,TERTUTUP
2546,28.9,78.6,3775,4095,"2025-11-24 10:38:46",0,0,1,TERBUKA,TERTUTUP
2547,28.9,78.8,3626,4095,"2025-11-24 10:38:49",0,0,1,TERBUKA,TERTUTUP
2548,28.9,78.7,3563,1723,"2025-11-24 10:38:53",180,0,1,TERTUTUP,TERTUTUP
2549,28.9,78.4,3575,2336,"2025-11-24 10:38:57",0,0,1,TERBUKA,TERTUTUP
2550,28.9,78.7,3565,1962,"2025-11-24 10:39:00",180,0,1,TERTUTUP,TERTUTUP
2551,28.9,78.3,3668,2585,"2025-11-24 10:39:05",0,0,1,TERBUKA,TERTUTUP
2552,28.9,78.1,3595,1516,"2025-11-24 10:39:08",180,0,1,TERTUTUP,TERTUTUP
2553,28.9,78.8,3687,2518,"2025-11-24 10:39:13",0,0,1,TERBUKA,TERTUTUP
2554,28.9,79.1,3565,2522,"2025-11-24 10:39:19",0,0,1,TERBUKA,TERTUTUP
2555,28.9,79.8,3783,2494,"2025-11-24 10:39:23",0,0,1,TERBUKA,TERTUTUP
2556,28.9,78.5,3797,1855,"2025-11-24 10:39:27",180,0,1,TERTUTUP,TERTUTUP
2557,28.9,78.8,3893,2373,"2025-11-24 10:39:32",0,0,1,TERBUKA,TERTUTUP
2558,28.9,79.6,3734,2431,"2025-11-24 10:39:37",0,0,1,TERBUKA,TERTUTUP
2559,28.9,79.6,3708,2631,"2025-11-24 10:39:42",0,0,1,TERBUKA,TERTUTUP
2560,28.9,80.6,3909,2715,"2025-11-24 10:39:45",0,0,1,TERBUKA,TERTUTUP
2561,28.9,80.3,3944,2802,"2025-11-24 10:39:50",0,0,1,TERBUKA,TERTUTUP
2562,28.9,80.4,4004,2928,"2025-11-24 10:39:53",0,0,1,TERBUKA,TERTUTUP
2563,28.9,79.3,4084,3091,"2025-11-24 10:39:58",0,0,1,TERBUKA,TERTUTUP
2564,28.9,78.5,3953,3091,"2025-11-24 10:40:01",0,0,1,TERBUKA,TERTUTUP
2565,28.9,78.1,4083,3280,"2025-11-24 10:40:05",0,0,1,TERBUKA,TERTUTUP
2566,28.9,78.1,3916,3401,"2025-11-24 10:40:13",0,0,1,TERBUKA,TERTUTUP
2567,28.9,78.4,4017,3630,"2025-11-24 10:40:17",0,0,1,TERBUKA,TERTUTUP
2568,28.9,78.8,3924,2335,"2025-11-24 10:40:21",0,0,1,TERBUKA,TERTUTUP
2569,28.9,79.3,3873,2503,"2025-11-24 10:40:24",0,0,1,TERBUKA,TERTUTUP
2570,28.9,80.3,4020,2512,"2025-11-24 10:40:29",0,0,1,TERBUKA,TERTUTUP
2571,29,80.5,4089,2071,"2025-11-24 10:40:33",0,0,1,TERBUKA,TERTUTUP
2572,29,79.9,3971,3367,"2025-11-24 10:40:37",0,0,1,TERBUKA,TERTUTUP
2573,29,79.1,4095,3641,"2025-11-24 10:40:40",0,0,1,TERBUKA,TERTUTUP
2574,29.1,78.7,4095,3940,"2025-11-24 10:40:44",0,0,1,TERBUKA,TERTUTUP
2575,29.1,78.7,4095,4095,"2025-11-24 10:40:50",0,0,1,TERBUKA,TERTUTUP
2576,29.1,78.5,3919,4095,"2025-11-24 10:40:55",0,0,1,TERBUKA,TERTUTUP
2577,29.1,78.8,4095,4095,"2025-11-24 10:41:00",0,0,1,TERBUKA,TERTUTUP
2578,29.1,78.4,4095,4095,"2025-11-24 10:41:06",0,0,1,TERBUKA,TERTUTUP
2579,29.1,78.5,4095,4095,"2025-11-24 10:41:11",0,0,1,TERBUKA,TERTUTUP
2580,29.2,78.8,4095,4095,"2025-11-24 10:41:15",0,0,1,TERBUKA,TERTUTUP
2581,29.2,79.7,4095,4095,"2025-11-24 10:41:22",0,0,1,TERBUKA,TERTUTUP
2582,29.2,79.3,4095,4095,"2025-11-24 10:41:30",0,0,1,TERBUKA,TERTUTUP
2583,29.3,78.1,4095,1712,"2025-11-24 10:41:50",180,0,1,TERTUTUP,TERTUTUP
2584,29.3,78.6,4095,2224,"2025-11-24 10:41:53",0,0,1,TERBUKA,TERTUTUP
2585,29.3,78.4,4095,2179,"2025-11-24 10:41:57",0,0,1,TERBUKA,TERTUTUP
2586,29.3,78.3,4095,2250,"2025-11-24 10:42:01",0,0,1,TERBUKA,TERTUTUP
2587,29.3,78.2,4095,2175,"2025-11-24 10:42:06",0,0,1,TERBUKA,TERTUTUP
2588,29.3,77.5,4095,2259,"2025-11-24 10:42:10",0,90,1,TERBUKA,TERBUKA
2589,29.3,77.5,4095,2259,"2025-11-24 10:42:11",0,90,1,TERBUKA,TERBUKA
2590,29.3,78.1,4095,2215,"2025-11-24 10:42:23",0,90,1,TERBUKA,TERBUKA
2591,29.3,78.2,4095,2241,"2025-11-24 10:42:24",0,0,1,TERBUKA,TERTUTUP
2592,29.3,77.7,4095,2337,"2025-11-24 10:42:26",0,90,1,TERBUKA,TERBUKA
2593,29.3,77.7,4095,2103,"2025-11-24 10:42:34",0,0,1,TERBUKA,TERTUTUP
2594,29.3,77.4,4095,2155,"2025-11-24 10:42:40",0,0,1,TERBUKA,TERTUTUP
2595,29.2,78.1,4095,2192,"2025-11-24 10:42:44",0,0,1,TERBUKA,TERTUTUP
2596,29.2,78.3,4095,1874,"2025-11-24 10:42:48",180,0,1,TERTUTUP,TERTUTUP
2597,29.2,78.7,4095,1979,"2025-11-24 10:43:02",180,0,1,TERTUTUP,TERTUTUP
2598,29.2,78.2,4095,2015,"2025-11-24 10:43:02",0,0,1,TERBUKA,TERTUTUP
2599,29.2,78.2,4095,1972,"2025-11-24 10:43:06",180,0,1,TERTUTUP,TERTUTUP
2600,29.2,78.1,4095,2032,"2025-11-24 10:43:13",0,0,1,TERBUKA,TERTUTUP
2601,29.2,78.4,4095,4095,"2025-11-24 10:43:22",0,0,1,TERBUKA,TERTUTUP
2602,29.1,77.7,4095,1473,"2025-11-24 10:43:33",180,0,1,TERTUTUP,TERTUTUP
2603,29.1,78.8,4095,4095,"2025-11-24 10:43:37",0,0,1,TERBUKA,TERTUTUP
2604,29.1,78.2,4095,4095,"2025-11-24 10:43:50",0,0,1,TERBUKA,TERTUTUP
2605,29.2,78.6,4095,4095,"2025-11-24 10:43:55",0,0,1,TERBUKA,TERTUTUP
2606,29.2,78,4095,4095,"2025-11-24 10:44:01",0,0,1,TERBUKA,TERTUTUP
2607,29.1,78.3,4095,4095,"2025-11-24 10:44:06",0,0,1,TERBUKA,TERTUTUP
2608,29.2,78.7,4095,4095,"2025-11-24 10:44:10",0,0,1,TERBUKA,TERTUTUP
2609,29.2,78.1,4095,4095,"2025-11-24 10:44:14",0,0,1,TERBUKA,TERTUTUP
2610,29.2,78,4095,4095,"2025-11-24 10:44:22",0,0,1,TERBUKA,TERTUTUP
2611,29.1,77.3,4095,4095,"2025-11-24 10:44:26",0,0,1,TERBUKA,TERTUTUP
2612,29.1,77.2,4095,4095,"2025-11-24 10:44:31",0,0,1,TERBUKA,TERTUTUP
2613,29.1,77.8,4095,4095,"2025-11-24 10:44:37",0,0,1,TERBUKA,TERTUTUP
2614,29.1,77.6,4095,4095,"2025-11-24 10:44:47",0,0,1,TERBUKA,TERTUTUP
2615,29.1,78.2,4095,4095,"2025-11-24 10:44:51",0,90,1,TERBUKA,TERBUKA
2616,29.1,78.2,4095,4095,"2025-11-24 10:44:52",0,0,1,TERBUKA,TERTUTUP
2617,29,78.7,4095,4095,"2025-11-24 10:44:55",0,0,1,TERBUKA,TERTUTUP
2618,29,78.5,4095,4095,"2025-11-24 10:44:59",0,0,1,TERBUKA,TERTUTUP
2619,29,78.3,4095,4095,"2025-11-24 10:45:03",0,0,1,TERBUKA,TERTUTUP
2620,29,78.5,4095,4095,"2025-11-24 10:45:11",0,0,1,TERBUKA,TERTUTUP
2621,29,78.6,4095,4095,"2025-11-24 10:45:16",0,0,1,TERBUKA,TERTUTUP
2622,29,77.5,4095,4095,"2025-11-24 10:45:19",0,0,1,TERBUKA,TERTUTUP
2623,29,78,4095,4095,"2025-11-24 10:45:45",180,0,1,TERBUKA,TERTUTUP
2624,28.9,78.9,4095,2855,"2025-11-24 10:45:49",180,0,1,TERBUKA,TERTUTUP
2625,28.9,78.8,4095,2800,"2025-11-24 10:45:53",180,0,1,TERBUKA,TERTUTUP
2626,28.9,78.6,4095,2891,"2025-11-24 10:45:58",180,0,1,TERBUKA,TERTUTUP
2627,28.9,78.4,4095,2898,"2025-11-24 10:46:02",180,0,1,TERBUKA,TERTUTUP
2628,28.9,78.4,4095,2891,"2025-11-24 10:46:06",180,0,1,TERBUKA,TERTUTUP
2629,28.9,78.2,4095,2289,"2025-11-24 10:46:10",180,0,1,TERBUKA,TERTUTUP
2630,28.9,78.6,4095,2368,"2025-11-24 10:46:14",180,0,1,TERBUKA,TERTUTUP
2631,28.9,78,4095,1347,"2025-11-24 10:46:20",0,0,1,TERTUTUP,TERTUTUP
2632,28.9,78.1,4095,1979,"2025-11-24 10:46:27",0,0,1,TERTUTUP,TERTUTUP
2633,28.9,77.8,4095,4095,"2025-11-24 10:46:31",180,0,1,TERBUKA,TERTUTUP
2634,28.8,78.2,4095,4095,"2025-11-24 10:46:36",180,0,1,TERBUKA,TERTUTUP
2635,28.9,77.9,4095,4095,"2025-11-24 10:46:40",180,0,1,TERBUKA,TERTUTUP
2636,28.8,78.1,4095,4095,"2025-11-24 10:46:44",180,0,1,TERBUKA,TERTUTUP
2637,28.8,78.5,4095,4095,"2025-11-24 10:46:48",180,0,1,TERBUKA,TERTUTUP
2638,28.8,78.4,4095,4095,"2025-11-24 10:46:52",180,0,1,TERBUKA,TERTUTUP
2639,28.8,78.4,4095,4095,"2025-11-24 10:46:56",180,0,1,TERBUKA,TERTUTUP
2640,28.8,78.3,4095,4095,"2025-11-24 10:47:00",180,0,1,TERBUKA,TERTUTUP
2641,28.8,78.3,4095,4095,"2025-11-24 10:47:04",180,0,1,TERBUKA,TERTUTUP
2642,28.8,78.3,4095,4095,"2025-11-24 10:47:08",180,0,1,TERBUKA,TERTUTUP
2643,28.8,78.5,4095,4095,"2025-11-24 10:47:12",180,0,1,TERBUKA,TERTUTUP
2644,28.8,78.5,4095,4095,"2025-11-24 10:47:15",180,0,1,TERBUKA,TERTUTUP
2645,28.8,78.3,4095,4095,"2025-11-24 10:47:20",180,0,1,TERBUKA,TERTUTUP
2646,28.8,78.3,4095,4095,"2025-11-24 10:47:26",180,0,1,TERBUKA,TERTUTUP
2647,28.8,78.1,4095,4095,"2025-11-24 10:47:32",180,0,1,TERBUKA,TERTUTUP
2648,28.8,78.7,4095,4095,"2025-11-24 10:47:41",180,0,1,TERBUKA,TERTUTUP
2649,28.7,78.9,4095,4095,"2025-11-24 10:47:49",180,0,1,TERBUKA,TERTUTUP
2650,28.7,79.8,4095,4095,"2025-11-24 10:47:53",180,0,1,TERBUKA,TERTUTUP
2651,28.7,79.3,4095,4095,"2025-11-24 10:47:57",180,0,1,TERBUKA,TERTUTUP
2652,28.8,79.1,4095,4095,"2025-11-24 10:48:00",180,0,1,TERBUKA,TERTUTUP
2653,28.8,78.7,4095,4095,"2025-11-24 10:48:04",180,0,1,TERBUKA,TERTUTUP
2654,28.7,78.7,4095,4095,"2025-11-24 10:48:08",180,0,1,TERBUKA,TERTUTUP
2655,28.8,78.6,4095,4095,"2025-11-24 10:48:13",180,0,1,TERBUKA,TERTUTUP
2656,28.8,78.3,4095,4095,"2025-11-24 10:48:17",180,0,1,TERBUKA,TERTUTUP
2657,28.8,78.4,4095,4095,"2025-11-24 10:48:26",180,0,1,TERBUKA,TERTUTUP
2658,28.8,78.5,4095,4095,"2025-11-24 10:48:31",180,0,1,TERBUKA,TERTUTUP
2659,28.7,78.9,4095,4095,"2025-11-24 10:48:34",180,0,1,TERBUKA,TERTUTUP
2660,28.8,78.7,4095,4095,"2025-11-24 10:48:38",180,0,1,TERBUKA,TERTUTUP
2661,28.7,79,4095,4095,"2025-11-24 10:48:46",180,0,1,TERBUKA,TERTUTUP
2662,28.7,78.7,4095,4095,"2025-11-24 10:48:50",180,0,1,TERBUKA,TERTUTUP
2663,28.7,78.7,4095,4095,"2025-11-24 10:48:53",180,90,1,TERBUKA,TERBUKA
2664,28.7,78.7,4095,4095,"2025-11-24 10:48:54",180,90,1,TERBUKA,TERBUKA
2665,28.8,78.8,4036,4095,"2025-11-24 10:48:59",180,0,1,TERBUKA,TERTUTUP
2666,28.8,79,4095,4095,"2025-11-24 10:49:04",180,0,1,TERBUKA,TERTUTUP
2667,28.7,79.2,4095,4095,"2025-11-24 10:49:07",180,0,1,TERBUKA,TERTUTUP
2668,28.8,79.2,4095,4095,"2025-11-24 10:49:12",180,0,1,TERBUKA,TERTUTUP
2669,28.8,79.2,4095,4095,"2025-11-24 10:49:16",180,0,1,TERBUKA,TERTUTUP
2670,28.8,79.4,3918,4095,"2025-11-24 10:49:21",180,0,1,TERBUKA,TERTUTUP
2671,28.8,79.3,4014,4095,"2025-11-24 10:49:25",180,0,1,TERBUKA,TERTUTUP
2672,28.8,79.5,3901,4095,"2025-11-24 10:49:31",180,0,1,TERBUKA,TERTUTUP
2673,28.8,79.5,3915,4095,"2025-11-24 10:49:36",180,0,1,TERBUKA,TERTUTUP
2674,28.8,79.2,3922,4095,"2025-11-24 10:49:43",180,0,1,TERBUKA,TERTUTUP
2675,28.8,79.2,3981,4095,"2025-11-24 10:49:50",180,0,1,TERBUKA,TERTUTUP
2676,28.8,79,3932,4095,"2025-11-24 10:49:56",180,0,1,TERBUKA,TERTUTUP
2677,28.8,79.1,4082,4095,"2025-11-24 10:49:59",180,0,1,TERBUKA,TERTUTUP
2678,28.8,79,4084,4095,"2025-11-24 10:50:07",180,0,1,TERBUKA,TERTUTUP
2679,28.8,78.7,3853,2131,"2025-11-24 10:50:15",180,0,1,TERBUKA,TERTUTUP
2680,28.8,79.5,3815,1899,"2025-11-24 10:50:35",0,0,1,TERTUTUP,TERTUTUP
2681,28.9,80.2,4095,1968,"2025-11-24 10:50:39",0,0,1,TERTUTUP,TERTUTUP
2682,28.9,79.9,4095,1993,"2025-11-24 10:50:44",0,0,1,TERTUTUP,TERTUTUP
2683,28.9,79.3,4095,1915,"2025-11-24 10:50:53",0,0,1,TERTUTUP,TERTUTUP
2684,28.9,79,4095,1847,"2025-11-24 10:51:06",0,0,1,TERTUTUP,TERTUTUP
2685,28.9,78.5,4095,1808,"2025-11-24 10:51:12",0,0,1,TERTUTUP,TERTUTUP
2686,28.9,78.6,4095,1828,"2025-11-24 10:51:17",0,0,1,TERTUTUP,TERTUTUP
2687,28.9,78.5,4066,810,"2025-11-24 10:51:25",0,0,1,TERTUTUP,TERTUTUP
2688,28.9,78.5,4057,726,"2025-11-24 10:51:35",0,0,1,TERTUTUP,TERTUTUP
2689,28.9,78.4,4095,4095,"2025-11-24 10:51:42",180,0,1,TERBUKA,TERTUTUP
2690,28.9,78.8,3588,4095,"2025-11-24 10:51:50",180,0,1,TERBUKA,TERTUTUP
2691,28.9,78.9,4095,4095,"2025-11-24 10:52:05",180,0,1,TERBUKA,TERTUTUP
2692,28.9,79.4,4094,4095,"2025-11-24 10:52:14",180,0,1,TERBUKA,TERTUTUP
2693,29,81.6,4066,4095,"2025-11-24 10:52:18",180,0,1,TERBUKA,TERTUTUP
2694,29,80.7,4093,4095,"2025-11-24 10:52:27",180,0,1,TERBUKA,TERTUTUP
2695,29,81.2,4095,4095,"2025-11-24 10:52:33",180,0,1,TERBUKA,TERTUTUP
2696,29,79.3,4088,4095,"2025-11-24 10:52:39",180,0,1,TERBUKA,TERTUTUP
2697,29,79.3,4044,2271,"2025-11-24 10:52:52",180,0,1,TERBUKA,TERTUTUP
2698,29.1,79.2,4057,1802,"2025-11-24 10:52:56",0,0,1,TERTUTUP,TERTUTUP
2699,29.1,79.6,4044,1887,"2025-11-24 10:52:59",0,0,1,TERTUTUP,TERTUTUP
2700,29.1,78.8,4095,1881,"2025-11-24 10:53:03",0,0,1,TERTUTUP,TERTUTUP
2701,29.1,78.3,4095,4095,"2025-11-24 10:53:07",180,0,1,TERBUKA,TERTUTUP
2702,29.1,79.6,4079,4095,"2025-11-24 10:53:13",180,0,1,TERBUKA,TERTUTUP
2703,29.1,79.2,4095,4095,"2025-11-24 10:53:20",180,0,1,TERBUKA,TERTUTUP
2704,29.2,78.2,4095,4095,"2025-11-24 10:53:29",180,0,1,TERBUKA,TERTUTUP
2705,29.1,77.7,4002,4095,"2025-11-24 10:53:33",180,0,1,TERBUKA,TERTUTUP
2706,29.1,77.6,3991,4095,"2025-11-24 10:53:36",180,0,1,TERBUKA,TERTUTUP
2707,29.1,77.3,3975,4095,"2025-11-24 10:53:41",180,0,1,TERBUKA,TERTUTUP
2708,29.1,77.2,4095,4095,"2025-11-24 10:53:45",180,0,1,TERBUKA,TERTUTUP
2709,29.1,77.4,4034,4095,"2025-11-24 10:53:50",180,0,1,TERBUKA,TERTUTUP
2710,29.1,77.9,3879,4095,"2025-11-24 10:54:02",180,0,1,TERBUKA,TERTUTUP
2711,29.1,77.9,3868,4095,"2025-11-24 10:54:06",180,0,1,TERBUKA,TERTUTUP
2712,29.1,77.5,3806,4095,"2025-11-24 10:54:14",180,0,1,TERBUKA,TERTUTUP
2713,29.1,77.5,3842,4095,"2025-11-24 10:54:19",180,0,1,TERBUKA,TERTUTUP
2714,29.1,77.6,3973,4095,"2025-11-24 10:54:23",180,0,1,TERBUKA,TERTUTUP
2715,29.1,78,3505,4095,"2025-11-24 10:54:26",180,0,1,TERBUKA,TERTUTUP
2716,29.1,77.2,3542,4095,"2025-11-24 10:54:33",180,0,1,TERBUKA,TERTUTUP
2717,29,76.9,3593,4095,"2025-11-24 10:54:38",180,0,1,TERBUKA,TERTUTUP
2718,29,76.9,3602,4095,"2025-11-24 10:54:42",180,0,1,TERBUKA,TERTUTUP
2719,29,76.9,3622,4095,"2025-11-24 10:54:46",180,0,1,TERBUKA,TERTUTUP
2720,29,76.7,3575,4095,"2025-11-24 10:54:53",180,0,1,TERBUKA,TERTUTUP
2721,29,76.5,3775,4095,"2025-11-24 10:54:57",180,0,1,TERBUKA,TERTUTUP
2722,28.9,76.7,3830,4095,"2025-11-24 10:55:02",180,0,1,TERBUKA,TERTUTUP
2723,28.9,76.8,3925,4095,"2025-11-24 10:55:07",180,0,1,TERBUKA,TERTUTUP
2724,28.9,76.7,3822,4095,"2025-11-24 10:55:11",180,0,1,TERBUKA,TERTUTUP
2725,28.9,76.8,4000,4095,"2025-11-24 10:55:16",180,0,1,TERBUKA,TERTUTUP
2726,28.8,76.9,3577,4095,"2025-11-24 10:55:20",180,0,1,TERBUKA,TERTUTUP
2727,28.8,76.9,3964,4095,"2025-11-24 10:55:24",180,0,1,TERBUKA,TERTUTUP
2728,28.8,77.1,3631,4095,"2025-11-24 10:55:28",180,0,1,TERBUKA,TERTUTUP
2729,28.8,77.2,3631,4095,"2025-11-24 10:55:32",180,0,1,TERBUKA,TERTUTUP
2730,28.7,77.2,3523,4095,"2025-11-24 10:55:39",180,0,1,TERBUKA,TERTUTUP
2731,28.7,77.1,3533,4095,"2025-11-24 10:55:44",180,0,1,TERBUKA,TERTUTUP
2732,28.7,77.1,3562,4095,"2025-11-24 10:55:51",180,0,1,TERBUKA,TERTUTUP
2733,28.6,77.3,4050,4095,"2025-11-24 10:55:55",180,0,1,TERBUKA,TERTUTUP
2734,28.6,77.3,4082,4095,"2025-11-24 10:56:01",180,0,1,TERBUKA,TERTUTUP
2735,28.5,77.4,3388,4095,"2025-11-24 10:56:05",180,0,1,TERBUKA,TERTUTUP
2736,28.5,77.7,2584,4095,"2025-11-24 10:56:10",180,0,1,TERBUKA,TERTUTUP
2737,28.5,77.9,2906,4095,"2025-11-24 10:56:16",180,0,1,TERBUKA,TERTUTUP
2738,28.5,77.7,2635,4095,"2025-11-24 10:56:23",180,0,1,TERBUKA,TERTUTUP
2739,28.4,77.8,2431,4095,"2025-11-24 10:56:28",180,0,1,TERBUKA,TERTUTUP
2740,28.4,77.9,2804,4095,"2025-11-24 10:56:31",180,0,1,TERBUKA,TERTUTUP
2741,28.4,77.9,2817,4095,"2025-11-24 10:56:34",180,0,1,TERBUKA,TERTUTUP
2742,28.4,77.9,2841,4095,"2025-11-24 10:56:38",180,0,1,TERBUKA,TERTUTUP
2743,28.4,77.8,2546,4095,"2025-11-24 10:56:42",180,0,1,TERBUKA,TERTUTUP
2744,28.4,77.7,2498,4095,"2025-11-24 10:56:45",180,0,1,TERBUKA,TERTUTUP
2745,28.4,78,2495,4095,"2025-11-24 10:56:49",180,0,1,TERBUKA,TERTUTUP
2746,28.4,77.9,2714,4095,"2025-11-24 10:56:53",180,0,1,TERBUKA,TERTUTUP
2747,28.4,78.1,3706,4095,"2025-11-24 10:56:57",180,0,1,TERBUKA,TERTUTUP
2748,28.3,78.2,3831,4095,"2025-11-24 10:57:01",180,0,1,TERBUKA,TERTUTUP
2749,28.3,79.2,3447,4095,"2025-11-24 10:57:05",180,0,1,TERBUKA,TERTUTUP
2750,28.3,79.4,2607,4095,"2025-11-24 10:57:09",180,0,1,TERBUKA,TERTUTUP
2751,28.3,78.2,2574,4095,"2025-11-24 10:57:13",180,0,1,TERBUKA,TERTUTUP
2752,28.3,78.1,2503,4095,"2025-11-24 10:57:17",180,0,1,TERBUKA,TERTUTUP
2753,28.3,78.1,2532,4095,"2025-11-24 10:57:22",180,0,1,TERBUKA,TERTUTUP
2754,28.3,78.7,2532,4095,"2025-11-24 10:57:26",180,0,1,TERBUKA,TERTUTUP
2755,28.3,78.8,2551,4095,"2025-11-24 10:57:30",180,0,1,TERBUKA,TERTUTUP
2756,28.3,78.6,2615,4095,"2025-11-24 10:57:33",180,0,1,TERBUKA,TERTUTUP
2757,28.3,78.2,2539,4095,"2025-11-24 10:57:37",180,0,1,TERBUKA,TERTUTUP
2758,28.3,78.4,2488,4095,"2025-11-24 10:57:41",180,0,1,TERBUKA,TERTUTUP
2759,28.2,78.9,2556,4095,"2025-11-24 10:58:00",180,0,1,TERBUKA,TERTUTUP
2760,28.2,79.1,3892,4095,"2025-11-24 10:58:06",180,0,1,TERBUKA,TERTUTUP
2761,28,81.3,2301,878,"2025-11-25 12:26:21",0,0,0,TERTUTUP,TERTUTUP
2762,28,81.3,2301,878,"2025-11-25 12:26:22",0,0,1,TERTUTUP,TERTUTUP
2763,27.9,80.6,2202,885,"2025-11-25 12:26:27",0,0,1,TERTUTUP,TERTUTUP
2764,27.9,80.6,2211,887,"2025-11-25 12:26:33",0,0,1,TERTUTUP,TERTUTUP
2765,27.9,80.6,2276,890,"2025-11-25 12:26:48",0,0,1,TERTUTUP,TERTUTUP
2766,27.9,80.4,2225,898,"2025-11-25 12:27:08",0,0,1,TERTUTUP,TERTUTUP
2767,27.9,80.3,2217,901,"2025-11-25 12:27:19",0,0,1,TERTUTUP,TERTUTUP
2768,27.9,80.7,2204,898,"2025-11-25 12:27:25",0,0,1,TERTUTUP,TERTUTUP
2769,27.9,81.3,2209,892,"2025-11-25 12:27:34",0,0,1,TERTUTUP,TERTUTUP
2770,27.9,80.8,2214,892,"2025-11-25 12:27:46",0,0,1,TERTUTUP,TERTUTUP
2771,27.9,81.8,2220,880,"2025-11-25 12:28:09",0,0,1,TERTUTUP,TERTUTUP
2772,27.9,81.9,2233,889,"2025-11-25 12:28:15",0,0,1,TERTUTUP,TERTUTUP
2773,27.9,81.2,2215,890,"2025-11-25 12:28:22",0,0,1,TERTUTUP,TERTUTUP
2774,27.9,81.6,2228,896,"2025-11-25 12:28:28",0,0,1,TERTUTUP,TERTUTUP
2775,28,81.2,2231,884,"2025-11-25 12:28:34",0,0,1,TERTUTUP,TERTUTUP
2776,28,81.2,2231,893,"2025-11-25 12:28:39",0,0,1,TERTUTUP,TERTUTUP
2777,28,81.3,2243,887,"2025-11-25 12:28:49",0,0,1,TERTUTUP,TERTUTUP
2778,28,81.5,2240,903,"2025-11-25 12:28:56",0,0,1,TERTUTUP,TERTUTUP
2779,28,81.5,2249,875,"2025-11-25 12:29:02",0,0,1,TERTUTUP,TERTUTUP
2780,28,81.4,2251,869,"2025-11-25 12:29:06",0,0,1,TERTUTUP,TERTUTUP
2781,28,81.5,2215,885,"2025-11-25 12:29:13",0,0,1,TERTUTUP,TERTUTUP
2782,28,81.2,2237,896,"2025-11-25 12:29:17",0,0,1,TERTUTUP,TERTUTUP
2783,28,81.6,2260,889,"2025-11-25 12:29:27",0,0,1,TERTUTUP,TERTUTUP
2784,28,82.1,2236,883,"2025-11-25 12:29:34",0,0,1,TERTUTUP,TERTUTUP
2785,28,81.8,2259,879,"2025-11-25 12:29:44",0,0,1,TERTUTUP,TERTUTUP
2786,28.1,81.3,2244,891,"2025-11-25 12:29:54",0,0,1,TERTUTUP,TERTUTUP
2787,28.1,81.5,2212,907,"2025-11-25 12:30:15",0,0,1,TERTUTUP,TERTUTUP
2788,28.1,81.5,2265,899,"2025-11-25 12:30:21",0,0,1,TERTUTUP,TERTUTUP
2789,28.1,81,2239,897,"2025-11-25 12:30:26",0,0,1,TERTUTUP,TERTUTUP
2790,28.1,80.6,2238,885,"2025-11-25 12:30:33",0,0,1,TERTUTUP,TERTUTUP
2791,28.1,81,2235,883,"2025-11-25 12:30:41",0,0,1,TERTUTUP,TERTUTUP
2792,28.2,80,2265,891,"2025-11-25 12:30:46",0,0,1,TERTUTUP,TERTUTUP
2793,28.2,80.4,2269,889,"2025-11-25 12:30:50",0,0,1,TERTUTUP,TERTUTUP
2794,28.2,80.7,2276,889,"2025-11-25 12:30:58",0,0,1,TERTUTUP,TERTUTUP
2795,28.1,80.2,2246,887,"2025-11-25 12:31:03",0,0,1,TERTUTUP,TERTUTUP
2796,28.2,80.8,2256,887,"2025-11-25 12:31:07",0,0,1,TERTUTUP,TERTUTUP
2797,28.2,81.4,2252,898,"2025-11-25 12:31:12",0,0,1,TERTUTUP,TERTUTUP
2798,28.2,80.7,2244,896,"2025-11-25 12:33:31",180,0,1,TERBUKA,TERTUTUP
2799,28.2,80.7,2248,904,"2025-11-25 12:33:36",180,0,1,TERBUKA,TERTUTUP
2800,28.2,80.2,2239,883,"2025-11-25 12:33:43",180,0,1,TERBUKA,TERTUTUP
2801,28.2,81.1,2249,888,"2025-11-25 12:33:49",180,0,1,TERBUKA,TERTUTUP
2802,28.2,80.4,2236,889,"2025-11-25 12:33:57",180,0,1,TERBUKA,TERTUTUP
2803,28.2,80,2257,894,"2025-11-25 12:34:05",180,0,1,TERBUKA,TERTUTUP
2804,28.2,81.2,2245,895,"2025-11-25 12:34:13",180,0,1,TERBUKA,TERTUTUP
2805,28.2,80.6,2240,903,"2025-11-25 12:34:18",180,0,1,TERBUKA,TERTUTUP
2806,28.2,80.7,2251,888,"2025-11-25 12:34:25",180,0,1,TERBUKA,TERTUTUP
2807,28.2,80.9,2235,883,"2025-11-25 12:34:32",180,0,1,TERBUKA,TERTUTUP
2808,28.2,81.2,2244,907,"2025-11-25 12:34:41",180,0,1,TERBUKA,TERTUTUP
2809,28.2,80.4,2250,887,"2025-11-25 12:34:50",180,0,1,TERBUKA,TERTUTUP
2810,28.2,79.6,2221,895,"2025-11-25 12:34:57",180,0,1,TERBUKA,TERTUTUP
2811,28.2,80.4,2257,892,"2025-11-25 12:35:19",180,90,1,TERBUKA,TERBUKA
2812,28.2,80.4,2257,892,"2025-11-25 12:35:22",180,0,1,TERBUKA,TERTUTUP
2813,28.1,81.3,2364,883,"2025-11-25 12:35:29",180,0,1,TERBUKA,TERTUTUP
2814,28.1,81.5,2234,889,"2025-11-25 12:35:36",180,0,1,TERBUKA,TERTUTUP
2815,28.1,81.3,2241,876,"2025-11-25 12:35:48",180,0,1,TERBUKA,TERTUTUP
2816,28.2,81.8,2221,888,"2025-11-25 12:35:57",180,0,1,TERBUKA,TERTUTUP
2817,28.2,81.6,2233,883,"2025-11-25 12:36:01",180,90,1,TERBUKA,TERBUKA
2818,28.2,81.5,2229,885,"2025-11-25 12:36:10",180,0,1,TERBUKA,TERTUTUP
2819,28.2,80.7,2249,892,"2025-11-25 12:36:19",180,0,1,TERBUKA,TERTUTUP
2820,28.2,80.9,2291,891,"2025-11-25 12:36:24",180,90,1,TERBUKA,TERBUKA
2821,28.2,80.9,2291,891,"2025-11-25 12:36:25",180,90,1,TERBUKA,TERBUKA
2822,28.2,81.4,2252,865,"2025-11-25 12:36:35",180,0,1,TERBUKA,TERTUTUP
2823,28.2,81.4,2239,891,"2025-11-25 12:36:48",180,0,1,TERBUKA,TERTUTUP
2824,28.3,80.5,2242,878,"2025-11-25 12:37:00",180,0,1,TERBUKA,TERTUTUP
2825,28.2,80.8,2240,876,"2025-11-25 12:37:22",180,0,1,TERBUKA,TERTUTUP
2826,28.2,80.6,2281,895,"2025-11-25 12:38:31",180,0,1,TERBUKA,TERTUTUP
2827,28.2,80.5,2266,889,"2025-11-25 12:38:40",180,0,1,TERBUKA,TERTUTUP
2828,28.2,80.8,2224,890,"2025-11-25 12:38:51",180,0,1,TERBUKA,TERTUTUP
2829,28.2,81.2,2241,905,"2025-11-25 12:39:06",180,0,1,TERBUKA,TERTUTUP
2830,28.2,81,2238,906,"2025-11-25 12:39:12",180,0,1,TERBUKA,TERTUTUP
2831,28.2,80.4,2258,885,"2025-11-25 12:39:18",180,0,1,TERBUKA,TERTUTUP
2832,28.2,80.7,2248,885,"2025-11-25 12:39:25",180,0,1,TERBUKA,TERTUTUP
2833,28.2,80.4,2245,908,"2025-11-25 12:39:31",180,0,1,TERBUKA,TERTUTUP
2834,28.2,80.4,2265,900,"2025-11-25 12:39:37",180,0,1,TERBUKA,TERTUTUP
2835,28.2,80.4,2247,899,"2025-11-25 12:39:43",180,0,1,TERBUKA,TERTUTUP
2836,28.2,80.7,2252,898,"2025-11-25 12:39:52",180,0,1,TERBUKA,TERTUTUP
2837,28.2,81.3,2252,916,"2025-11-25 12:39:58",180,0,1,TERBUKA,TERTUTUP
2838,28.2,81.3,2251,898,"2025-11-25 12:40:05",180,0,1,TERBUKA,TERTUTUP
2839,28.2,81.2,2262,903,"2025-11-25 12:40:14",180,0,1,TERBUKA,TERTUTUP
2840,28.2,81.4,2268,891,"2025-11-25 12:40:27",180,0,1,TERBUKA,TERTUTUP
2841,28.2,80.9,2240,870,"2025-11-25 12:40:33",180,0,1,TERBUKA,TERTUTUP
2842,28.3,80.1,2262,908,"2025-11-25 12:40:41",180,0,1,TERBUKA,TERTUTUP
2843,28.3,80.7,2263,893,"2025-11-25 12:40:48",180,0,1,TERBUKA,TERTUTUP
2844,28.3,80,2266,894,"2025-11-25 12:40:57",180,0,1,TERBUKA,TERTUTUP
2845,28.3,80,2265,887,"2025-11-25 12:41:04",180,0,1,TERBUKA,TERTUTUP
2846,28.3,80.6,2256,884,"2025-11-25 12:41:13",180,0,1,TERBUKA,TERTUTUP
2847,28.3,80.2,2275,882,"2025-11-25 12:41:20",180,0,1,TERBUKA,TERTUTUP
2848,28.3,80.8,2262,898,"2025-11-25 12:41:37",180,0,1,TERBUKA,TERTUTUP
2849,28.3,80.2,2249,881,"2025-11-25 12:41:43",180,0,1,TERBUKA,TERTUTUP
2850,28.3,80.4,2268,887,"2025-11-25 12:41:50",180,0,1,TERBUKA,TERTUTUP
2851,28.3,81.2,2265,884,"2025-11-25 12:42:00",180,0,1,TERBUKA,TERTUTUP
2852,28.3,80.7,2229,882,"2025-11-25 12:42:05",180,0,1,TERBUKA,TERTUTUP
2853,28.3,80.4,2258,893,"2025-11-25 12:42:16",180,0,1,TERBUKA,TERTUTUP
2854,28.3,81,2246,887,"2025-11-25 12:42:23",180,0,1,TERBUKA,TERTUTUP
2855,28.3,80.3,2261,890,"2025-11-25 12:42:35",180,0,1,TERBUKA,TERTUTUP
2856,28.3,80.4,2250,895,"2025-11-25 12:42:44",180,0,1,TERBUKA,TERTUTUP
2857,28.3,80.2,2234,900,"2025-11-25 12:42:51",180,0,1,TERBUKA,TERTUTUP
2858,28.3,80.3,2234,884,"2025-11-25 12:42:57",180,0,1,TERBUKA,TERTUTUP
2859,28.3,80.4,2259,872,"2025-11-25 12:43:05",180,0,1,TERBUKA,TERTUTUP
2860,28.3,80.4,2267,888,"2025-11-25 12:43:12",180,0,1,TERBUKA,TERTUTUP
2861,28.3,80.5,2271,891,"2025-11-25 12:43:18",180,0,1,TERBUKA,TERTUTUP
2862,28.3,81.1,2289,880,"2025-11-25 12:43:24",180,0,1,TERBUKA,TERTUTUP
2863,28.3,80.3,2310,867,"2025-11-25 12:43:33",180,0,1,TERBUKA,TERTUTUP
2864,28.3,80.4,2263,897,"2025-11-25 12:43:40",180,0,1,TERBUKA,TERTUTUP
2865,28.3,80.6,2312,876,"2025-11-25 12:43:50",180,0,1,TERBUKA,TERTUTUP
2866,28.2,80.4,2362,888,"2025-11-25 12:43:59",180,0,1,TERBUKA,TERTUTUP
2867,28.3,80.8,2278,905,"2025-11-25 12:44:08",180,0,1,TERBUKA,TERTUTUP
2868,28.2,79.9,2291,889,"2025-11-25 12:44:18",180,0,1,TERBUKA,TERTUTUP
2869,28.2,81.2,2254,899,"2025-11-25 12:44:29",180,0,1,TERBUKA,TERTUTUP
2870,28.2,80.3,2286,890,"2025-11-25 12:44:40",180,90,1,TERBUKA,TERBUKA
2871,28.2,80.5,2273,903,"2025-11-25 12:44:50",180,90,1,TERBUKA,TERBUKA
2872,28.2,81.3,2258,888,"2025-11-25 12:44:52",180,90,1,TERBUKA,TERBUKA
2873,28.2,81.4,2254,901,"2025-11-25 12:44:57",180,90,1,TERBUKA,TERBUKA
2874,28.2,81.4,2254,901,"2025-11-25 12:44:58",180,90,1,TERBUKA,TERBUKA
2875,28.3,81.3,2364,891,"2025-11-25 12:45:08",180,90,1,TERBUKA,TERBUKA
2876,28.3,81.3,2364,891,"2025-11-25 12:45:09",180,0,1,TERBUKA,TERTUTUP
2877,28.3,81.5,2262,883,"2025-11-25 12:45:18",180,90,1,TERBUKA,TERBUKA
2878,28.3,81.5,2262,883,"2025-11-25 12:45:18",180,90,1,TERBUKA,TERBUKA
2879,28.3,80.4,2405,890,"2025-11-25 12:45:23",180,0,1,TERBUKA,TERTUTUP
2880,28.3,80.3,2357,882,"2025-11-25 12:45:30",180,0,1,TERBUKA,TERTUTUP
2881,28.3,80,2293,922,"2025-11-25 12:45:40",180,0,1,TERBUKA,TERTUTUP
2882,28.3,80.4,2395,891,"2025-11-25 12:45:46",180,90,1,TERBUKA,TERBUKA
2883,28.3,80.4,2395,891,"2025-11-25 12:45:50",180,90,1,TERBUKA,TERBUKA
2884,28.3,80.2,2243,898,"2025-11-25 12:45:58",180,90,1,TERBUKA,TERBUKA
2885,28.3,80.2,2243,898,"2025-11-25 12:46:00",180,90,1,TERBUKA,TERBUKA
2886,28.2,80.2,2243,895,"2025-11-25 12:46:06",180,90,1,TERBUKA,TERBUKA
2887,28.2,80.2,2243,895,"2025-11-25 12:46:08",180,90,1,TERBUKA,TERBUKA
2888,28.2,81.4,2173,886,"2025-11-25 12:46:16",180,0,1,TERBUKA,TERTUTUP
2889,28.2,81.1,2186,892,"2025-11-25 12:46:25",180,0,1,TERBUKA,TERTUTUP
2890,28.3,81.1,2209,897,"2025-11-25 12:46:33",180,0,1,TERBUKA,TERTUTUP
2891,28.3,80.4,2223,901,"2025-11-25 12:46:44",180,0,1,TERBUKA,TERTUTUP
2892,28.2,81.1,2222,906,"2025-11-25 12:46:55",180,0,1,TERBUKA,TERTUTUP
2893,28.3,81.8,2196,872,"2025-11-25 12:47:08",180,0,1,TERBUKA,TERTUTUP
2894,28.3,81.4,2171,888,"2025-11-25 12:47:18",180,0,1,TERBUKA,TERTUTUP
2895,28.3,80.6,2167,884,"2025-11-25 12:47:26",180,0,1,TERBUKA,TERTUTUP
2896,28.3,80.3,2197,886,"2025-11-25 12:47:36",180,0,1,TERBUKA,TERTUTUP
2897,28.3,81.1,2211,883,"2025-11-25 12:47:42",180,0,1,TERBUKA,TERTUTUP
2898,28.3,80.7,2226,905,"2025-11-25 12:47:47",180,0,1,TERBUKA,TERTUTUP
2899,28.3,81,2219,895,"2025-11-25 12:47:53",180,0,1,TERBUKA,TERTUTUP
2900,28.3,81.1,2197,892,"2025-11-25 12:48:00",180,0,1,TERBUKA,TERTUTUP
2901,28.3,81.1,2183,906,"2025-11-25 12:48:06",180,0,1,TERBUKA,TERTUTUP
2902,28.3,81.6,2211,886,"2025-11-25 12:48:18",180,0,1,TERBUKA,TERTUTUP
2903,28.4,81.8,2167,904,"2025-11-25 12:48:33",180,0,1,TERBUKA,TERTUTUP
2904,28.4,80.5,2197,900,"2025-11-25 12:48:47",180,0,1,TERBUKA,TERTUTUP
2905,28.4,80.7,2210,925,"2025-11-25 12:49:00",180,0,1,TERBUKA,TERTUTUP
2906,28.4,81.2,2192,895,"2025-11-25 12:49:08",180,0,1,TERBUKA,TERTUTUP
2907,28.4,81.1,2173,896,"2025-11-25 12:49:17",180,0,1,TERBUKA,TERTUTUP
2908,28.3,81,2113,885,"2025-11-25 12:49:38",180,0,1,TERBUKA,TERTUTUP
2909,28.3,80.4,2172,893,"2025-11-25 12:49:49",180,0,1,TERBUKA,TERTUTUP
2910,28.3,80.7,2146,892,"2025-11-25 12:50:02",180,0,1,TERBUKA,TERTUTUP
2911,28.3,81,2231,905,"2025-11-25 12:51:05",180,90,1,TERBUKA,TERBUKA
2912,28.2,81.2,2278,909,"2025-11-25 12:51:28",180,0,1,TERBUKA,TERTUTUP
2913,28.3,81,2231,905,"2025-11-25 12:51:28",180,0,1,TERBUKA,TERTUTUP
2914,28.2,81.6,2254,914,"2025-11-25 12:51:39",180,0,1,TERBUKA,TERTUTUP
2915,28.3,81.8,2264,907,"2025-11-25 12:52:05",180,0,1,TERBUKA,TERTUTUP
2916,28.3,81.2,2268,893,"2025-11-25 12:52:15",180,0,1,TERBUKA,TERTUTUP
2917,28.3,81.1,2257,894,"2025-11-25 12:52:26",180,0,1,TERBUKA,TERTUTUP
2918,28.3,81.4,2256,902,"2025-11-25 12:52:46",180,0,1,TERBUKA,TERTUTUP
2919,28.4,81.3,2279,908,"2025-11-25 12:53:01",180,0,1,TERBUKA,TERTUTUP
2920,28.4,80.7,2266,905,"2025-11-25 12:53:13",180,0,1,TERBUKA,TERTUTUP
2921,28.4,80.7,2280,884,"2025-11-25 12:53:21",180,0,1,TERBUKA,TERTUTUP
2922,28.4,80.5,2284,904,"2025-11-25 12:53:38",180,0,1,TERBUKA,TERTUTUP
2923,28.4,81.3,2253,886,"2025-11-25 12:53:47",180,0,1,TERBUKA,TERTUTUP
2924,28.4,81.2,2292,898,"2025-11-25 12:53:54",180,0,1,TERBUKA,TERTUTUP
2925,28.4,81.6,2260,889,"2025-11-25 12:54:02",180,0,1,TERBUKA,TERTUTUP
2926,28.4,80.6,2263,904,"2025-11-25 12:54:09",180,0,1,TERBUKA,TERTUTUP
2927,28.4,80.3,2265,895,"2025-11-25 12:54:21",180,0,1,TERBUKA,TERTUTUP
2928,28.4,80.3,2247,895,"2025-11-25 12:54:36",180,0,1,TERBUKA,TERTUTUP
2929,28.4,80.4,2269,894,"2025-11-25 12:54:43",180,0,1,TERBUKA,TERTUTUP
2930,28.4,81.1,2294,908,"2025-11-25 12:54:58",180,0,1,TERBUKA,TERTUTUP
2931,28.4,81.5,2268,889,"2025-11-25 12:55:15",180,0,1,TERBUKA,TERTUTUP
2932,28.4,81,2271,893,"2025-11-25 12:55:29",180,0,1,TERBUKA,TERTUTUP
2933,28.4,80.8,2271,890,"2025-11-25 12:55:40",180,0,1,TERBUKA,TERTUTUP
2934,28.4,80.9,2276,914,"2025-11-25 12:56:06",180,0,1,TERBUKA,TERTUTUP
2935,28.3,80.7,2268,895,"2025-11-25 12:56:30",180,0,1,TERBUKA,TERTUTUP
2936,28.3,81,2288,886,"2025-11-25 12:56:37",180,0,1,TERBUKA,TERTUTUP
2937,28.3,80.7,2291,889,"2025-11-25 12:57:11",180,90,1,TERBUKA,TERBUKA
2938,28.3,80.7,2291,889,"2025-11-25 12:57:12",180,90,1,TERBUKA,TERBUKA
2939,28.3,80.6,2273,909,"2025-11-25 12:57:21",180,0,1,TERBUKA,TERTUTUP
2940,28.3,80.9,2288,897,"2025-11-25 12:57:27",180,0,1,TERBUKA,TERTUTUP
2941,28.3,81.2,2298,914,"2025-11-25 12:57:34",180,0,1,TERBUKA,TERTUTUP
2942,28.3,80.2,2301,893,"2025-11-25 12:57:46",180,0,1,TERBUKA,TERTUTUP
2943,28.3,80.7,2308,899,"2025-11-25 12:58:02",180,0,1,TERBUKA,TERTUTUP
2944,28.3,81.1,2306,902,"2025-11-25 12:58:17",180,0,1,TERBUKA,TERTUTUP
2945,28.3,79.9,2312,902,"2025-11-25 12:58:26",180,0,1,TERBUKA,TERTUTUP
2946,28.3,80.8,2282,907,"2025-11-25 12:58:39",180,0,1,TERBUKA,TERTUTUP
2947,28.3,81.3,2298,892,"2025-11-25 12:58:47",180,0,1,TERBUKA,TERTUTUP
2948,28.3,81.2,2297,901,"2025-11-25 12:58:57",180,0,1,TERBUKA,TERTUTUP
2949,28.3,81.2,2251,878,"2025-11-25 12:59:06",180,0,1,TERBUKA,TERTUTUP
2950,28.3,80.4,2291,896,"2025-11-25 12:59:16",180,0,1,TERBUKA,TERTUTUP
2951,28.3,80.8,2303,904,"2025-11-25 12:59:27",180,0,1,TERBUKA,TERTUTUP
2952,28.3,80.9,2279,891,"2025-11-25 12:59:33",180,0,1,TERBUKA,TERTUTUP
2953,28.3,81.6,2289,897,"2025-11-25 13:00:14",180,0,1,TERBUKA,TERTUTUP
2954,28.3,81.1,2289,903,"2025-11-25 13:01:00",180,0,1,TERBUKA,TERTUTUP
2955,28.3,81.8,2314,921,"2025-11-25 13:01:01",180,0,1,TERBUKA,TERTUTUP
2956,28.4,81.1,2345,920,"2025-11-25 13:01:14",180,0,1,TERBUKA,TERTUTUP
2957,28.4,80.2,2355,896,"2025-11-25 13:01:39",180,0,1,TERBUKA,TERTUTUP
2958,28.3,80.6,2354,895,"2025-11-25 13:02:36",180,0,1,TERBUKA,TERTUTUP
2959,28.3,81,2358,892,"2025-11-25 13:03:11",180,0,1,TERBUKA,TERTUTUP
2960,28.3,81,2333,890,"2025-11-25 13:03:35",180,0,1,TERBUKA,TERTUTUP
2961,28.3,81.3,2385,887,"2025-11-25 13:03:52",180,0,1,TERBUKA,TERTUTUP
2962,28.3,81.3,2342,908,"2025-11-25 13:03:58",180,0,1,TERBUKA,TERTUTUP
2963,28.4,81,2376,900,"2025-11-25 13:04:09",180,0,1,TERBUKA,TERTUTUP
2964,28.4,81,2383,908,"2025-11-25 13:04:23",180,0,1,TERBUKA,TERTUTUP
2965,28.4,80.5,2366,911,"2025-11-25 13:04:58",180,0,1,TERBUKA,TERTUTUP
2966,28.4,80.6,2384,892,"2025-11-25 13:05:08",180,0,1,TERBUKA,TERTUTUP
2967,28.4,80.6,2380,890,"2025-11-25 13:05:25",180,0,1,TERBUKA,TERTUTUP
2968,28.4,80.8,2477,907,"2025-11-25 13:05:33",180,0,1,TERBUKA,TERTUTUP
2969,28.4,80.4,2498,917,"2025-11-25 13:05:46",180,0,1,TERBUKA,TERTUTUP
2970,28.4,79.8,2367,889,"2025-11-25 13:06:13",180,0,1,TERBUKA,TERTUTUP
2971,28.4,80,2365,915,"2025-11-25 13:06:33",180,0,1,TERBUKA,TERTUTUP
2972,28.3,80.7,2355,903,"2025-11-25 13:06:45",180,0,1,TERBUKA,TERTUTUP
2973,28.3,80.5,2364,904,"2025-11-25 13:06:56",180,0,1,TERBUKA,TERTUTUP
2974,28.3,80.9,2361,906,"2025-11-25 13:07:18",180,0,1,TERBUKA,TERTUTUP
2975,28.3,79.8,2350,894,"2025-11-25 13:07:56",180,0,1,TERBUKA,TERTUTUP
2976,28.3,80.6,2352,910,"2025-11-25 13:08:17",180,0,1,TERBUKA,TERTUTUP
2977,28.3,81.1,2357,914,"2025-11-25 13:08:29",180,0,1,TERBUKA,TERTUTUP
2978,28.3,80.4,2347,905,"2025-11-25 13:08:36",180,0,1,TERBUKA,TERTUTUP
2979,28.3,80.6,2329,890,"2025-11-25 13:08:44",180,0,1,TERBUKA,TERTUTUP
2980,28.3,80.1,2332,896,"2025-11-25 13:08:50",180,0,1,TERBUKA,TERTUTUP
2981,28.4,80.2,2345,911,"2025-11-25 13:08:55",180,0,1,TERBUKA,TERTUTUP
2982,28.4,80.2,2335,908,"2025-11-25 13:09:01",180,0,1,TERBUKA,TERTUTUP
2983,28.4,80.5,2325,885,"2025-11-25 13:09:07",180,0,1,TERBUKA,TERTUTUP
2984,28.4,80.4,2364,888,"2025-11-25 13:09:13",180,0,1,TERBUKA,TERTUTUP
2985,28.4,80.2,2342,924,"2025-11-25 13:09:18",180,0,1,TERBUKA,TERTUTUP
2986,28.4,80.7,2339,914,"2025-11-25 13:09:25",180,0,1,TERBUKA,TERTUTUP
2987,28.4,80.4,2319,874,"2025-11-25 13:09:33",180,0,1,TERBUKA,TERTUTUP
2988,28.4,80.3,2343,914,"2025-11-25 13:09:40",180,0,1,TERBUKA,TERTUTUP
2989,28.3,80.6,2359,921,"2025-11-25 13:09:46",180,0,1,TERBUKA,TERTUTUP
2990,28.4,81.2,2328,898,"2025-11-25 13:09:54",180,0,1,TERBUKA,TERTUTUP
2991,28.4,81.3,2326,893,"2025-11-25 13:10:01",180,0,1,TERBUKA,TERTUTUP
2992,28.4,81.2,2350,901,"2025-11-25 13:10:07",180,0,1,TERBUKA,TERTUTUP
2993,28.4,81.1,2367,903,"2025-11-25 13:10:13",180,0,1,TERBUKA,TERTUTUP
2994,28.4,81,2358,899,"2025-11-25 13:10:20",180,0,1,TERBUKA,TERTUTUP
2995,28.4,80,2316,900,"2025-11-25 13:10:27",180,0,1,TERBUKA,TERTUTUP
2996,28.4,80.7,2313,904,"2025-11-25 13:10:33",180,0,1,TERBUKA,TERTUTUP
2997,28.4,80.5,2300,906,"2025-11-25 13:10:39",180,0,1,TERBUKA,TERTUTUP
2998,28.4,80.4,2297,913,"2025-11-25 13:10:47",180,0,1,TERBUKA,TERTUTUP
2999,28.4,81,2317,899,"2025-11-25 13:10:54",180,0,1,TERBUKA,TERTUTUP
3000,28.4,80.6,2336,899,"2025-11-25 13:11:00",180,0,1,TERBUKA,TERTUTUP
3001,28.4,80.8,2321,907,"2025-11-25 13:11:10",180,0,1,TERBUKA,TERTUTUP
3002,28.4,81,2287,902,"2025-11-25 13:11:20",180,0,1,TERBUKA,TERTUTUP
3003,28.5,81.1,2298,896,"2025-11-25 13:11:26",180,0,1,TERBUKA,TERTUTUP
3004,28.5,80.8,2284,900,"2025-11-25 13:11:32",180,0,1,TERBUKA,TERTUTUP
3005,28.5,80.6,2313,916,"2025-11-25 13:11:40",180,0,1,TERBUKA,TERTUTUP
3006,28.5,80.3,2294,897,"2025-11-25 13:11:46",180,0,1,TERBUKA,TERTUTUP
3007,28.5,80.6,2323,899,"2025-11-25 13:12:01",180,0,1,TERBUKA,TERTUTUP
3008,28.5,81,2323,893,"2025-11-25 13:12:13",180,0,1,TERBUKA,TERTUTUP
3009,28.5,80.6,2319,904,"2025-11-25 13:12:26",180,0,1,TERBUKA,TERTUTUP
3010,28.5,80.5,2302,883,"2025-11-25 13:12:28",180,90,1,TERBUKA,TERBUKA
3011,28.5,80.6,2288,904,"2025-11-25 13:12:33",180,0,1,TERBUKA,TERTUTUP
3012,28.5,80.6,2270,908,"2025-11-25 13:12:37",180,90,1,TERBUKA,TERBUKA
3013,28.5,80.2,2308,914,"2025-11-25 13:12:40",180,90,1,TERBUKA,TERBUKA
3014,28.5,80.6,2297,897,"2025-11-25 13:12:49",180,90,1,TERBUKA,TERBUKA
3015,28.5,80.6,2297,897,"2025-11-25 13:12:52",180,90,1,TERBUKA,TERBUKA
3016,28.5,80.5,2290,900,"2025-11-25 13:13:01",180,0,1,TERBUKA,TERTUTUP
3017,28.6,89.1,2328,910,"2025-11-25 13:13:13",180,0,1,TERBUKA,TERTUTUP
3018,28.8,91.4,2370,897,"2025-11-25 13:13:18",180,90,1,TERBUKA,TERBUKA
3019,29.1,87.7,2374,931,"2025-11-25 13:13:20",180,90,1,TERBUKA,TERBUKA
3020,29.3,89.6,2385,911,"2025-11-25 13:13:27",180,0,1,TERBUKA,TERTUTUP
3021,29.7,84.4,2290,889,"2025-11-25 13:13:34",180,0,1,TERBUKA,TERTUTUP
3022,29.9,78,2279,902,"2025-11-25 13:13:40",180,0,1,TERBUKA,TERTUTUP
3023,30,77.8,2292,906,"2025-11-25 13:13:46",180,0,1,TERBUKA,TERTUTUP
3024,30,76.7,2306,905,"2025-11-25 13:13:51",180,90,1,TERBUKA,TERBUKA
3025,30,76.7,2306,905,"2025-11-25 13:13:52",180,90,1,TERBUKA,TERBUKA
3026,29.8,76.9,2270,903,"2025-11-25 13:14:28",180,0,1,TERBUKA,TERTUTUP
3027,29.6,77.5,2248,916,"2025-11-25 13:14:36",180,0,1,TERBUKA,TERTUTUP
3028,29.5,77.7,2373,894,"2025-11-25 13:14:44",180,0,1,TERBUKA,TERTUTUP
3029,29.4,78.4,2291,886,"2025-11-25 13:14:51",180,0,1,TERBUKA,TERTUTUP
3030,29.4,78.6,2307,907,"2025-11-25 13:15:01",180,0,1,TERBUKA,TERTUTUP
3031,29.3,78.7,2348,899,"2025-11-25 13:15:06",180,0,1,TERBUKA,TERTUTUP
3032,29.3,79.3,2306,899,"2025-11-25 13:15:13",180,0,1,TERBUKA,TERTUTUP
3033,29.2,79.2,2286,897,"2025-11-25 13:15:19",180,0,1,TERBUKA,TERTUTUP
3034,29.2,80,2276,904,"2025-11-25 13:15:28",180,0,1,TERBUKA,TERTUTUP
3035,29.2,79.9,2295,903,"2025-11-25 13:15:36",180,0,1,TERBUKA,TERTUTUP
3036,29.2,80.1,2240,911,"2025-11-25 13:15:48",180,0,1,TERBUKA,TERTUTUP
3037,29.2,79.9,2273,894,"2025-11-25 13:15:54",180,0,1,TERBUKA,TERTUTUP
3038,29.1,79.7,2252,888,"2025-11-25 13:16:04",180,0,1,TERBUKA,TERTUTUP
3039,29.1,79.1,2193,892,"2025-11-25 13:16:19",180,0,1,TERBUKA,TERTUTUP
3040,29,79.9,2331,895,"2025-11-25 13:16:47",180,0,1,TERBUKA,TERTUTUP
3041,28.9,79.9,2287,884,"2025-11-25 13:16:57",180,0,1,TERBUKA,TERTUTUP
3042,28.9,80.5,2285,899,"2025-11-25 13:17:15",180,90,1,TERBUKA,TERBUKA
3043,28.9,80.5,2285,899,"2025-11-25 13:17:18",180,0,1,TERBUKA,TERTUTUP
3044,28.8,80.1,2294,916,"2025-11-25 13:17:35",180,0,1,TERBUKA,TERTUTUP
3045,28.8,80,2274,902,"2025-11-25 13:17:46",180,0,1,TERBUKA,TERTUTUP
3046,28.8,81.5,2283,910,"2025-11-25 13:18:41",180,0,1,TERBUKA,TERTUTUP
3047,28.8,82.1,2247,899,"2025-11-25 13:19:01",180,0,1,TERBUKA,TERTUTUP
3048,28.8,80.9,2254,903,"2025-11-25 13:19:16",180,0,1,TERBUKA,TERTUTUP
3049,28.7,80.6,2275,910,"2025-11-25 13:19:23",180,0,1,TERBUKA,TERTUTUP
3050,28.7,80.5,2308,892,"2025-11-25 13:19:39",180,0,1,TERBUKA,TERTUTUP
3051,28.7,80.4,2284,909,"2025-11-25 13:19:52",180,0,1,TERBUKA,TERTUTUP
3052,28.7,80.4,2288,895,"2025-11-25 13:20:07",180,90,1,TERBUKA,TERBUKA
3053,28.6,81.1,2259,897,"2025-11-25 13:20:27",180,90,1,TERBUKA,TERBUKA
3054,28.6,81.1,2259,897,"2025-11-25 13:20:36",180,0,1,TERBUKA,TERTUTUP
3055,28.6,80.7,2245,893,"2025-11-25 13:20:44",180,90,1,TERBUKA,TERBUKA
3056,28.6,80.7,2245,893,"2025-11-25 13:20:50",180,90,1,TERBUKA,TERBUKA
3057,28.6,81.4,2203,887,"2025-11-25 13:21:05",180,0,1,TERBUKA,TERTUTUP
3058,28.6,80.8,2205,894,"2025-11-25 13:21:16",180,0,1,TERBUKA,TERTUTUP
3059,28.6,81,2228,911,"2025-11-25 13:21:22",180,90,1,TERBUKA,TERBUKA
3060,28.6,81,2228,911,"2025-11-25 13:21:23",180,90,1,TERBUKA,TERBUKA
3061,28.6,81.3,2243,898,"2025-11-25 13:21:34",180,90,1,TERBUKA,TERBUKA
3062,28.6,81.3,2243,898,"2025-11-25 13:21:35",180,0,1,TERBUKA,TERTUTUP
3063,28.6,81.1,2239,895,"2025-11-25 13:21:41",180,0,1,TERBUKA,TERTUTUP
3064,28.6,80.9,2315,910,"2025-11-25 13:21:48",180,0,1,TERBUKA,TERTUTUP
3065,28.6,81.9,2259,851,"2025-11-25 13:21:54",180,0,1,TERBUKA,TERTUTUP
3066,28.6,82.2,2262,656,"2025-11-25 13:22:01",180,0,1,TERBUKA,TERTUTUP
3067,28.6,80.5,2202,724,"2025-11-25 13:22:12",180,0,1,TERBUKA,TERTUTUP
3068,28.6,82.5,2331,471,"2025-11-25 13:22:26",180,0,1,TERBUKA,TERTUTUP
3069,28.7,81.4,2241,616,"2025-11-25 13:23:03",180,0,1,TERBUKA,TERTUTUP
3070,28.7,81,2277,581,"2025-11-25 13:23:15",180,0,1,TERBUKA,TERTUTUP
3071,28.7,81,2063,654,"2025-11-25 13:23:27",180,0,1,TERBUKA,TERTUTUP
3072,28.7,81,1459,1899,"2025-11-25 13:24:18",180,0,0,TERBUKA,TERTUTUP
3073,28.7,81.4,1457,4095,"2025-11-25 13:24:26",180,0,0,TERBUKA,TERTUTUP
3074,28.6,80.9,1422,4095,"2025-11-25 13:24:36",180,0,0,TERBUKA,TERTUTUP
3075,28.7,80.7,1509,4095,"2025-11-25 13:24:45",180,0,0,TERBUKA,TERTUTUP
3076,28.7,80.7,1629,4095,"2025-11-25 13:24:57",180,0,0,TERBUKA,TERTUTUP
3077,28.6,82.1,1847,2399,"2025-11-25 13:25:05",180,0,0,TERBUKA,TERTUTUP
3078,28.7,82.3,1724,2380,"2025-11-25 13:25:12",0,0,0,TERTUTUP,TERTUTUP
3079,28.7,82.3,1724,2380,"2025-11-25 13:25:14",0,0,0,TERTUTUP,TERTUTUP
3080,28.7,83.1,1672,4095,"2025-11-25 13:25:17",180,0,0,TERBUKA,TERTUTUP
3081,28.7,83.4,1662,4095,"2025-11-25 13:25:21",180,0,0,TERBUKA,TERTUTUP
3082,28.7,83.8,1672,4095,"2025-11-25 13:25:28",180,0,0,TERBUKA,TERTUTUP
3083,28.8,83.3,1675,4095,"2025-11-25 13:25:37",180,0,0,TERBUKA,TERTUTUP
3084,28.8,81.8,1651,4095,"2025-11-25 13:25:45",180,0,0,TERBUKA,TERTUTUP
3085,28.8,81.6,1544,3253,"2025-11-25 13:25:51",180,0,0,TERBUKA,TERTUTUP
3086,28.8,81.2,1609,2311,"2025-11-25 13:26:08",180,0,0,TERBUKA,TERTUTUP
3087,28.8,81.9,1576,2113,"2025-11-25 13:26:17",180,0,0,TERBUKA,TERTUTUP
3088,28.9,81.7,1447,3171,"2025-11-25 13:26:26",180,0,0,TERBUKA,TERTUTUP
3089,28.9,82,1419,3178,"2025-11-25 13:26:33",180,0,0,TERBUKA,TERTUTUP
3090,28.9,81.7,1485,4095,"2025-11-25 13:26:42",180,0,0,TERBUKA,TERTUTUP
3091,28.9,81.8,1732,4095,"2025-11-25 13:26:54",180,0,0,TERBUKA,TERTUTUP
3092,28.9,81.9,1532,4095,"2025-11-25 13:27:05",180,0,0,TERBUKA,TERTUTUP
3093,28.9,82,1887,2252,"2025-11-25 13:27:31",180,0,0,TERBUKA,TERTUTUP
3094,30.4,78.7,1425,4095,"2025-11-25 13:28:17",180,0,0,TERBUKA,TERTUTUP
3095,30.2,78.5,1604,4095,"2025-11-25 13:28:51",180,0,0,TERBUKA,TERTUTUP
3096,30.2,78.1,1395,4095,"2025-11-25 13:28:57",180,0,0,TERBUKA,TERTUTUP
3097,30,78.3,1393,2448,"2025-11-25 13:29:06",180,0,0,TERBUKA,TERTUTUP
3098,30,78.2,1431,2058,"2025-11-25 13:29:13",180,0,0,TERBUKA,TERTUTUP
3099,29.9,78,1408,1907,"2025-11-25 13:29:20",180,0,0,TERBUKA,TERTUTUP
3100,29.9,78.8,1419,2190,"2025-11-25 13:29:29",180,0,0,TERBUKA,TERTUTUP
3101,29.8,80,1412,2845,"2025-11-25 13:29:38",180,0,0,TERBUKA,TERTUTUP
3102,29.7,79.6,1384,4095,"2025-11-25 13:29:47",180,0,0,TERBUKA,TERTUTUP
3103,29.7,79.7,1390,4095,"2025-11-25 13:29:55",180,0,0,TERBUKA,TERTUTUP
3104,29.7,79.1,1406,4095,"2025-11-25 13:30:15",180,0,0,TERBUKA,TERTUTUP
3105,29.5,78.5,1356,4095,"2025-11-25 13:30:25",180,0,0,TERBUKA,TERTUTUP
3106,29.5,79.8,1365,2020,"2025-11-25 13:30:31",180,0,0,TERBUKA,TERTUTUP
3107,29.5,80,1183,2237,"2025-11-25 13:30:40",180,0,0,TERBUKA,TERTUTUP
3108,29.4,79.4,1393,1853,"2025-11-25 13:30:57",180,0,0,TERBUKA,TERTUTUP
3109,29.4,79.6,1560,4095,"2025-11-25 13:31:04",180,0,0,TERBUKA,TERTUTUP
3110,29.4,81,1561,1624,"2025-11-25 13:31:15",180,0,0,TERBUKA,TERTUTUP
3111,29.2,78.9,1181,2144,"2025-11-25 13:32:53",180,0,0,TERBUKA,TERTUTUP
3112,29.1,79,1222,2188,"2025-11-25 13:33:04",180,0,0,TERBUKA,TERTUTUP
3113,29,79.8,1336,3068,"2025-11-25 13:33:15",180,0,0,TERBUKA,TERTUTUP
3114,29,80.3,1476,4095,"2025-11-25 13:33:23",180,0,0,TERBUKA,TERTUTUP
3115,29,79.9,1428,4095,"2025-11-25 13:33:34",180,0,0,TERBUKA,TERTUTUP
3116,29,80.7,1421,4095,"2025-11-25 13:33:48",180,0,0,TERBUKA,TERTUTUP
3117,29,79.8,1303,4095,"2025-11-25 13:34:03",180,0,0,TERBUKA,TERTUTUP
3118,29,80.7,1309,1662,"2025-11-25 13:34:13",180,0,0,TERBUKA,TERTUTUP
3119,28.9,80.4,1356,3679,"2025-11-25 13:34:25",180,0,0,TERBUKA,TERTUTUP
3120,29,79.8,1716,2381,"2025-11-25 13:34:38",0,0,0,TERTUTUP,TERTUTUP
3121,29,79.8,1716,2381,"2025-11-25 13:34:43",0,0,0,TERTUTUP,TERTUTUP
3122,28.9,80.7,1364,74,"2025-11-25 13:34:51",180,0,0,TERBUKA,TERTUTUP
3123,28.9,80.7,1364,74,"2025-11-25 13:34:54",180,0,0,TERBUKA,TERTUTUP
3124,29,80.6,1352,2088,"2025-11-25 13:35:01",0,0,0,TERTUTUP,TERTUTUP
3125,29,80.6,1352,2088,"2025-11-25 13:35:01",0,0,0,TERTUTUP,TERTUTUP
3126,29,81.6,1294,80,"2025-11-25 13:35:07",0,0,0,TERTUTUP,TERTUTUP
3127,29,80.6,1525,80,"2025-11-25 13:35:23",180,0,0,TERBUKA,TERTUTUP
3128,29,80.6,1525,80,"2025-11-25 13:35:25",180,0,0,TERBUKA,TERTUTUP
3129,29,81,1334,95,"2025-11-25 13:35:31",0,0,0,TERTUTUP,TERTUTUP
3130,29,81,1334,95,"2025-11-25 13:35:33",0,0,0,TERTUTUP,TERTUTUP
3131,29,80.9,1385,89,"2025-11-25 13:35:48",0,0,0,TERTUTUP,TERTUTUP
3132,29,80.9,1520,4095,"2025-11-25 13:35:57",180,0,0,TERBUKA,TERTUTUP
3133,29,80.9,1520,4095,"2025-11-25 13:36:00",180,0,0,TERBUKA,TERTUTUP
3134,29,80.9,1515,4095,"2025-11-25 13:36:08",0,0,0,TERTUTUP,TERTUTUP
3135,29,80.9,1515,4095,"2025-11-25 13:36:08",0,0,0,TERTUTUP,TERTUTUP
3136,29.1,81.1,1636,4095,"2025-11-25 13:36:11",180,0,0,TERBUKA,TERTUTUP
3137,29.1,80.4,1697,4095,"2025-11-25 13:36:15",180,0,0,TERBUKA,TERTUTUP
3138,29.1,80.2,1682,4095,"2025-11-25 13:36:22",180,0,0,TERBUKA,TERTUTUP
3139,29.1,79.6,1467,4095,"2025-11-25 13:36:27",0,0,0,TERTUTUP,TERTUTUP
3140,29.1,80,1598,80,"2025-11-25 13:36:32",180,0,0,TERBUKA,TERTUTUP
3141,29.1,80,1598,80,"2025-11-25 13:36:34",180,0,0,TERBUKA,TERTUTUP
3142,29,79.9,1583,74,"2025-11-25 13:36:45",0,0,0,TERTUTUP,TERTUTUP
3143,29,79.9,1583,74,"2025-11-25 13:36:46",0,0,0,TERTUTUP,TERTUTUP
3144,29,79.4,1397,82,"2025-11-25 13:36:54",0,0,0,TERTUTUP,TERTUTUP
3145,29,79.7,1317,85,"2025-11-25 13:37:01",0,0,0,TERTUTUP,TERTUTUP
3146,29,80.2,1266,84,"2025-11-25 13:37:07",0,0,0,TERTUTUP,TERTUTUP
3147,29,80.4,1349,80,"2025-11-25 13:37:11",180,0,0,TERBUKA,TERTUTUP
3148,29,80.3,1275,4095,"2025-11-25 13:37:14",180,0,0,TERBUKA,TERTUTUP
3149,29,80.2,1310,4095,"2025-11-25 13:37:26",180,0,0,TERBUKA,TERTUTUP
3150,28.9,79.5,1269,4095,"2025-11-25 13:37:33",180,0,0,TERBUKA,TERTUTUP
3151,28.9,79.6,1263,4095,"2025-11-25 13:37:41",180,0,0,TERBUKA,TERTUTUP
3152,28.9,79.8,1244,4095,"2025-11-25 13:37:48",180,0,0,TERBUKA,TERTUTUP
3153,28.9,80.2,1276,4095,"2025-11-25 13:37:54",180,0,0,TERBUKA,TERTUTUP
3154,28.9,80.9,1249,4095,"2025-11-25 13:38:05",180,0,0,TERBUKA,TERTUTUP
3155,28.9,80.8,1215,4095,"2025-11-25 13:38:18",180,0,0,TERBUKA,TERTUTUP
3156,28.9,80.6,1224,4095,"2025-11-25 13:38:28",180,0,0,TERBUKA,TERTUTUP
3157,28.9,81,1223,4095,"2025-11-25 13:38:36",180,0,0,TERBUKA,TERTUTUP
3158,28.9,81.5,1202,4095,"2025-11-25 13:38:44",180,0,0,TERBUKA,TERTUTUP
3159,28.9,80.8,1230,4095,"2025-11-25 13:38:51",180,0,0,TERBUKA,TERTUTUP
3160,29,81,1210,4095,"2025-11-25 13:38:56",180,0,0,TERBUKA,TERTUTUP
3161,29,80.8,1587,4095,"2025-11-25 13:39:07",180,0,0,TERBUKA,TERTUTUP
3162,29,80.1,2401,4095,"2025-11-25 13:39:23",180,0,1,TERBUKA,TERTUTUP
3163,28.9,79.9,2344,3297,"2025-11-25 13:39:36",180,0,1,TERBUKA,TERTUTUP
3164,28.9,79.8,2349,81,"2025-11-25 13:39:44",0,0,1,TERTUTUP,TERTUTUP
3165,28.9,79.8,2349,81,"2025-11-25 13:39:44",0,0,1,TERTUTUP,TERTUTUP
3166,28.9,80.6,2298,96,"2025-11-25 13:39:54",0,0,1,TERTUTUP,TERTUTUP
3167,28.9,80.1,2332,93,"2025-11-25 13:40:03",0,0,1,TERTUTUP,TERTUTUP
3168,28.9,79.4,2237,80,"2025-11-25 13:40:28",180,0,1,TERBUKA,TERTUTUP
3169,28.9,80.4,2006,4095,"2025-11-25 13:40:40",180,0,1,TERBUKA,TERTUTUP
3170,28.9,80.3,2000,4095,"2025-11-25 13:40:50",180,0,1,TERBUKA,TERTUTUP
3171,28.9,80.4,2013,4095,"2025-11-25 13:40:55",180,90,1,TERBUKA,TERBUKA
3172,28.9,79.9,2010,4095,"2025-11-25 13:40:57",180,0,1,TERBUKA,TERTUTUP
3173,28.9,80.5,2004,4095,"2025-11-25 13:41:03",180,0,1,TERBUKA,TERTUTUP
3174,28.9,79.8,2000,4095,"2025-11-25 13:41:14",180,0,1,TERBUKA,TERTUTUP
3175,28.9,79.8,2011,4095,"2025-11-25 13:41:32",180,0,1,TERBUKA,TERTUTUP
3176,28.8,80.5,2037,89,"2025-11-25 13:41:52",0,0,1,TERTUTUP,TERTUTUP
3177,28.9,80.7,1995,80,"2025-11-25 13:42:02",0,0,1,TERTUTUP,TERTUTUP
3178,28.8,80.5,2018,85,"2025-11-25 13:42:16",0,0,1,TERTUTUP,TERTUTUP
3179,28.8,80.3,2007,83,"2025-11-25 13:42:27",0,0,1,TERTUTUP,TERTUTUP
3180,28.8,81.4,2020,92,"2025-11-25 13:43:16",0,0,1,TERTUTUP,TERTUTUP
3181,28.8,80.4,1995,84,"2025-11-25 13:43:29",0,0,1,TERTUTUP,TERTUTUP
3182,28.8,80.3,1983,77,"2025-11-25 13:43:51",0,0,1,TERTUTUP,TERTUTUP
3183,28.8,79.9,2011,78,"2025-11-25 13:44:03",0,0,1,TERTUTUP,TERTUTUP
3184,28.8,80.5,1905,82,"2025-11-25 13:44:12",0,0,1,TERTUTUP,TERTUTUP
3185,28.8,80.3,1975,74,"2025-11-25 13:44:22",0,0,1,TERTUTUP,TERTUTUP
3186,28.8,80.4,1973,65,"2025-11-25 13:44:40",0,0,1,TERTUTUP,TERTUTUP
3187,28.8,80.1,1992,86,"2025-11-25 13:44:46",0,0,1,TERTUTUP,TERTUTUP
3188,28.8,80.7,2052,80,"2025-11-25 13:44:53",0,0,1,TERTUTUP,TERTUTUP
3189,28.8,81.3,2075,80,"2025-11-25 13:45:00",0,0,1,TERTUTUP,TERTUTUP
3190,28.8,80.9,2054,81,"2025-11-25 13:45:05",0,0,1,TERTUTUP,TERTUTUP
3191,28.8,81.3,2080,3696,"2025-11-25 13:45:10",0,0,1,TERTUTUP,TERTUTUP
3192,28.8,81.6,1992,90,"2025-11-25 13:45:18",0,0,1,TERTUTUP,TERTUTUP
3193,28.9,81.4,1999,85,"2025-11-25 13:45:23",0,0,1,TERTUTUP,TERTUTUP
3194,28.9,80.9,1968,71,"2025-11-25 13:45:30",0,0,1,TERTUTUP,TERTUTUP
3195,28.9,80.5,1977,74,"2025-11-25 13:45:37",0,0,1,TERTUTUP,TERTUTUP
3196,28.9,81.1,1994,85,"2025-11-25 13:45:43",0,0,1,TERTUTUP,TERTUTUP
3197,28.9,80.6,1998,94,"2025-11-25 13:45:49",0,0,1,TERTUTUP,TERTUTUP
3198,28.9,80.5,2013,79,"2025-11-25 13:45:55",0,0,1,TERTUTUP,TERTUTUP
3199,29,81.2,2005,86,"2025-11-25 13:46:03",1,0,1,TERBUKA,TERTUTUP
3200,29,81,1996,93,"2025-11-25 13:46:10",1,0,1,TERBUKA,TERTUTUP
3201,29,81.7,2000,79,"2025-11-25 13:46:15",0,1,1,TERTUTUP,TERBUKA
3202,29,80.5,2011,83,"2025-11-25 13:46:21",0,0,1,TERTUTUP,TERTUTUP
3203,29,80,2025,86,"2025-11-25 13:46:29",0,0,1,TERTUTUP,TERTUTUP
3204,29,80,2009,97,"2025-11-25 13:46:38",0,0,1,TERTUTUP,TERTUTUP
3205,29,80.6,2011,83,"2025-11-25 13:46:44",0,0,1,TERTUTUP,TERTUTUP
3206,29,80.8,1981,84,"2025-11-25 13:46:53",0,0,1,TERTUTUP,TERTUTUP
3207,29,80.1,1961,83,"2025-11-25 13:46:59",0,0,1,TERTUTUP,TERTUTUP
3208,29,79.9,1990,87,"2025-11-25 13:47:09",0,0,1,TERTUTUP,TERTUTUP
3209,29,79.7,1973,78,"2025-11-25 13:47:19",0,0,1,TERTUTUP,TERTUTUP
3210,29,80,1966,92,"2025-11-25 13:47:29",0,0,1,TERTUTUP,TERTUTUP
3211,29,80.7,1983,73,"2025-11-25 13:47:39",0,0,1,TERTUTUP,TERTUTUP
3212,29,80,1984,97,"2025-11-25 13:47:50",0,0,1,TERTUTUP,TERTUTUP
3213,28.9,80.2,1066,96,"2025-11-25 13:48:21",0,0,0,TERTUTUP,TERTUTUP
3214,28.9,80.7,1103,93,"2025-11-25 13:48:49",0,0,0,TERTUTUP,TERTUTUP
3215,28.9,80.2,1039,87,"2025-11-25 13:48:57",0,0,0,TERTUTUP,TERTUTUP
3216,28.9,80.9,1036,97,"2025-11-25 13:49:03",0,0,0,TERTUTUP,TERTUTUP
3217,28.9,80.6,1041,93,"2025-11-25 13:49:11",0,0,0,TERTUTUP,TERTUTUP
3218,28.9,80.6,1054,87,"2025-11-25 13:49:19",0,0,0,TERTUTUP,TERTUTUP
3219,28.9,80.4,1033,80,"2025-11-25 13:49:25",0,0,0,TERTUTUP,TERTUTUP
3220,28.9,80.3,1906,69,"2025-11-25 13:50:05",180,0,0,TERBUKA,TERTUTUP
3221,28.9,80.9,1894,88,"2025-11-25 13:50:11",180,0,0,TERBUKA,TERTUTUP
3222,29,80.4,1899,68,"2025-11-25 13:50:18",180,0,0,TERBUKA,TERTUTUP
3223,29,80.5,1906,87,"2025-11-25 13:50:25",180,0,0,TERBUKA,TERTUTUP
3224,29,80.5,1912,70,"2025-11-25 13:50:30",180,0,0,TERBUKA,TERTUTUP
3225,29,80.8,1957,109,"2025-11-25 13:50:53",180,0,0,TERBUKA,TERTUTUP
3226,29,80.5,2041,85,"2025-11-25 13:51:05",180,0,0,TERBUKA,TERTUTUP
3227,29,81.1,1979,67,"2025-11-25 13:51:13",180,0,1,TERBUKA,TERTUTUP
3228,29,80.2,1889,76,"2025-11-25 13:51:25",180,1,0,TERBUKA,TERBUKA
3229,29,79.2,2287,97,"2025-11-25 13:51:30",180,0,1,TERBUKA,TERTUTUP
3230,29,80.7,2231,100,"2025-11-25 13:51:40",180,0,1,TERBUKA,TERTUTUP
3231,29,80.2,2378,71,"2025-11-25 13:51:46",180,0,1,TERBUKA,TERTUTUP
3232,29,79.9,2142,84,"2025-11-25 13:51:53",180,0,1,TERBUKA,TERTUTUP
3233,29,80,2347,80,"2025-11-25 13:52:02",180,0,1,TERBUKA,TERTUTUP
3234,29,80.3,2369,88,"2025-11-25 13:52:10",180,90,1,TERBUKA,TERBUKA
3235,29,80.3,2369,88,"2025-11-25 13:52:15",180,0,1,TERBUKA,TERTUTUP
3236,29,81.5,2036,65,"2025-11-25 13:52:23",180,0,1,TERBUKA,TERTUTUP
3237,29,80.2,2048,74,"2025-11-25 13:52:30",180,0,1,TERBUKA,TERTUTUP
3238,29,80.9,1902,87,"2025-11-25 13:52:41",180,0,1,TERBUKA,TERTUTUP
3239,29,80.9,1928,86,"2025-11-25 13:52:48",180,0,0,TERBUKA,TERTUTUP
3240,29,80.7,1935,79,"2025-11-25 13:52:54",180,0,0,TERBUKA,TERTUTUP
3241,29,80.1,1926,74,"2025-11-25 13:53:01",180,0,0,TERBUKA,TERTUTUP
3242,29.1,80.2,1910,79,"2025-11-25 13:53:07",180,0,0,TERBUKA,TERTUTUP
3243,29.1,80.2,1885,99,"2025-11-25 13:53:13",180,0,0,TERBUKA,TERTUTUP
3244,29.1,79.9,1895,92,"2025-11-25 13:53:19",180,0,0,TERBUKA,TERTUTUP
3245,29.1,80.1,1888,67,"2025-11-25 13:53:25",180,0,0,TERBUKA,TERTUTUP
3246,29.1,79.9,1917,80,"2025-11-25 13:53:31",180,0,0,TERBUKA,TERTUTUP
3247,29.1,80.5,1899,89,"2025-11-25 13:53:38",180,0,0,TERBUKA,TERTUTUP
3248,29.1,80,1930,67,"2025-11-25 13:53:44",180,0,0,TERBUKA,TERTUTUP
3249,29.1,79.2,1903,82,"2025-11-25 13:53:50",180,0,0,TERBUKA,TERTUTUP
3250,29.1,79.8,1907,88,"2025-11-25 13:53:56",180,0,0,TERBUKA,TERTUTUP
3251,29.1,79.9,1894,93,"2025-11-25 13:54:03",180,0,0,TERBUKA,TERTUTUP
3252,29,80.2,1895,87,"2025-11-25 13:54:08",180,0,0,TERBUKA,TERTUTUP
3253,29,80.5,2125,84,"2025-11-25 13:54:14",180,0,1,TERBUKA,TERTUTUP
3254,29.1,80.2,1941,79,"2025-11-25 13:54:21",180,0,0,TERBUKA,TERTUTUP
3255,29.1,80.4,1907,81,"2025-11-25 13:54:29",180,0,0,TERBUKA,TERTUTUP
3256,29.1,80.2,1938,77,"2025-11-25 13:54:35",180,0,0,TERBUKA,TERTUTUP
3257,29.1,79.7,1897,78,"2025-11-25 13:54:44",180,0,0,TERBUKA,TERTUTUP
3258,29.1,79.9,1899,67,"2025-11-25 13:54:49",180,0,0,TERBUKA,TERTUTUP
3259,29.1,79.9,1900,92,"2025-11-25 13:54:55",180,0,0,TERBUKA,TERTUTUP
3260,29,80.3,1893,60,"2025-11-25 13:55:01",180,0,0,TERBUKA,TERTUTUP
3261,29.1,80.1,1900,81,"2025-11-25 13:55:06",180,0,0,TERBUKA,TERTUTUP
3262,29.1,80.2,1881,101,"2025-11-25 13:55:13",180,0,0,TERBUKA,TERTUTUP
3263,29.1,79.7,1882,82,"2025-11-25 13:55:29",180,0,0,TERBUKA,TERTUTUP
3264,29.1,79.5,1867,67,"2025-11-25 13:55:42",180,0,0,TERBUKA,TERTUTUP
3265,29,79.8,1885,85,"2025-11-25 13:56:05",180,0,0,TERBUKA,TERTUTUP
3266,29,80,1861,73,"2025-11-25 13:56:15",180,0,0,TERBUKA,TERTUTUP
3267,29,79.9,1928,74,"2025-11-25 13:57:06",180,0,0,TERBUKA,TERTUTUP
3268,28.9,80.2,1885,80,"2025-11-25 13:57:14",180,1,0,TERBUKA,TERBUKA
3269,29,80.7,1904,85,"2025-11-25 13:57:20",180,1,0,TERBUKA,TERBUKA
3270,29,80.6,1892,75,"2025-11-25 13:57:29",180,0,0,TERBUKA,TERTUTUP
3271,29,80.3,1921,73,"2025-11-25 13:57:36",0,1,0,TERTUTUP,TERBUKA
3272,29,81.6,1931,79,"2025-11-25 13:57:44",180,1,0,TERBUKA,TERBUKA
3273,29,80.4,1932,80,"2025-11-25 13:57:51",180,0,0,TERBUKA,TERTUTUP
3274,29,80.8,1919,91,"2025-11-25 13:58:00",180,0,0,TERBUKA,TERTUTUP
3275,29.1,80.5,1916,81,"2025-11-25 13:58:05",180,0,0,TERBUKA,TERTUTUP
3276,29.1,79.8,1900,82,"2025-11-25 13:58:12",180,0,0,TERBUKA,TERTUTUP
3277,29.1,80.3,2198,67,"2025-11-25 13:58:19",180,0,1,TERBUKA,TERTUTUP
3278,29.1,80.6,2276,78,"2025-11-25 13:58:25",180,0,1,TERBUKA,TERTUTUP
3279,29.1,79.9,2321,97,"2025-11-25 13:58:31",180,0,1,TERBUKA,TERTUTUP
3280,29.1,80.4,2249,112,"2025-11-25 13:58:39",180,0,1,TERBUKA,TERTUTUP
3281,29.1,79.4,2281,96,"2025-11-25 13:58:46",180,0,1,TERBUKA,TERTUTUP
3282,29.1,80.7,2243,72,"2025-11-25 13:58:53",180,0,1,TERBUKA,TERTUTUP
3283,29.1,79.9,2230,79,"2025-11-25 13:59:00",180,0,1,TERBUKA,TERTUTUP
3284,29.1,80.3,2231,91,"2025-11-25 13:59:08",180,0,1,TERBUKA,TERTUTUP
3285,29.1,80.2,2282,94,"2025-11-25 13:59:14",180,0,1,TERBUKA,TERTUTUP
3286,29.1,79.7,2391,74,"2025-11-25 13:59:20",180,0,1,TERBUKA,TERTUTUP
3287,29.1,80.7,1977,82,"2025-11-25 13:59:27",180,0,1,TERBUKA,TERTUTUP
3288,29.1,80.2,1999,80,"2025-11-25 13:59:34",180,1,1,TERBUKA,TERBUKA
3289,29.1,80.4,1968,49,"2025-11-25 13:59:46",180,0,1,TERBUKA,TERTUTUP
3290,29.1,80.4,2004,98,"2025-11-25 13:59:52",180,0,1,TERBUKA,TERTUTUP
3291,29.1,80.1,2035,69,"2025-11-25 13:59:58",180,0,1,TERBUKA,TERTUTUP
3292,29.1,80.1,2059,84,"2025-11-25 14:00:05",180,0,1,TERBUKA,TERTUTUP
3293,29.1,80,2234,64,"2025-11-25 14:00:18",180,0,1,TERBUKA,TERTUTUP
3294,29.1,80.2,2041,82,"2025-11-25 14:00:27",180,0,1,TERBUKA,TERTUTUP
3295,29.1,80.1,2013,80,"2025-11-25 14:00:33",180,0,1,TERBUKA,TERTUTUP
3296,29,79.8,1969,88,"2025-11-25 14:00:44",180,0,1,TERBUKA,TERTUTUP
3297,29,80,2032,67,"2025-11-25 14:00:55",180,0,1,TERBUKA,TERTUTUP
3298,29,80.2,2084,74,"2025-11-25 14:01:02",180,90,1,TERBUKA,TERBUKA
3299,29,80.2,2084,74,"2025-11-25 14:01:05",180,0,1,TERBUKA,TERTUTUP
3300,29,80.2,2166,97,"2025-11-25 14:01:12",180,90,1,TERBUKA,TERBUKA
3301,29,80.2,2166,97,"2025-11-25 14:01:12",180,90,1,TERBUKA,TERBUKA
3302,29,80.9,2470,120,"2025-11-25 14:01:18",180,1,1,TERBUKA,TERBUKA
3303,29,81,2598,77,"2025-11-25 14:01:28",180,0,1,TERBUKA,TERTUTUP
3304,29.1,80.7,2572,74,"2025-11-25 14:01:35",180,0,1,TERBUKA,TERTUTUP
3305,29,80.2,2613,68,"2025-11-25 14:01:41",180,0,1,TERBUKA,TERTUTUP
3306,29,80.5,2585,75,"2025-11-25 14:01:47",180,0,1,TERBUKA,TERTUTUP
3307,29.1,80.6,2573,82,"2025-11-25 14:01:54",180,0,1,TERBUKA,TERTUTUP
3308,29.1,79.9,2559,77,"2025-11-25 14:02:10",180,0,1,TERBUKA,TERTUTUP
3309,29.1,80,2464,56,"2025-11-25 14:02:20",180,0,1,TERBUKA,TERTUTUP
3310,29,81.2,2164,59,"2025-11-25 14:02:27",180,0,1,TERBUKA,TERTUTUP
3311,29,80.4,2086,104,"2025-11-25 14:02:34",180,0,1,TERBUKA,TERTUTUP
3312,29,80.7,2040,94,"2025-11-25 14:02:43",180,0,1,TERBUKA,TERTUTUP
3313,29.1,80.2,2000,67,"2025-11-25 14:02:55",180,0,1,TERBUKA,TERTUTUP
3314,29.1,81.2,1998,88,"2025-11-25 14:03:02",180,0,1,TERBUKA,TERTUTUP
3315,29.1,80.5,1979,75,"2025-11-25 14:03:08",180,0,1,TERBUKA,TERTUTUP
3316,29.1,80.6,1971,77,"2025-11-25 14:03:15",180,0,1,TERBUKA,TERTUTUP
3317,29.1,80,1985,81,"2025-11-25 14:03:40",180,0,1,TERBUKA,TERTUTUP
3318,29.1,79.8,1943,90,"2025-11-25 14:03:48",180,0,1,TERBUKA,TERTUTUP
3319,29.1,80.4,1986,84,"2025-11-25 14:03:55",180,0,1,TERBUKA,TERTUTUP
3320,29.1,80.2,1985,66,"2025-11-25 14:04:08",180,0,1,TERBUKA,TERTUTUP
3321,29.1,80.7,2004,75,"2025-11-25 14:04:22",180,0,1,TERBUKA,TERTUTUP
3322,29,81.4,2356,92,"2025-11-25 14:04:29",180,0,1,TERBUKA,TERTUTUP
3323,29,81.1,2507,58,"2025-11-25 14:04:42",180,0,1,TERBUKA,TERTUTUP
3324,29,82.5,2496,79,"2025-11-25 14:05:29",180,0,1,TERBUKA,TERTUTUP
3325,29,81.2,2694,70,"2025-11-25 14:05:39",180,0,1,TERBUKA,TERTUTUP
3326,29,81.1,2924,81,"2025-11-25 14:05:48",180,0,1,TERBUKA,TERTUTUP
3327,29,83.1,3662,86,"2025-11-25 14:06:16",180,0,1,TERBUKA,TERTUTUP
3328,29,82.5,2175,84,"2025-11-25 14:06:26",180,0,1,TERBUKA,TERTUTUP
3329,29.4,80.5,2941,85,"2025-11-25 14:07:53",180,0,1,TERBUKA,TERTUTUP
3330,29.4,80.5,2883,89,"2025-11-25 14:08:20",180,0,1,TERBUKA,TERTUTUP
3331,29.4,80.9,3004,75,"2025-11-25 14:08:35",180,0,1,TERBUKA,TERTUTUP
3332,29.4,81.1,1347,97,"2025-11-25 14:08:45",180,0,0,TERBUKA,TERTUTUP
3333,29.4,81.9,1163,93,"2025-11-25 14:09:02",180,0,0,TERBUKA,TERTUTUP
3334,29.4,81.6,1298,92,"2025-11-25 14:09:16",180,0,0,TERBUKA,TERTUTUP
3335,29.4,81.9,1471,101,"2025-11-25 14:09:26",180,0,0,TERBUKA,TERTUTUP
3336,29.5,81.3,1494,93,"2025-11-25 14:09:34",180,0,0,TERBUKA,TERTUTUP
3337,29.5,80.9,1290,95,"2025-11-25 14:09:46",180,0,0,TERBUKA,TERTUTUP
3338,29.5,81.9,1105,73,"2025-11-25 14:09:58",180,0,0,TERBUKA,TERTUTUP
3339,29.5,80.8,1188,87,"2025-11-25 14:10:13",180,0,0,TERBUKA,TERTUTUP
3340,29.5,79.9,1094,85,"2025-11-25 14:10:21",180,0,0,TERBUKA,TERTUTUP
3341,29.5,80.7,1240,91,"2025-11-25 14:10:56",180,0,0,TERBUKA,TERTUTUP
3342,29.4,80.8,1569,87,"2025-11-25 14:11:08",180,0,0,TERBUKA,TERTUTUP
3343,29.4,80,2096,91,"2025-11-25 14:11:21",180,0,0,TERBUKA,TERTUTUP
3344,29.4,80.2,1424,92,"2025-11-25 14:11:32",180,0,0,TERBUKA,TERTUTUP
3345,29.4,80.1,1350,4095,"2025-11-25 14:11:41",180,0,0,TERBUKA,TERTUTUP
3346,29.4,79.8,1269,82,"2025-11-25 14:11:53",180,0,0,TERBUKA,TERTUTUP
3347,29.3,80.2,1095,4095,"2025-11-25 14:12:00",180,0,0,TERBUKA,TERTUTUP
3348,29.3,80.1,1103,70,"2025-11-25 14:12:08",180,0,0,TERBUKA,TERTUTUP
3349,29.3,80.5,1131,102,"2025-11-25 14:12:15",180,0,0,TERBUKA,TERTUTUP
3350,29.3,80,1129,87,"2025-11-25 14:12:20",180,0,0,TERBUKA,TERTUTUP
3351,29.3,80.2,1196,4095,"2025-11-25 14:12:26",180,0,0,TERBUKA,TERTUTUP
3352,29.3,81.1,1411,4095,"2025-11-25 14:12:33",180,0,0,TERBUKA,TERTUTUP
3353,29.4,80.8,1089,4095,"2025-11-25 14:12:40",180,0,0,TERBUKA,TERTUTUP
3354,29.3,80.5,1169,4095,"2025-11-25 14:12:46",180,0,0,TERBUKA,TERTUTUP
3355,29.3,80.5,1481,101,"2025-11-25 14:12:53",180,0,0,TERBUKA,TERTUTUP
3356,29.4,81.2,1218,107,"2025-11-25 14:12:59",180,0,0,TERBUKA,TERTUTUP
3357,29.3,80.7,1206,103,"2025-11-25 14:13:05",180,0,0,TERBUKA,TERTUTUP
3358,29.4,80.7,1199,95,"2025-11-25 14:13:11",180,0,0,TERBUKA,TERTUTUP
3359,29.4,79.2,1145,97,"2025-11-25 14:13:18",180,0,0,TERBUKA,TERTUTUP
3360,29.4,80.2,1665,90,"2025-11-25 14:13:23",180,0,0,TERBUKA,TERTUTUP
3361,29.4,80.5,1444,92,"2025-11-25 14:13:29",180,0,0,TERBUKA,TERTUTUP
3362,29.4,80.7,1263,87,"2025-11-25 14:13:36",180,0,0,TERBUKA,TERTUTUP
3363,29.4,80.4,1257,77,"2025-11-25 14:13:42",180,0,0,TERBUKA,TERTUTUP
3364,29.4,80.7,1267,78,"2025-11-25 14:13:49",180,0,0,TERBUKA,TERTUTUP
3365,29.4,80.2,1297,4095,"2025-11-25 14:13:55",180,0,0,TERBUKA,TERTUTUP
3366,29.4,80.7,1313,4095,"2025-11-25 14:14:02",180,0,0,TERBUKA,TERTUTUP
3367,29.4,80.7,1875,4095,"2025-11-25 14:14:09",180,0,0,TERBUKA,TERTUTUP
3368,29.4,80.8,1843,4095,"2025-11-25 14:14:15",180,0,0,TERBUKA,TERTUTUP
3369,29.4,80.7,1765,78,"2025-11-25 14:14:26",180,0,0,TERBUKA,TERTUTUP
3370,29.4,81.3,1741,77,"2025-11-25 14:14:34",180,0,0,TERBUKA,TERTUTUP
3371,29.4,81.4,1806,99,"2025-11-25 14:14:40",180,0,0,TERBUKA,TERTUTUP
3372,29.4,81.8,1352,4095,"2025-11-25 14:14:49",180,0,0,TERBUKA,TERTUTUP
3373,29.4,81.7,1291,4095,"2025-11-25 14:15:01",180,0,0,TERBUKA,TERTUTUP
3374,29.4,81.2,1262,4095,"2025-11-25 14:15:20",180,0,0,TERBUKA,TERTUTUP
3375,29.4,81.7,1208,4095,"2025-11-25 14:15:25",180,90,0,TERBUKA,TERBUKA
3376,29.4,80.2,1218,4095,"2025-11-25 14:15:38",180,90,0,TERBUKA,TERBUKA
3377,29.4,80.2,1218,4095,"2025-11-25 14:15:43",180,0,0,TERBUKA,TERTUTUP
3378,29.3,81.4,1109,4095,"2025-11-25 14:15:50",180,0,0,TERBUKA,TERTUTUP
3379,29.4,81.3,1048,95,"2025-11-25 14:16:00",180,0,0,TERBUKA,TERTUTUP
3380,29.4,81.2,1155,88,"2025-11-25 14:16:12",180,0,0,TERBUKA,TERTUTUP
3381,29.4,80.7,1098,79,"2025-11-25 14:16:21",180,0,0,TERBUKA,TERTUTUP
3382,29.4,80.8,1100,0,"2025-11-25 14:17:12",0,0,0,TERTUTUP,TERTUTUP
3383,29.3,81.2,1117,0,"2025-11-25 14:17:18",0,0,0,TERTUTUP,TERTUTUP
3384,29.3,80.9,1121,0,"2025-11-25 14:17:25",0,0,0,TERTUTUP,TERTUTUP
3385,29.3,81.3,1081,0,"2025-11-25 14:17:31",0,0,0,TERTUTUP,TERTUTUP
3386,29.3,81.8,1083,0,"2025-11-25 14:17:36",0,0,0,TERTUTUP,TERTUTUP
3387,29.3,81.8,1082,0,"2025-11-25 14:17:45",0,0,0,TERTUTUP,TERTUTUP
3388,29.3,80.5,1110,0,"2025-11-25 14:17:51",0,0,0,TERTUTUP,TERTUTUP
3389,29.4,80.4,1152,0,"2025-11-25 14:17:57",0,0,0,TERTUTUP,TERTUTUP
3390,29.4,81.3,1096,0,"2025-11-25 14:18:03",0,0,0,TERTUTUP,TERTUTUP
3391,29.4,81.8,1094,0,"2025-11-25 14:18:09",0,0,0,TERTUTUP,TERTUTUP
3392,29.4,81.9,1099,0,"2025-11-25 14:18:14",0,0,0,TERTUTUP,TERTUTUP
3393,29.4,81.9,1078,0,"2025-11-25 14:18:21",0,0,0,TERTUTUP,TERTUTUP
3394,29.4,82,1118,0,"2025-11-25 14:18:27",0,0,0,TERTUTUP,TERTUTUP
3395,29.4,81.9,1134,0,"2025-11-25 14:18:33",0,0,0,TERTUTUP,TERTUTUP
3396,29.4,82.1,1119,0,"2025-11-25 14:18:39",0,0,0,TERTUTUP,TERTUTUP
3397,29.5,80.3,1107,0,"2025-11-25 14:18:46",0,0,0,TERTUTUP,TERTUTUP
3398,29.5,80.4,1072,0,"2025-11-25 14:18:52",0,0,0,TERTUTUP,TERTUTUP
3399,29.5,80.2,1084,0,"2025-11-25 14:18:59",0,0,0,TERTUTUP,TERTUTUP
3400,29.5,79.7,1079,0,"2025-11-25 14:19:05",0,0,0,TERTUTUP,TERTUTUP
3401,29.4,79.4,1073,1,"2025-11-25 14:19:10",0,0,0,TERTUTUP,TERTUTUP
3402,29.4,79.6,1086,1,"2025-11-25 14:19:16",0,0,0,TERTUTUP,TERTUTUP
3403,29.4,79.8,1089,1,"2025-11-25 14:19:22",0,0,0,TERTUTUP,TERTUTUP
3404,29.4,79.8,1083,0,"2025-11-25 14:19:28",0,0,0,TERTUTUP,TERTUTUP
3405,29.4,80.3,1090,0,"2025-11-25 14:19:34",0,0,0,TERTUTUP,TERTUTUP
3406,29.4,80,1081,0,"2025-11-25 14:19:40",0,0,0,TERTUTUP,TERTUTUP
3407,29.3,80,1119,0,"2025-11-25 14:19:46",0,0,0,TERTUTUP,TERTUTUP
3408,29.4,80.6,1087,0,"2025-11-25 14:19:53",1,0,0,TERBUKA,TERTUTUP
3409,29.3,80.1,1098,0,"2025-11-25 14:19:59",0,0,0,TERTUTUP,TERTUTUP
3410,29.3,80.5,1111,0,"2025-11-25 14:20:09",0,1,0,TERTUTUP,TERBUKA
3411,29.3,80.3,1098,0,"2025-11-25 14:20:16",0,0,0,TERTUTUP,TERTUTUP
3412,29.3,80.8,1099,0,"2025-11-25 14:20:21",1,0,0,TERBUKA,TERTUTUP
3413,29.3,81.1,1071,0,"2025-11-25 14:20:27",0,1,0,TERTUTUP,TERBUKA
3414,29.3,81.3,1101,0,"2025-11-25 14:20:34",0,0,0,TERTUTUP,TERTUTUP
3415,29.3,80.7,1094,0,"2025-11-25 14:20:43",0,0,0,TERTUTUP,TERTUTUP
3416,29.4,81,1120,0,"2025-11-25 14:20:49",0,0,0,TERTUTUP,TERTUTUP
3417,29.4,80.8,1099,0,"2025-11-25 14:20:57",0,0,0,TERTUTUP,TERTUTUP
3418,29.4,80.8,1102,0,"2025-11-25 14:21:08",0,0,0,TERTUTUP,TERTUTUP
3419,29.4,80.7,1104,0,"2025-11-25 14:21:14",1,0,0,TERBUKA,TERTUTUP
3420,29.4,79.5,1108,0,"2025-11-25 14:21:26",1,0,0,TERBUKA,TERTUTUP
3421,29.3,80.4,1115,0,"2025-11-25 14:21:35",1,0,0,TERBUKA,TERTUTUP
3422,29.4,80.7,1125,0,"2025-11-25 14:21:43",1,0,0,TERBUKA,TERTUTUP
3423,29.3,80,1120,0,"2025-11-25 14:21:55",1,0,0,TERBUKA,TERTUTUP
3424,29.3,80.4,1137,1,"2025-11-25 14:22:06",1,0,0,TERBUKA,TERTUTUP
3425,29.3,79.6,1092,1,"2025-11-25 14:22:19",1,0,0,TERBUKA,TERTUTUP
3426,29.3,80.3,1184,1,"2025-11-25 14:22:32",0,0,0,TERTUTUP,TERTUTUP
3427,29.3,81.1,1179,1,"2025-11-25 14:22:38",0,1,0,TERTUTUP,TERBUKA
3428,29.3,80.9,1157,1,"2025-11-25 14:22:44",1,0,0,TERBUKA,TERTUTUP
3429,29.3,81.2,1104,1,"2025-11-25 14:22:56",1,0,0,TERBUKA,TERTUTUP
3430,29.3,80.9,1080,1,"2025-11-25 14:23:03",1,0,0,TERBUKA,TERTUTUP
3431,29.3,80.5,1084,0,"2025-11-25 14:23:10",1,0,0,TERBUKA,TERTUTUP
3432,29.3,80.2,1109,0,"2025-11-25 14:23:20",1,0,0,TERBUKA,TERTUTUP
3433,29.3,80.4,1074,0,"2025-11-25 14:23:27",1,0,0,TERBUKA,TERTUTUP
3434,29.3,80.1,1064,0,"2025-11-25 14:23:33",1,0,0,TERBUKA,TERTUTUP
3435,29.3,80.4,1085,0,"2025-11-25 14:23:44",1,0,0,TERBUKA,TERTUTUP
3436,29.3,80.3,1080,0,"2025-11-25 14:23:56",1,0,0,TERBUKA,TERTUTUP
3437,29.3,80.9,1051,0,"2025-11-25 14:24:03",1,0,0,TERBUKA,TERTUTUP
3438,29.2,81,1067,0,"2025-11-25 14:24:14",1,1,0,TERBUKA,TERBUKA
3439,29.2,80.9,1281,0,"2025-11-25 14:24:21",0,1,0,TERTUTUP,TERBUKA
3440,29.2,80.6,1237,0,"2025-11-25 14:24:34",0,1,0,TERTUTUP,TERBUKA
3441,29.2,80.7,1151,0,"2025-11-25 14:24:45",1,0,0,TERBUKA,TERTUTUP
3442,29.2,80.7,1146,0,"2025-11-25 14:24:55",1,0,0,TERBUKA,TERTUTUP
3443,29.2,80.6,1108,0,"2025-11-25 14:25:01",1,0,0,TERBUKA,TERTUTUP
3444,29.3,80.9,1146,0,"2025-11-25 14:25:13",1,0,0,TERBUKA,TERTUTUP
3445,29.3,81.1,1117,0,"2025-11-25 14:25:21",1,0,0,TERBUKA,TERTUTUP
3446,29.3,80.5,1110,0,"2025-11-25 14:25:28",0,0,0,TERTUTUP,TERTUTUP
3447,29.3,80.6,1116,0,"2025-11-25 14:25:37",0,0,0,TERTUTUP,TERTUTUP
3448,29.3,80.5,1122,0,"2025-11-25 14:25:42",0,0,0,TERTUTUP,TERTUTUP
3449,29.3,80.1,1139,0,"2025-11-25 14:25:48",0,0,0,TERTUTUP,TERTUTUP
3450,29.3,80.6,1318,0,"2025-11-25 14:25:54",0,0,0,TERTUTUP,TERTUTUP
3451,29.3,80.8,1194,0,"2025-11-25 14:26:01",0,0,0,TERTUTUP,TERTUTUP
3452,29.4,81.3,1402,0,"2025-11-25 14:26:10",0,0,0,TERTUTUP,TERTUTUP
3453,29.4,81.6,1573,0,"2025-11-25 14:26:23",1,0,0,TERBUKA,TERTUTUP
3454,29.4,81,1748,0,"2025-11-25 14:26:34",1,0,0,TERBUKA,TERTUTUP
3455,29.3,80.6,1935,0,"2025-11-25 14:26:42",1,1,0,TERBUKA,TERBUKA
3456,29.3,80.8,2132,0,"2025-11-25 14:26:52",1,1,1,TERBUKA,TERBUKA
3457,29.3,80.7,1662,0,"2025-11-25 14:26:58",1,0,0,TERBUKA,TERTUTUP
3458,29.3,81,1540,0,"2025-11-25 14:27:07",1,0,0,TERBUKA,TERTUTUP
3459,29.3,81.3,1477,0,"2025-11-25 14:27:13",1,0,0,TERBUKA,TERTUTUP
3460,29.3,81.2,1318,0,"2025-11-25 14:27:21",1,0,0,TERBUKA,TERTUTUP
3461,29.3,80.8,1179,0,"2025-11-25 14:27:27",1,0,0,TERBUKA,TERTUTUP
3462,29.3,81,1252,0,"2025-11-25 14:27:36",1,0,0,TERBUKA,TERTUTUP
3463,29.3,80.8,1324,0,"2025-11-25 14:27:42",1,0,0,TERBUKA,TERTUTUP
3464,29.3,80.8,1397,0,"2025-11-25 14:27:49",1,0,0,TERBUKA,TERTUTUP
3465,29.3,80.5,1598,0,"2025-11-25 14:27:55",1,0,0,TERBUKA,TERTUTUP
3466,29.4,80.6,1614,0,"2025-11-25 14:28:01",1,0,0,TERBUKA,TERTUTUP
3467,29.4,80.4,1590,0,"2025-11-25 14:28:12",1,0,0,TERBUKA,TERTUTUP
3468,29.4,79.8,1583,0,"2025-11-25 14:28:30",1,0,0,TERBUKA,TERTUTUP
3469,29.3,79.6,1560,0,"2025-11-25 14:28:39",1,0,0,TERBUKA,TERTUTUP
3470,29.3,79.6,1573,0,"2025-11-25 14:28:55",1,0,0,TERBUKA,TERTUTUP
3471,29.2,80.1,1520,0,"2025-11-25 14:29:12",1,0,0,TERBUKA,TERTUTUP
3472,29.2,79.7,1512,0,"2025-11-25 14:29:19",1,0,0,TERBUKA,TERTUTUP
3473,29.2,80.8,1474,0,"2025-11-25 14:29:27",1,0,0,TERBUKA,TERTUTUP
3474,29.2,80.8,1407,0,"2025-11-25 14:29:33",1,0,0,TERBUKA,TERTUTUP
3475,29.2,79.6,1235,0,"2025-11-25 14:29:40",1,0,0,TERBUKA,TERTUTUP
3476,29.2,79.8,1155,0,"2025-11-25 14:29:46",1,0,0,TERBUKA,TERTUTUP
3477,29.2,79,1192,0,"2025-11-25 14:29:53",1,0,0,TERBUKA,TERTUTUP
3478,29.2,79.7,1068,0,"2025-11-25 14:29:59",1,0,0,TERBUKA,TERTUTUP
3479,29.2,79.6,983,0,"2025-11-25 14:30:06",0,0,0,TERTUTUP,TERTUTUP
3480,29.2,79.7,976,0,"2025-11-25 14:30:12",0,0,0,TERTUTUP,TERTUTUP
3481,29.2,80.2,944,0,"2025-11-25 14:30:20",0,1,0,TERTUTUP,TERBUKA
3482,29.2,80.5,938,0,"2025-11-25 14:30:27",1,0,0,TERBUKA,TERTUTUP
3483,29.2,79.9,927,0,"2025-11-25 14:30:34",1,0,0,TERBUKA,TERTUTUP
3484,29.2,80.3,926,0,"2025-11-25 14:30:41",1,0,0,TERBUKA,TERTUTUP
3485,29.2,80.7,900,0,"2025-11-25 14:30:49",1,0,0,TERBUKA,TERTUTUP
3486,29.2,79.5,961,0,"2025-11-25 14:30:55",1,0,0,TERBUKA,TERTUTUP
3487,29.2,80,1090,0,"2025-11-25 14:31:03",1,0,0,TERBUKA,TERTUTUP
3488,29.2,80.9,1100,0,"2025-11-25 14:31:09",1,0,0,TERBUKA,TERTUTUP
3489,29.2,80.7,1067,0,"2025-11-25 14:31:15",1,0,0,TERBUKA,TERTUTUP
3490,29.2,80.5,1041,0,"2025-11-25 14:31:21",1,0,0,TERBUKA,TERTUTUP
3491,29.2,80.3,1065,0,"2025-11-25 14:31:28",1,0,0,TERBUKA,TERTUTUP
3492,29.2,80.3,1064,0,"2025-11-25 14:31:35",1,0,0,TERBUKA,TERTUTUP
3493,29.2,80,1065,0,"2025-11-25 14:31:43",1,0,0,TERBUKA,TERTUTUP
3494,29.2,80,936,0,"2025-11-25 14:31:49",1,0,0,TERBUKA,TERTUTUP
3495,29.2,79.8,936,0,"2025-11-25 14:31:55",1,0,0,TERBUKA,TERTUTUP
3496,29.2,79.6,967,0,"2025-11-25 14:32:04",1,0,0,TERBUKA,TERTUTUP
3497,29.2,79.5,985,0,"2025-11-25 14:32:40",1,0,0,TERBUKA,TERTUTUP
3498,29.2,80.2,1005,0,"2025-11-25 14:32:46",1,0,0,TERBUKA,TERTUTUP
3499,29.2,79.3,1031,0,"2025-11-25 14:32:54",1,0,0,TERBUKA,TERTUTUP
3500,29.2,79.5,1023,0,"2025-11-25 14:32:58",1,1,0,TERBUKA,TERBUKA
3501,29.2,79.7,1022,0,"2025-11-25 14:33:00",1,0,0,TERBUKA,TERTUTUP
3502,29.2,79.5,1048,0,"2025-11-25 14:33:06",1,1,0,TERBUKA,TERBUKA
3503,29.2,80,1011,0,"2025-11-25 14:33:13",1,1,0,TERBUKA,TERBUKA
3504,29.2,79.8,1184,0,"2025-11-25 14:33:22",1,1,0,TERBUKA,TERBUKA
3505,29.2,79.7,1159,1,"2025-11-25 14:33:27",0,1,0,TERTUTUP,TERBUKA
3506,29.2,80.5,1107,1,"2025-11-25 14:33:30",0,1,0,TERTUTUP,TERBUKA
3507,29.2,80.5,1107,1,"2025-11-25 14:33:30",0,1,0,TERTUTUP,TERBUKA
3508,29.2,80.5,1142,1,"2025-11-25 14:33:33",0,1,0,TERTUTUP,TERBUKA
3509,29.2,79.4,1084,1,"2025-11-25 14:33:35",1,1,0,TERBUKA,TERBUKA
3510,29.2,80,1063,1,"2025-11-25 14:33:41",0,1,0,TERTUTUP,TERBUKA
3511,29.2,80,1063,1,"2025-11-25 14:33:41",0,1,0,TERTUTUP,TERBUKA
3512,29.2,80,1058,1,"2025-11-25 14:33:46",0,1,0,TERTUTUP,TERBUKA
3513,29.2,79.9,1066,1,"2025-11-25 14:33:49",0,1,0,TERTUTUP,TERBUKA
3514,29.2,79.9,1066,1,"2025-11-25 14:33:49",0,1,0,TERTUTUP,TERBUKA
3515,29.2,79.9,1031,0,"2025-11-25 14:33:55",1,1,0,TERBUKA,TERBUKA
3516,29.2,80.3,1038,0,"2025-11-25 14:34:01",1,1,0,TERBUKA,TERBUKA
3517,29.2,79.7,1032,0,"2025-11-25 14:34:06",1,1,0,TERBUKA,TERBUKA
3518,29.2,79.7,1008,0,"2025-11-25 14:34:08",0,1,0,TERTUTUP,TERBUKA
3519,29.2,80.7,1033,0,"2025-11-25 14:34:11",1,1,0,TERBUKA,TERBUKA
3520,29.2,80.9,1010,0,"2025-11-25 14:34:14",1,1,0,TERBUKA,TERBUKA
3521,29.2,80.9,1010,0,"2025-11-25 14:34:15",1,1,0,TERBUKA,TERBUKA
3522,29.2,79.9,1042,0,"2025-11-25 14:34:19",1,1,0,TERBUKA,TERBUKA
3523,29.2,79.7,1037,0,"2025-11-25 14:34:22",1,1,0,TERBUKA,TERBUKA
3524,29.2,79.7,1037,0,"2025-11-25 14:34:23",1,1,0,TERBUKA,TERBUKA
3525,29.2,79.3,1024,0,"2025-11-25 14:34:25",1,1,0,TERBUKA,TERBUKA
3526,29.2,80,1028,0,"2025-11-25 14:34:29",1,1,0,TERBUKA,TERBUKA
3527,29.2,80,1028,0,"2025-11-25 14:34:29",1,1,0,TERBUKA,TERBUKA
3528,29.2,79.4,1034,0,"2025-11-25 14:34:33",1,1,0,TERBUKA,TERBUKA
3529,29.2,79.3,1008,0,"2025-11-25 14:34:41",0,1,0,TERTUTUP,TERBUKA
3530,29.2,79.4,1038,0,"2025-11-25 14:34:46",1,1,0,TERBUKA,TERBUKA
3531,29.2,79.5,1062,0,"2025-11-25 14:34:48",0,1,0,TERTUTUP,TERBUKA
3532,29.2,80.1,1053,0,"2025-11-25 14:34:50",1,1,0,TERBUKA,TERBUKA
3533,29.2,80.1,1056,0,"2025-11-25 14:34:54",1,1,0,TERBUKA,TERBUKA
3534,29.2,80.1,1056,0,"2025-11-25 14:34:55",1,1,0,TERBUKA,TERBUKA
3535,29.2,79.8,1033,0,"2025-11-25 14:34:59",1,0,0,TERBUKA,TERTUTUP
3536,29.2,79.8,1070,0,"2025-11-25 14:35:01",0,1,0,TERTUTUP,TERBUKA
3537,29.2,79.8,1070,0,"2025-11-25 14:35:01",0,1,0,TERTUTUP,TERBUKA
3538,29.2,79.9,1041,0,"2025-11-25 14:35:03",1,0,0,TERBUKA,TERTUTUP
3539,29.2,79.6,1044,0,"2025-11-25 14:35:07",1,0,0,TERBUKA,TERTUTUP
3540,29.2,79.6,1044,0,"2025-11-25 14:35:07",1,0,0,TERBUKA,TERTUTUP
3541,29.2,79.4,1007,0,"2025-11-25 14:35:11",1,0,0,TERBUKA,TERTUTUP
3542,29.2,79.4,1007,0,"2025-11-25 14:35:11",1,1,0,TERBUKA,TERBUKA
3543,29.2,79.6,1016,0,"2025-11-25 14:35:13",0,0,0,TERTUTUP,TERTUTUP
3544,29.2,79.6,1051,0,"2025-11-25 14:35:15",1,0,0,TERBUKA,TERTUTUP
3545,29.1,80.4,1030,0,"2025-11-25 14:35:24",1,0,0,TERBUKA,TERTUTUP
3546,29.1,80.4,1030,0,"2025-11-25 14:35:25",1,0,0,TERBUKA,TERTUTUP
3547,29.2,80.3,1044,0,"2025-11-25 14:35:28",1,0,0,TERBUKA,TERTUTUP
3548,29.1,80.1,1035,0,"2025-11-25 14:35:30",1,0,0,TERBUKA,TERTUTUP
3549,29.1,80.1,1035,0,"2025-11-25 14:35:31",1,0,0,TERBUKA,TERTUTUP
3550,29.2,80.4,1057,0,"2025-11-25 14:35:42",1,0,0,TERBUKA,TERTUTUP
3551,29.1,80.3,1062,0,"2025-11-25 14:35:48",1,0,0,TERBUKA,TERTUTUP
3552,29.1,80.3,1062,0,"2025-11-25 14:35:49",1,0,0,TERBUKA,TERTUTUP
3553,29.1,80.4,1051,0,"2025-11-25 14:35:51",1,0,0,TERBUKA,TERTUTUP
3554,29.2,80.3,1053,0,"2025-11-25 14:35:57",1,0,0,TERBUKA,TERTUTUP
3555,29.2,80.3,1078,0,"2025-11-25 14:36:04",1,0,0,TERBUKA,TERTUTUP
3556,29.2,80.3,1078,0,"2025-11-25 14:36:04",1,0,0,TERBUKA,TERTUTUP
3557,29.2,80.2,1074,0,"2025-11-25 14:36:07",1,0,0,TERBUKA,TERTUTUP
3558,29.2,80,1070,0,"2025-11-25 14:36:18",1,0,0,TERBUKA,TERTUTUP
3559,29.2,80,1070,0,"2025-11-25 14:36:21",1,0,0,TERBUKA,TERTUTUP
3560,29.2,80.5,1089,0,"2025-11-25 14:36:23",1,0,0,TERBUKA,TERTUTUP
3561,29.2,79.6,1063,0,"2025-11-25 14:36:32",1,0,0,TERBUKA,TERTUTUP
3562,29.2,79.6,1063,0,"2025-11-25 14:36:36",1,0,0,TERBUKA,TERTUTUP
3563,29.2,79.5,1048,0,"2025-11-25 14:36:49",1,0,0,TERBUKA,TERTUTUP
3564,29.2,80.6,1117,0,"2025-11-25 14:37:02",1,0,0,TERBUKA,TERTUTUP
3565,29.2,80.6,1117,0,"2025-11-25 14:37:09",1,0,0,TERBUKA,TERTUTUP
3566,29.2,79.6,1083,0,"2025-11-25 14:37:16",1,0,0,TERBUKA,TERTUTUP
3567,29.2,79.8,1082,0,"2025-11-25 14:37:19",1,0,0,TERBUKA,TERTUTUP
3568,29.1,79.8,1078,0,"2025-11-25 14:37:31",1,0,0,TERBUKA,TERTUTUP
3569,29.1,79.8,1078,0,"2025-11-25 14:37:32",1,1,0,TERBUKA,TERBUKA
3570,29.1,79.8,1078,0,"2025-11-25 14:37:36",1,1,0,TERBUKA,TERBUKA
3571,29.2,79.8,1086,0,"2025-11-25 14:37:38",1,0,0,TERBUKA,TERTUTUP
3572,29.2,80.3,1068,0,"2025-11-25 14:38:00",1,1,0,TERBUKA,TERBUKA
3573,29.2,80.4,1065,0,"2025-11-25 14:38:09",1,1,0,TERBUKA,TERBUKA
3574,29.1,80.4,1143,0,"2025-11-25 14:38:13",1,0,0,TERBUKA,TERTUTUP
3575,29.2,80.2,1106,0,"2025-11-25 14:38:19",1,0,0,TERBUKA,TERTUTUP
3576,29.2,80.2,1106,0,"2025-11-25 14:38:20",1,0,0,TERBUKA,TERTUTUP
3577,29.2,79.9,1099,0,"2025-11-25 14:38:23",1,0,0,TERBUKA,TERTUTUP
3578,29.1,80.1,1069,0,"2025-11-25 14:38:31",1,0,0,TERBUKA,TERTUTUP
3579,29.2,79.5,1057,0,"2025-11-25 14:39:01",1,0,0,TERBUKA,TERTUTUP
3580,29.2,79.5,1057,0,"2025-11-25 14:39:02",1,0,0,TERBUKA,TERTUTUP
3581,29.2,80,1042,0,"2025-11-25 14:39:11",1,0,0,TERBUKA,TERTUTUP
3582,29.2,80,1042,0,"2025-11-25 14:39:15",1,0,0,TERBUKA,TERTUTUP
3583,29.1,79.6,1067,0,"2025-11-25 14:39:23",1,0,0,TERBUKA,TERTUTUP
3584,29.1,79.6,1067,0,"2025-11-25 14:39:27",1,0,0,TERBUKA,TERTUTUP
3585,29.2,79.9,1029,0,"2025-11-25 14:39:41",1,0,0,TERBUKA,TERTUTUP
3586,29.2,79.9,1029,0,"2025-11-25 14:39:44",1,0,0,TERBUKA,TERTUTUP
3587,29.1,79.6,1039,0,"2025-11-25 14:39:46",1,0,0,TERBUKA,TERTUTUP
3588,29.1,80.2,1042,0,"2025-11-25 14:39:53",1,0,0,TERBUKA,TERTUTUP
3589,29.1,80.2,1042,0,"2025-11-25 14:39:54",1,0,0,TERBUKA,TERTUTUP
3590,29.1,80.2,982,0,"2025-11-25 14:39:57",1,0,0,TERBUKA,TERTUTUP
3591,29.2,79.6,1002,0,"2025-11-25 14:40:03",1,0,0,TERBUKA,TERTUTUP
3592,29.2,79.6,1002,0,"2025-11-25 14:40:06",1,0,0,TERBUKA,TERTUTUP
3593,29.2,79.8,970,0,"2025-11-25 14:40:20",1,0,0,TERBUKA,TERTUTUP
3594,29.1,79.8,961,0,"2025-11-25 14:40:27",1,0,0,TERBUKA,TERTUTUP
3595,29.1,79.8,961,0,"2025-11-25 14:40:27",1,0,0,TERBUKA,TERTUTUP
3596,29.2,80,985,0,"2025-11-25 14:40:33",1,0,0,TERBUKA,TERTUTUP
3597,29.2,80,985,0,"2025-11-25 14:40:36",1,0,0,TERBUKA,TERTUTUP
3598,29.2,80.3,976,0,"2025-11-25 14:40:41",1,1,0,TERBUKA,TERBUKA
3599,29.2,80.3,976,0,"2025-11-25 14:40:42",1,1,0,TERBUKA,TERBUKA
3600,29.2,80.7,972,0,"2025-11-25 14:40:46",1,0,0,TERBUKA,TERTUTUP
3601,29.2,80.7,972,0,"2025-11-25 14:40:48",1,1,0,TERBUKA,TERBUKA
3602,29.2,80.7,972,0,"2025-11-25 14:40:49",1,1,0,TERBUKA,TERBUKA
3603,29.2,80.3,981,0,"2025-11-25 14:40:58",1,0,0,TERBUKA,TERTUTUP
3604,29.2,80.3,981,0,"2025-11-25 14:41:08",1,0,0,TERBUKA,TERTUTUP
3605,29.2,80.1,946,0,"2025-11-25 14:41:20",1,1,0,TERBUKA,TERBUKA
3606,29.2,79.7,1009,0,"2025-11-25 14:41:25",1,0,0,TERBUKA,TERTUTUP
3607,29.2,79.9,954,0,"2025-11-25 14:41:32",1,0,0,TERBUKA,TERTUTUP
3608,29.2,79.9,954,0,"2025-11-25 14:41:34",1,0,0,TERBUKA,TERTUTUP
3609,29.2,79.8,956,0,"2025-11-25 14:41:40",1,0,0,TERBUKA,TERTUTUP
3610,29.2,79.8,956,0,"2025-11-25 14:41:40",1,1,0,TERBUKA,TERBUKA
3611,29.2,79.8,956,0,"2025-11-25 14:41:42",1,1,0,TERBUKA,TERBUKA
3612,29.2,80.1,965,0,"2025-11-25 14:41:53",1,0,0,TERBUKA,TERTUTUP
3613,29.2,80.1,965,0,"2025-11-25 14:42:04",1,0,0,TERBUKA,TERTUTUP
3614,29.2,80,940,0,"2025-11-25 14:42:11",1,0,0,TERBUKA,TERTUTUP
3615,29.2,80,940,0,"2025-11-25 14:42:12",1,0,0,TERBUKA,TERTUTUP
3616,29.2,79.8,961,0,"2025-11-25 14:42:21",1,0,0,TERBUKA,TERTUTUP
3617,29.2,79.7,947,0,"2025-11-25 14:42:24",1,0,0,TERBUKA,TERTUTUP
3618,29.2,79.4,968,0,"2025-11-25 14:42:29",1,0,0,TERBUKA,TERTUTUP
3619,29.2,79.4,968,0,"2025-11-25 14:42:29",1,0,0,TERBUKA,TERTUTUP
3620,29.2,79.3,944,0,"2025-11-25 14:42:42",1,0,0,TERBUKA,TERTUTUP
3621,29.2,79.8,1059,0,"2025-11-25 14:42:47",1,0,0,TERBUKA,TERTUTUP
3622,29.2,80.4,1084,0,"2025-11-25 14:42:55",1,1,0,TERBUKA,TERBUKA
3623,29.2,80.4,1084,0,"2025-11-25 14:43:00",1,1,0,TERBUKA,TERBUKA
3624,29.3,81.1,1193,0,"2025-11-25 14:43:13",1,0,0,TERBUKA,TERTUTUP
3625,29.3,81.1,1193,0,"2025-11-25 14:43:14",1,0,0,TERBUKA,TERTUTUP
3626,29.3,81.4,1116,0,"2025-11-25 14:43:19",1,0,0,TERBUKA,TERTUTUP
3627,29.3,81.4,1116,0,"2025-11-25 14:43:24",1,0,0,TERBUKA,TERTUTUP
3628,29.3,81,1118,0,"2025-11-25 14:43:39",1,0,0,TERBUKA,TERTUTUP
3629,29.3,81,1118,0,"2025-11-25 14:43:41",1,0,0,TERBUKA,TERTUTUP
3630,29.3,80.6,1040,0,"2025-11-25 14:43:44",1,0,0,TERBUKA,TERTUTUP
3631,29.3,80.6,1040,0,"2025-11-25 14:43:47",1,1,0,TERBUKA,TERBUKA
3632,29.3,80.6,1040,0,"2025-11-25 14:43:47",1,1,0,TERBUKA,TERBUKA
3633,29.3,81.5,1038,0,"2025-11-25 14:43:51",1,0,0,TERBUKA,TERTUTUP
3634,29.4,80.5,1050,0,"2025-11-25 14:43:54",0,0,0,TERTUTUP,TERTUTUP
3635,29.4,80.1,1066,0,"2025-11-25 14:44:01",1,0,0,TERBUKA,TERTUTUP
3636,29.4,80.1,1066,0,"2025-11-25 14:44:01",1,0,0,TERBUKA,TERTUTUP
3637,29.4,80.1,1036,0,"2025-11-25 14:44:07",1,0,0,TERBUKA,TERTUTUP
3638,29.4,80.1,1036,0,"2025-11-25 14:44:07",1,0,0,TERBUKA,TERTUTUP
3639,29.4,80,1082,0,"2025-11-25 14:44:11",1,0,0,TERBUKA,TERTUTUP
3640,29.4,80.6,1077,0,"2025-11-25 14:44:15",1,0,0,TERBUKA,TERTUTUP
3641,29.4,80.6,1077,0,"2025-11-25 14:44:16",1,0,0,TERBUKA,TERTUTUP
3642,29.5,80.2,1085,0,"2025-11-25 14:44:18",1,0,0,TERBUKA,TERTUTUP
3643,29.5,80.1,1157,0,"2025-11-25 14:44:22",1,0,0,TERBUKA,TERTUTUP
3644,29.5,80.1,1157,0,"2025-11-25 14:44:22",1,0,0,TERBUKA,TERTUTUP
3645,29.5,80.5,1040,0,"2025-11-25 14:44:28",1,0,0,TERBUKA,TERTUTUP
3646,29.5,80.5,1040,0,"2025-11-25 14:44:29",1,0,0,TERBUKA,TERTUTUP
3647,29.4,80.6,1201,0,"2025-11-25 14:44:34",1,0,0,TERBUKA,TERTUTUP
3648,29.4,80.6,1201,0,"2025-11-25 14:44:35",1,0,0,TERBUKA,TERTUTUP
3649,29.5,79.7,1174,0,"2025-11-25 14:44:40",1,0,0,TERBUKA,TERTUTUP
3650,29.5,79.7,1174,0,"2025-11-25 14:44:40",1,0,0,TERBUKA,TERTUTUP
3651,29.4,79.8,1221,0,"2025-11-25 14:44:44",1,0,0,TERBUKA,TERTUTUP
3652,29.4,79.9,1219,0,"2025-11-25 14:44:47",0,0,0,TERTUTUP,TERTUTUP
3653,29.5,80.4,1216,0,"2025-11-25 14:44:55",1,0,0,TERBUKA,TERTUTUP
3654,29.5,80.4,1216,0,"2025-11-25 14:44:59",1,0,0,TERBUKA,TERTUTUP
3655,29.5,80.8,1281,0,"2025-11-25 14:45:08",1,0,0,TERBUKA,TERTUTUP
3656,29.4,79.4,1233,0,"2025-11-25 14:45:16",1,0,0,TERBUKA,TERTUTUP
3657,29.5,81.2,1305,0,"2025-11-25 14:45:20",1,0,0,TERBUKA,TERTUTUP
3658,29.5,81.2,1305,0,"2025-11-25 14:45:22",1,0,0,TERBUKA,TERTUTUP
3659,29.5,80,1245,0,"2025-11-25 14:45:57",0,0,0,TERTUTUP,TERTUTUP
3660,29.4,79.6,1239,0,"2025-11-25 14:46:07",0,0,0,TERTUTUP,TERTUTUP
3661,29.5,79.4,1323,0,"2025-11-25 14:46:22",0,0,0,TERTUTUP,TERTUTUP
3662,29.4,79.9,1502,0,"2025-11-25 14:46:37",1,0,0,TERBUKA,TERTUTUP
3663,29.4,80.1,1692,0,"2025-11-25 14:46:51",1,0,0,TERBUKA,TERTUTUP
3664,29.3,80,1517,1,"2025-11-25 14:46:59",0,0,0,TERTUTUP,TERTUTUP
3665,29.3,80,1517,1,"2025-11-25 14:46:59",0,0,0,TERTUTUP,TERTUTUP
3666,29.4,80.3,1127,0,"2025-11-25 14:47:19",1,0,0,TERBUKA,TERTUTUP
3667,29.3,79.7,1084,0,"2025-11-25 14:47:23",1,0,0,TERBUKA,TERTUTUP
3668,29.3,80.7,1120,0,"2025-11-25 14:47:29",1,0,0,TERBUKA,TERTUTUP
3669,29.3,80.6,1105,0,"2025-11-25 14:47:40",1,0,0,TERBUKA,TERTUTUP
3670,29.4,80.9,1360,0,"2025-11-25 14:47:48",1,0,0,TERBUKA,TERTUTUP
3671,29.4,80.4,1391,0,"2025-11-25 14:47:54",1,0,0,TERBUKA,TERTUTUP
3672,29.4,80.1,1406,0,"2025-11-25 14:48:01",1,0,0,TERBUKA,TERTUTUP
3673,29.4,79.7,1348,0,"2025-11-25 14:48:11",1,0,0,TERBUKA,TERTUTUP
3674,29.4,80.2,1349,0,"2025-11-25 14:48:17",1,0,0,TERBUKA,TERTUTUP
3675,29.4,80.2,1305,0,"2025-11-25 14:48:24",1,0,0,TERBUKA,TERTUTUP
3676,29.4,80.8,1285,0,"2025-11-25 14:48:31",1,0,0,TERBUKA,TERTUTUP
3677,29.5,80.4,1358,0,"2025-11-25 14:48:38",1,0,0,TERBUKA,TERTUTUP
3678,29.5,80.5,1350,0,"2025-11-25 14:48:44",1,0,0,TERBUKA,TERTUTUP
3679,29.5,80.6,1319,0,"2025-11-25 14:48:51",1,0,0,TERBUKA,TERTUTUP
3680,29.5,80,1298,0,"2025-11-25 14:48:57",1,0,0,TERBUKA,TERTUTUP
3681,29.5,80.8,1169,0,"2025-11-25 14:49:04",1,0,0,TERBUKA,TERTUTUP
3682,29.5,80.2,1117,0,"2025-11-25 14:49:10",1,0,0,TERBUKA,TERTUTUP
3683,29.5,80.4,1124,0,"2025-11-25 14:49:16",1,0,0,TERBUKA,TERTUTUP
3684,29.5,80.4,1139,0,"2025-11-25 14:49:23",1,0,0,TERBUKA,TERTUTUP
3685,29.5,80.2,1161,0,"2025-11-25 14:49:30",1,0,0,TERBUKA,TERTUTUP
3686,29.5,80,1195,0,"2025-11-25 14:49:36",1,0,0,TERBUKA,TERTUTUP
3687,29.5,80,1224,0,"2025-11-25 14:49:42",1,0,0,TERBUKA,TERTUTUP
3688,29.6,79.9,1181,0,"2025-11-25 14:49:51",1,0,0,TERBUKA,TERTUTUP
3689,29.6,80.3,1183,0,"2025-11-25 14:49:57",1,0,0,TERBUKA,TERTUTUP
3690,29.6,79.9,1190,0,"2025-11-25 14:50:03",1,0,0,TERBUKA,TERTUTUP
3691,29.6,79.8,1149,0,"2025-11-25 14:50:09",1,0,0,TERBUKA,TERTUTUP
3692,29.5,79.9,1100,0,"2025-11-25 14:50:15",1,0,0,TERBUKA,TERTUTUP
3693,29.6,80,1082,0,"2025-11-25 14:50:23",1,0,0,TERBUKA,TERTUTUP
3694,29.6,79.4,1066,0,"2025-11-25 14:50:33",1,0,0,TERBUKA,TERTUTUP
3695,29.6,79.8,1121,0,"2025-11-25 14:50:40",1,0,0,TERBUKA,TERTUTUP
3696,29.6,79.6,1084,0,"2025-11-25 14:50:49",1,0,0,TERBUKA,TERTUTUP
3697,29.6,79.9,1131,0,"2025-11-25 14:50:58",1,0,0,TERBUKA,TERTUTUP
3698,29.6,80.1,1222,0,"2025-11-25 14:51:04",1,0,0,TERBUKA,TERTUTUP
3699,29.6,79.7,1143,0,"2025-11-25 14:51:11",1,0,0,TERBUKA,TERTUTUP
3700,29.6,79.6,1118,0,"2025-11-25 14:51:18",1,0,0,TERBUKA,TERTUTUP
3701,29.6,79.7,1097,0,"2025-11-25 14:51:27",1,0,0,TERBUKA,TERTUTUP
3702,29.5,79,1363,0,"2025-11-25 14:51:34",1,0,0,TERBUKA,TERTUTUP
3703,29.5,79.3,1113,0,"2025-11-25 14:51:41",1,0,0,TERBUKA,TERTUTUP
3704,29.5,79.6,1097,0,"2025-11-25 14:51:48",1,0,0,TERBUKA,TERTUTUP
3705,29.5,79.1,1086,0,"2025-11-25 14:51:56",1,0,0,TERBUKA,TERTUTUP
3706,29.5,80.4,1190,0,"2025-11-25 14:52:02",1,0,0,TERBUKA,TERTUTUP
3707,29.5,79.8,1231,0,"2025-11-25 14:52:11",1,0,0,TERBUKA,TERTUTUP
3708,29.5,80.2,1232,0,"2025-11-25 14:52:22",1,0,0,TERBUKA,TERTUTUP
3709,29.5,81,1161,0,"2025-11-25 14:52:30",1,0,0,TERBUKA,TERTUTUP
3710,29.5,79.9,1232,0,"2025-11-25 14:52:36",1,0,0,TERBUKA,TERTUTUP
3711,29.5,79.6,1325,0,"2025-11-25 14:52:53",1,0,0,TERBUKA,TERTUTUP
3712,29.5,80.1,1575,0,"2025-11-25 14:53:02",1,0,0,TERBUKA,TERTUTUP
3713,29.4,80,1750,0,"2025-11-25 14:53:13",1,0,0,TERBUKA,TERTUTUP
3714,29.4,79.7,1738,0,"2025-11-25 14:53:23",1,0,0,TERBUKA,TERTUTUP
3715,29.4,81,1786,0,"2025-11-25 14:53:36",1,0,0,TERBUKA,TERTUTUP
3716,29.4,80.7,1796,0,"2025-11-25 14:53:45",1,0,0,TERBUKA,TERTUTUP
3717,29.4,81.5,1823,0,"2025-11-25 14:54:16",1,0,0,TERBUKA,TERTUTUP
3718,29.3,80.4,1789,0,"2025-11-25 14:54:17",1,0,0,TERBUKA,TERTUTUP
3719,29.3,81.1,1806,0,"2025-11-25 14:54:43",1,0,0,TERBUKA,TERTUTUP
3720,29.3,80.1,1733,0,"2025-11-25 14:54:44",1,0,0,TERBUKA,TERTUTUP
3721,29.3,80.8,1705,0,"2025-11-25 14:54:51",1,0,0,TERBUKA,TERTUTUP
3722,29.3,80,1931,0,"2025-11-25 14:55:09",1,0,0,TERBUKA,TERTUTUP
3723,29.3,81.9,1911,0,"2025-11-25 14:55:18",1,0,0,TERBUKA,TERTUTUP
3724,29.3,82.2,1948,0,"2025-11-25 14:55:24",1,0,0,TERBUKA,TERTUTUP
3725,29.3,81.3,1914,0,"2025-11-25 14:55:32",1,0,0,TERBUKA,TERTUTUP
3726,29.3,81.1,1949,0,"2025-11-25 14:55:39",1,0,0,TERBUKA,TERTUTUP
3727,29.3,81.9,1952,0,"2025-11-25 14:55:45",1,0,0,TERBUKA,TERTUTUP
3728,29.3,81.7,2009,0,"2025-11-25 14:55:52",1,0,0,TERBUKA,TERTUTUP
3729,29.3,81.1,2663,0,"2025-11-25 14:56:21",1,1,1,TERBUKA,TERBUKA
3730,29.3,81.2,2101,0,"2025-11-25 14:56:23",1,0,1,TERBUKA,TERTUTUP
3731,29.3,81.1,2663,0,"2025-11-25 14:56:31",1,0,1,TERBUKA,TERTUTUP
3732,29.3,82,3156,0,"2025-11-25 14:56:36",1,1,1,TERBUKA,TERBUKA
3733,29.3,82.1,2399,0,"2025-11-25 14:56:39",1,1,1,TERBUKA,TERBUKA
3734,29.4,81.9,2199,0,"2025-11-25 14:56:49",1,1,1,TERBUKA,TERBUKA
3735,29.4,81.9,2199,0,"2025-11-25 14:56:49",1,1,1,TERBUKA,TERBUKA
3736,29.4,81,2108,0,"2025-11-25 14:56:59",1,0,1,TERBUKA,TERTUTUP
3737,29.4,81.1,2170,0,"2025-11-25 14:57:02",1,1,1,TERBUKA,TERBUKA
3738,29.4,80.7,2184,0,"2025-11-25 14:57:07",1,0,1,TERBUKA,TERTUTUP
3739,29.4,80.2,2082,0,"2025-11-25 14:57:13",1,0,1,TERBUKA,TERTUTUP
3740,29.4,80.5,1995,0,"2025-11-25 14:57:19",1,0,1,TERBUKA,TERTUTUP
3741,29.3,80.5,2217,0,"2025-11-25 14:57:30",1,1,1,TERBUKA,TERBUKA
3742,29.3,80.5,2217,0,"2025-11-25 14:57:31",1,1,1,TERBUKA,TERBUKA
3743,29.3,80.6,2952,0,"2025-11-25 14:57:37",1,0,1,TERBUKA,TERTUTUP
3744,29.3,81.1,2913,0,"2025-11-25 14:57:43",1,0,1,TERBUKA,TERTUTUP
3745,29.3,80.6,2852,0,"2025-11-25 14:57:49",1,0,1,TERBUKA,TERTUTUP
3746,29.3,80.5,2792,0,"2025-11-25 14:57:56",1,0,1,TERBUKA,TERTUTUP
3747,29.3,81.2,2821,0,"2025-11-25 14:58:02",1,0,1,TERBUKA,TERTUTUP
3748,29.3,81.1,2227,0,"2025-11-25 14:58:08",1,1,1,TERBUKA,TERBUKA
3749,29.3,81.1,2227,0,"2025-11-25 14:58:08",1,1,1,TERBUKA,TERBUKA
3750,29.3,81.3,2243,0,"2025-11-25 14:58:14",1,1,1,TERBUKA,TERBUKA
3751,29.3,81.3,2243,0,"2025-11-25 14:58:15",1,1,1,TERBUKA,TERBUKA
3752,29.3,80.4,2803,0,"2025-11-25 14:58:22",1,0,1,TERBUKA,TERTUTUP
3753,29.3,81.4,2683,0,"2025-11-25 14:58:28",1,0,1,TERBUKA,TERTUTUP
3754,29.3,81.2,2689,0,"2025-11-25 14:58:34",1,0,1,TERBUKA,TERTUTUP
3755,29.3,81.2,2707,0,"2025-11-25 14:58:41",1,0,1,TERBUKA,TERTUTUP
3756,29.2,81,2667,0,"2025-11-25 14:58:46",0,1,1,TERTUTUP,TERBUKA
3757,29.3,81,2693,0,"2025-11-25 14:58:53",0,0,1,TERTUTUP,TERTUTUP
3758,29.2,81.3,2490,0,"2025-11-25 14:58:58",0,0,1,TERTUTUP,TERTUTUP
3759,29.3,81.2,2236,0,"2025-11-25 14:59:04",0,0,1,TERTUTUP,TERTUTUP
3760,29.3,82.3,2835,0,"2025-11-25 14:59:10",0,0,1,TERTUTUP,TERTUTUP
3761,29.3,81.7,2603,0,"2025-11-25 14:59:18",0,0,1,TERTUTUP,TERTUTUP
3762,29.3,81.8,3030,0,"2025-11-25 14:59:25",0,0,1,TERTUTUP,TERTUTUP
3763,29.3,82.3,3022,0,"2025-11-25 14:59:31",0,0,1,TERTUTUP,TERTUTUP
3764,29.3,82.1,3172,0,"2025-11-25 14:59:37",0,0,1,TERTUTUP,TERTUTUP
3765,29.3,82.7,3302,0,"2025-11-25 14:59:43",1,0,1,TERBUKA,TERTUTUP
3766,29.3,82.7,3302,0,"2025-11-25 14:59:43",1,0,1,TERBUKA,TERTUTUP
3767,29.3,83.2,3441,0,"2025-11-25 14:59:49",1,0,1,TERBUKA,TERTUTUP
3768,29.3,83.9,3441,0,"2025-11-25 14:59:56",1,0,1,TERBUKA,TERTUTUP
3769,29.4,81.9,2858,0,"2025-11-25 15:00:02",1,0,1,TERBUKA,TERTUTUP
3770,29.4,82.4,2809,0,"2025-11-25 15:00:07",1,0,1,TERBUKA,TERTUTUP
3771,29.4,82.1,2842,0,"2025-11-25 15:00:14",1,0,1,TERBUKA,TERTUTUP
3772,29.4,81.9,2899,0,"2025-11-25 15:00:20",1,0,1,TERBUKA,TERTUTUP
3773,29.4,82.1,3250,0,"2025-11-25 15:00:22",1,1,1,TERBUKA,TERBUKA
3774,29.4,81.7,2698,0,"2025-11-25 15:00:26",1,0,1,TERBUKA,TERTUTUP
3775,29.4,82.7,2794,0,"2025-11-25 15:00:32",1,0,1,TERBUKA,TERTUTUP
3776,29.5,82.4,3144,0,"2025-11-25 15:00:37",1,0,1,TERBUKA,TERTUTUP
3777,29.5,82,2546,0,"2025-11-25 15:00:43",1,1,1,TERBUKA,TERBUKA
3778,29.5,82,2546,0,"2025-11-25 15:00:43",1,1,1,TERBUKA,TERBUKA
3779,29.5,81.5,2337,0,"2025-11-25 15:00:48",1,0,1,TERBUKA,TERTUTUP
3780,29.5,81.2,2277,0,"2025-11-25 15:00:54",1,0,1,TERBUKA,TERTUTUP
3781,29.5,81.4,2234,0,"2025-11-25 15:01:01",1,0,1,TERBUKA,TERTUTUP
3782,29.5,81.3,2191,0,"2025-11-25 15:01:07",1,0,1,TERBUKA,TERTUTUP
3783,29.5,81.2,2166,0,"2025-11-25 15:01:09",1,1,1,TERBUKA,TERBUKA
3784,29.5,80.9,2148,0,"2025-11-25 15:01:14",1,0,1,TERBUKA,TERTUTUP
3785,29.5,80.8,2102,0,"2025-11-25 15:01:17",1,1,1,TERBUKA,TERBUKA
3786,29.5,80.8,2075,0,"2025-11-25 15:01:20",0,0,1,TERTUTUP,TERTUTUP
3787,29.5,80.5,2084,0,"2025-11-25 15:01:26",1,0,1,TERBUKA,TERTUTUP
3788,29.5,80.7,2102,0,"2025-11-25 15:01:33",1,0,1,TERBUKA,TERTUTUP
3789,29.5,80.9,2458,0,"2025-11-25 15:01:39",1,0,1,TERBUKA,TERTUTUP
3790,29.5,80.6,2516,1,"2025-11-25 15:01:45",1,0,1,TERBUKA,TERTUTUP
3791,29.5,80.8,2500,1,"2025-11-25 15:01:48",0,0,1,TERTUTUP,TERTUTUP
3792,29.5,81.2,2545,1,"2025-11-25 15:01:51",0,0,1,TERTUTUP,TERTUTUP
3793,29.5,80.9,2605,1,"2025-11-25 15:01:57",0,0,1,TERTUTUP,TERTUTUP
3794,29.5,81,2669,1,"2025-11-25 15:02:03",1,0,1,TERBUKA,TERTUTUP
3795,29.5,81,2669,1,"2025-11-25 15:02:04",1,0,1,TERBUKA,TERTUTUP
3796,29.5,85.7,2968,1,"2025-11-25 15:02:09",1,0,1,TERBUKA,TERTUTUP
3797,29.5,82.3,2537,1,"2025-11-25 15:02:15",1,0,1,TERBUKA,TERTUTUP
3798,29.5,81,2545,1,"2025-11-25 15:02:20",0,0,1,TERTUTUP,TERTUTUP
3799,29.5,81,2545,1,"2025-11-25 15:02:21",0,0,1,TERTUTUP,TERTUTUP
3800,29.6,81.5,2533,1,"2025-11-25 15:02:27",0,0,1,TERTUTUP,TERTUTUP
3801,29.5,81,2312,1,"2025-11-25 15:02:33",0,0,1,TERTUTUP,TERTUTUP
3802,29.5,81.4,2145,1,"2025-11-25 15:02:39",0,0,1,TERTUTUP,TERTUTUP
3803,29.5,80.6,2254,1,"2025-11-25 15:02:45",0,0,1,TERTUTUP,TERTUTUP
3804,29.5,80.8,2438,1,"2025-11-25 15:02:52",0,0,1,TERTUTUP,TERTUTUP
3805,29.5,82,2176,1,"2025-11-25 15:02:58",0,0,1,TERTUTUP,TERTUTUP
3806,29.5,80.5,2234,1,"2025-11-25 15:03:04",0,0,1,TERTUTUP,TERTUTUP
3807,29.5,81,2092,1,"2025-11-25 15:03:09",0,0,1,TERTUTUP,TERTUTUP
3808,29.5,80.9,2171,1,"2025-11-25 15:03:16",0,0,1,TERTUTUP,TERTUTUP
3809,29.6,81.4,2200,1,"2025-11-25 15:03:25",0,0,1,TERTUTUP,TERTUTUP
3810,29.6,79.9,2824,1,"2025-11-25 15:03:32",0,0,1,TERTUTUP,TERTUTUP
3811,29.5,80.6,2528,0,"2025-11-25 15:03:34",1,0,1,TERBUKA,TERTUTUP
3812,29.5,81.1,2546,0,"2025-11-25 15:03:40",1,0,1,TERBUKA,TERTUTUP
3813,29.5,81,3093,0,"2025-11-25 15:03:45",1,0,1,TERBUKA,TERTUTUP
3814,29.5,83.2,2832,1,"2025-11-25 15:03:53",0,0,1,TERTUTUP,TERTUTUP
3815,29.5,83.2,2832,1,"2025-11-25 15:03:53",0,0,1,TERTUTUP,TERTUTUP
3816,29.5,80,2338,1,"2025-11-25 15:04:29",0,0,1,TERTUTUP,TERTUTUP
3817,29.5,80.9,2367,1,"2025-11-25 15:04:51",1,0,1,TERBUKA,TERTUTUP
